transaction_id,account_id,transaction_date,transaction_type,channel,amount,merchant_category,transaction_status
T000001,A00251,2024-06-27,UPI,Mobile,4535.66,Retail,Success
T000002,A00093,2025-10-04,NEFT,Mobile,45513.17,Education,Success
T000003,A00202,2024-04-30,IMPS,Internet Banking,34543.3,Retail,Success
T000004,A00575,2025-06-03,Debit,Branch,11740.97,Cash Withdrawal,Success
T000005,A00156,2025-12-02,NEFT,Mobile,27659.56,Healthcare,Success
T000006,A00045,2024-02-25,UPI,Mobile,276.58,Utility,Success
T000007,A00485,2024-02-14,Credit,Mobile,7652.1,Utility,Success
T000008,A00550,2024-04-28,Credit,Branch,27037.2,Loan EMI,Success
T000009,A00210,2025-11-24,NEFT,Internet Banking,39427.66,Utility,Success
T000010,A00441,2024-07-23,Debit,Branch,20511.56,Travel,Success
T000011,A00466,2024-05-28,Debit,Internet Banking,20869.37,Utility,Success
T000012,A00205,2025-10-09,Debit,ATM,10552.38,Education,Success
T000013,A00062,2024-10-14,Credit,Internet Banking,16378.43,Loan EMI,Success
T000014,A00232,2024-10-29,UPI,Mobile,312.76,Travel,Success
T000015,A00242,2024-03-29,UPI,Mobile,3952.75,Healthcare,Success
T000016,A00506,2025-04-18,Debit,Internet Banking,24495.65,Education,Success
T000017,A00234,2025-08-28,IMPS,Branch,47272.76,Utility,Success
T000018,A00503,2025-05-31,Credit,Internet Banking,12867.32,Loan EMI,Success
T000019,A00104,2025-04-08,UPI,Mobile,1470.5,Retail,Success
T000020,A00434,2024-08-11,Credit,ATM,21959.45,Education,Success
T000021,A00513,2025-11-16,Debit,Internet Banking,17563.23,Retail,Success
T000022,A00145,2025-12-21,UPI,Mobile,1117.06,Utility,Success
T000023,A00002,2025-10-04,Credit,ATM,4505.62,Retail,Success
T000024,A00578,2025-08-12,NEFT,Branch,10758.59,Utility,Success
T000025,A00057,2025-06-11,IMPS,Branch,70996.23,Education,Success
T000026,A00389,2025-04-21,UPI,Mobile,1446.14,Utility,Success
T000027,A00069,2025-07-28,ATM,ATM,1000.0,Cash Withdrawal,Success
T000028,A00575,2024-04-26,UPI,Mobile,2125.34,Travel,Success
T000029,A00341,2024-12-27,NEFT,Branch,35524.89,Healthcare,Success
T000030,A00366,2025-04-08,UPI,Mobile,448.59,Retail,Success
T000031,A00568,2024-10-26,UPI,Mobile,320.92,Utility,Failed
T000032,A00068,2024-07-11,NEFT,Mobile,24132.91,Utility,Success
T000033,A00306,2024-03-19,Credit,ATM,8464.59,Travel,Success
T000034,A00216,2025-06-17,IMPS,Internet Banking,25721.91,Education,Success
T000035,A00139,2025-04-30,Debit,Internet Banking,8634.39,Retail,Success
T000036,A00244,2025-06-16,UPI,Mobile,5438.09,Healthcare,Success
T000037,A00347,2025-05-12,UPI,Mobile,3043.76,Healthcare,Success
T000038,A00325,2024-06-24,NEFT,Internet Banking,39821.23,Healthcare,Success
T000039,A00049,2024-05-31,Debit,Internet Banking,10314.86,Utility,Success
T000040,A00571,2024-10-19,Debit,Branch,10561.69,Utility,Success
T000041,A00337,2025-08-11,Credit,ATM,17169.5,Healthcare,Success
T000042,A00036,2025-11-12,Debit,ATM,10250.07,Utility,Success
T000043,A00171,2025-06-30,Debit,Mobile,19073.55,Investment,Success
T000044,A00490,2024-11-23,Credit,ATM,13588.74,Cash Withdrawal,Success
T000045,A00154,2025-08-01,ATM,ATM,5000.0,Cash Withdrawal,Success
T000046,A00512,2024-02-11,Credit,Mobile,532265.39,Cash Withdrawal,Success
T000047,A00379,2024-04-04,Debit,Branch,9838.11,Education,Success
T000048,A00207,2024-01-24,Credit,Internet Banking,21207.34,Travel,Success
T000049,A00524,2024-11-21,UPI,Mobile,587.12,Retail,Success
T000050,A00155,2025-03-13,Debit,ATM,6860.46,Retail,Success
T000051,A00476,2025-07-28,Credit,Internet Banking,31908.26,Investment,Success
T000052,A00454,2025-02-28,Credit,Mobile,18581.42,Utility,Success
T000053,A00560,2024-12-09,Credit,Internet Banking,547164.2,Travel,Success
T000054,A00184,2025-07-23,UPI,Mobile,6383.9,Travel,Success
T000055,A00308,2025-07-21,UPI,Mobile,1434.04,Utility,Success
T000056,A00495,2024-08-17,Credit,Mobile,21176.75,Utility,Failed
T000057,A00505,2024-05-07,ATM,ATM,2000.0,Cash Withdrawal,Success
T000058,A00257,2024-01-30,Credit,ATM,22128.47,Loan EMI,Success
T000059,A00385,2025-08-18,UPI,Mobile,4310.83,Healthcare,Success
T000060,A00509,2025-12-11,NEFT,Mobile,12557.88,Retail,Success
T000061,A00273,2024-06-15,UPI,Mobile,1426.71,Travel,Success
T000062,A00142,2024-12-31,Credit,ATM,13437.57,Healthcare,Failed
T000063,A00378,2024-02-19,Debit,Mobile,27578.71,Education,Success
T000064,A00099,2025-09-05,ATM,ATM,10000.0,Cash Withdrawal,Success
T000065,A00320,2024-10-04,ATM,ATM,20000.0,Cash Withdrawal,Success
T000066,A00374,2024-05-27,Credit,ATM,14525.81,Healthcare,Success
T000067,A00171,2024-04-14,Debit,Branch,22157.39,Education,Success
T000068,A00561,2025-06-28,ATM,ATM,20000.0,Cash Withdrawal,Success
T000069,A00492,2024-03-19,Credit,Branch,4077.34,Retail,Success
T000070,A00386,2024-05-22,NEFT,Branch,26800.52,Retail,Success
T000071,A00323,2024-01-30,ATM,ATM,500.0,Cash Withdrawal,Success
T000072,A00149,2025-12-05,Debit,Branch,24440.1,Education,Success
T000073,A00118,2024-03-20,Credit,Internet Banking,9608.83,Investment,Success
T000074,A00547,2025-08-30,Credit,Mobile,10948.4,Cash Withdrawal,Success
T000075,A00011,2024-04-08,NEFT,Branch,90045.96,Investment,Success
T000076,A00372,2024-01-30,Credit,ATM,5719.0,Healthcare,Success
T000077,A00254,2025-06-01,UPI,Mobile,873.34,Retail,Success
T000078,A00564,2024-08-10,ATM,ATM,2000.0,Cash Withdrawal,Success
T000079,A00005,2024-04-11,IMPS,Branch,10434.9,Healthcare,Success
T000080,A00470,2025-11-20,IMPS,Internet Banking,92319.1,Education,Success
T000081,A00548,2024-08-21,UPI,Mobile,3005.81,Utility,Success
T000082,A00143,2025-05-22,ATM,ATM,20000.0,Cash Withdrawal,Success
T000083,A00086,2024-12-01,UPI,Mobile,2954.3,Healthcare,Success
T000084,A00332,2025-12-04,IMPS,Mobile,26227.89,Investment,Success
T000085,A00458,2024-07-12,NEFT,Mobile,9702.92,Education,Reversed
T000086,A00525,2025-11-19,Credit,Internet Banking,2675.32,Travel,Success
T000087,A00108,2024-06-21,Credit,Branch,24548.71,Healthcare,Success
T000088,A00429,2024-05-05,Debit,Internet Banking,15536.14,Loan EMI,Success
T000089,A00288,2025-10-21,IMPS,Mobile,55933.22,Healthcare,Failed
T000090,A00518,2025-06-07,Debit,Internet Banking,13037.42,Travel,Success
T000091,A00243,2025-10-05,IMPS,Internet Banking,18259.63,Utility,Success
T000092,A00532,2025-11-25,Credit,Branch,8896.14,Investment,Success
T000093,A00322,2025-09-28,UPI,Mobile,619.61,Retail,Success
T000094,A00526,2025-04-22,Debit,Internet Banking,4571.89,Loan EMI,Success
T000095,A00576,2025-07-13,Credit,Mobile,19094.9,Investment,Success
T000096,A00480,2024-11-18,NEFT,Mobile,7885.89,Healthcare,Success
T000097,A00322,2025-12-24,Credit,Internet Banking,5091.91,Utility,Success
T000098,A00116,2025-08-05,ATM,ATM,20000.0,Cash Withdrawal,Success
T000099,A00503,2025-05-02,UPI,Mobile,1253.85,Travel,Success
T000100,A00528,2025-08-28,IMPS,Branch,36258.66,Education,Success
T000101,A00063,2024-01-29,UPI,Mobile,422.59,Travel,Success
T000102,A00028,2025-10-02,Debit,Mobile,14409.25,Investment,Success
T000103,A00372,2024-02-27,ATM,ATM,1000.0,Cash Withdrawal,Success
T000104,A00089,2025-12-05,Credit,ATM,12566.27,Travel,Success
T000105,A00346,2024-02-08,UPI,Mobile,3708.8,Healthcare,Success
T000106,A00281,2024-01-21,ATM,ATM,321560.03,Cash Withdrawal,Success
T000107,A00343,2025-08-09,Credit,Internet Banking,11758.58,Travel,Success
T000108,A00530,2025-05-29,NEFT,Branch,48810.44,Education,Success
T000109,A00466,2024-07-25,UPI,Mobile,823.27,Retail,Success
T000110,A00305,2024-09-28,Credit,Internet Banking,6650.26,Education,Failed
T000111,A00100,2025-08-29,Debit,Mobile,4015.29,Loan EMI,Success
T000112,A00080,2025-10-29,NEFT,Branch,19277.98,Education,Success
T000113,A00211,2025-02-28,UPI,Mobile,1182.74,Healthcare,Success
T000114,A00020,2025-10-04,ATM,ATM,1000.0,Cash Withdrawal,Success
T000115,A00500,2024-10-01,IMPS,Branch,74574.36,Retail,Success
T000116,A00062,2025-06-18,Debit,Internet Banking,5775.02,Utility,Success
T000117,A00319,2025-03-21,UPI,Mobile,5627.81,Retail,Success
T000118,A00281,2024-10-20,UPI,Mobile,2363.46,Utility,Success
T000119,A00251,2024-04-26,Credit,Mobile,14173.11,Education,Success
T000120,A00519,2025-07-27,IMPS,Mobile,34689.0,Utility,Success
T000121,A00030,2024-09-21,NEFT,Mobile,30112.93,Retail,Success
T000122,A00519,2024-01-21,Credit,Mobile,7226.5,Healthcare,Success
T000123,A00434,2025-01-07,ATM,ATM,500.0,Cash Withdrawal,Success
T000124,A00147,2024-08-29,Credit,Mobile,3555.76,Cash Withdrawal,Success
T000125,A00129,2024-11-16,Debit,Internet Banking,5929.63,Education,Success
T000126,A00113,2024-06-28,Debit,ATM,27928.78,Loan EMI,Success
T000127,A00058,2025-05-17,UPI,Mobile,2262.98,Retail,Success
T000128,A00260,2024-10-11,NEFT,Internet Banking,91663.65,Education,Success
T000129,A00327,2024-01-22,UPI,Mobile,920.57,Retail,Success
T000130,A00056,2025-12-08,IMPS,Branch,14312.93,Investment,Success
T000131,A00386,2025-12-02,Credit,Branch,11086.12,Loan EMI,Success
T000132,A00418,2024-09-18,Debit,Branch,6097.15,Cash Withdrawal,Success
T000133,A00469,2025-10-08,Debit,Internet Banking,12646.65,Retail,Success
T000134,A00525,2025-04-27,ATM,ATM,2000.0,Cash Withdrawal,Success
T000135,A00106,2024-06-13,ATM,ATM,10000.0,Cash Withdrawal,Success
T000136,A00583,2024-11-30,UPI,Mobile,321.2,Retail,Success
T000137,A00193,2025-10-07,UPI,Mobile,240052.72,Travel,Success
T000138,A00086,2024-04-23,Credit,Branch,13826.1,Investment,Success
T000139,A00511,2024-05-16,Debit,ATM,28394.29,Cash Withdrawal,Success
T000140,A00191,2025-02-06,NEFT,Branch,116079.07,Investment,Success
T000141,A00241,2024-04-01,IMPS,Internet Banking,49286.06,Education,Success
T000142,A00426,2025-09-24,UPI,Mobile,1590.05,Utility,Failed
T000143,A00179,2025-08-03,Credit,Internet Banking,12128.21,Loan EMI,Success
T000144,A00236,2025-12-31,Debit,ATM,3404.19,Cash Withdrawal,Success
T000145,A00461,2024-07-30,UPI,Mobile,797.42,Utility,Success
T000146,A00189,2025-02-22,NEFT,Internet Banking,74087.98,Education,Success
T000147,A00481,2024-09-11,Debit,Internet Banking,193243.46,Travel,Success
T000148,A00423,2025-12-04,Debit,Internet Banking,22438.76,Investment,Success
T000149,A00100,2025-07-24,Credit,ATM,11910.17,Education,Success
T000150,A00047,2024-01-06,Debit,Internet Banking,12309.14,Cash Withdrawal,Success
T000151,A00139,2025-07-26,Credit,Branch,8713.84,Cash Withdrawal,Success
T000152,A00360,2025-04-24,Credit,ATM,16925.24,Investment,Success
T000153,A00046,2024-05-10,UPI,Mobile,2908.78,Utility,Failed
T000154,A00300,2024-09-26,UPI,Mobile,759.56,Utility,Success
T000155,A00173,2024-11-19,ATM,ATM,5000.0,Cash Withdrawal,Success
T000156,A00470,2024-02-24,Debit,Mobile,3692.55,Education,Success
T000157,A00172,2025-12-23,UPI,Mobile,218.17,Retail,Failed
T000158,A00042,2025-03-28,Debit,Internet Banking,15018.63,Loan EMI,Success
T000159,A00155,2024-05-06,Debit,Branch,13952.23,Cash Withdrawal,Success
T000160,A00542,2024-10-06,UPI,Mobile,6661.17,Travel,Failed
T000161,A00561,2025-08-07,Debit,Mobile,11446.81,Education,Success
T000162,A00349,2024-01-27,Debit,Mobile,10121.7,Investment,Failed
T000163,A00112,2024-11-27,Credit,Mobile,12922.86,Loan EMI,Success
T000164,A00485,2025-10-05,IMPS,Branch,42148.59,Utility,Success
T000165,A00483,2024-11-28,IMPS,Branch,29478.32,Retail,Success
T000166,A00300,2024-11-26,NEFT,Branch,18230.48,Utility,Success
T000167,A00097,2025-02-12,Debit,Branch,11042.07,Investment,Success
T000168,A00171,2025-02-01,NEFT,Mobile,33376.24,Investment,Success
T000169,A00462,2024-11-13,IMPS,Branch,32988.27,Investment,Success
T000170,A00391,2025-06-08,Debit,Internet Banking,18035.3,Investment,Success
T000171,A00453,2024-04-02,ATM,ATM,2000.0,Cash Withdrawal,Success
T000172,A00456,2024-04-05,Credit,ATM,10909.71,Loan EMI,Success
T000173,A00162,2025-05-22,UPI,Mobile,433.77,Retail,Success
T000174,A00511,2024-11-03,Credit,Branch,6938.13,Cash Withdrawal,Success
T000175,A00314,2025-08-05,Credit,Mobile,9514.7,Retail,Success
T000176,A00441,2024-04-06,UPI,Mobile,1566.79,Utility,Success
T000177,A00537,2024-01-17,Credit,Internet Banking,15218.09,Utility,Success
T000178,A00047,2024-03-26,UPI,Mobile,1576.17,Utility,Success
T000179,A00480,2025-09-30,NEFT,Mobile,4671.09,Investment,Success
T000180,A00273,2025-11-20,Credit,Mobile,4146.45,Retail,Success
T000181,A00510,2025-04-16,ATM,ATM,20000.0,Cash Withdrawal,Success
T000182,A00520,2024-11-06,UPI,Mobile,2310.6,Utility,Failed
T000183,A00420,2024-11-05,Credit,Branch,9337.14,Retail,Success
T000184,A00198,2024-01-28,Debit,Branch,11964.75,Education,Success
T000185,A00574,2024-07-14,Credit,Internet Banking,8537.01,Utility,Success
T000186,A00175,2024-06-05,ATM,ATM,5000.0,Cash Withdrawal,Success
T000187,A00480,2025-08-22,Debit,ATM,6916.88,Investment,Success
T000188,A00462,2025-03-01,NEFT,Branch,26696.88,Retail,Success
T000189,A00309,2024-02-07,UPI,Mobile,1694.41,Healthcare,Success
T000190,A00521,2024-08-25,ATM,ATM,503482.35,Cash Withdrawal,Success
T000191,A00282,2025-10-25,UPI,Mobile,1503.54,Healthcare,Success
T000192,A00368,2025-04-04,ATM,ATM,500.0,Cash Withdrawal,Success
T000193,A00502,2024-12-18,UPI,Mobile,2895.88,Travel,Success
T000194,A00501,2024-05-14,NEFT,Branch,8714.32,Healthcare,Success
T000195,A00383,2025-04-28,NEFT,Internet Banking,9948.8,Retail,Success
T000196,A00091,2025-11-14,UPI,Mobile,1253.71,Travel,Success
T000197,A00107,2025-03-01,IMPS,Mobile,48752.57,Education,Success
T000198,A00019,2025-01-02,NEFT,Mobile,55941.05,Investment,Success
T000199,A00537,2024-02-02,NEFT,Mobile,21322.75,Healthcare,Success
T000200,A00236,2025-05-13,Debit,ATM,764.51,Healthcare,Success
T000201,A00281,2024-06-03,NEFT,Branch,21877.15,Retail,Success
T000202,A00468,2025-04-13,IMPS,Internet Banking,44185.92,Utility,Success
T000203,A00108,2025-07-29,Credit,Mobile,10721.05,Utility,Success
T000204,A00385,2024-06-09,ATM,ATM,20000.0,Cash Withdrawal,Success
T000205,A00105,2024-06-06,UPI,Mobile,2278.77,Utility,Success
T000206,A00213,2025-03-25,IMPS,Internet Banking,72453.57,Investment,Success
T000207,A00304,2025-06-01,Credit,ATM,9707.97,Healthcare,Success
T000208,A00259,2024-06-04,ATM,ATM,10000.0,Cash Withdrawal,Success
T000209,A00459,2025-02-27,IMPS,Mobile,23834.99,Retail,Success
T000210,A00031,2025-03-29,Credit,Mobile,5539.01,Travel,Success
T000211,A00173,2025-03-20,Credit,Mobile,3548.42,Utility,Success
T000212,A00555,2024-10-29,UPI,Mobile,297.81,Utility,Success
T000213,A00365,2024-01-09,NEFT,Branch,19685.51,Retail,Success
T000214,A00476,2025-10-21,Debit,Internet Banking,20430.64,Healthcare,Success
T000215,A00430,2024-07-21,NEFT,Internet Banking,53181.54,Utility,Success
T000216,A00133,2025-06-16,IMPS,Mobile,22972.62,Investment,Success
T000217,A00556,2024-12-14,ATM,ATM,723223.54,Cash Withdrawal,Success
T000218,A00272,2024-09-04,NEFT,Mobile,119476.92,Healthcare,Success
T000219,A00062,2025-01-16,Debit,ATM,6958.92,Travel,Success
T000220,A00131,2025-04-04,Debit,Mobile,23515.62,Loan EMI,Success
T000221,A00569,2025-09-01,Debit,ATM,26868.62,Cash Withdrawal,Success
T000222,A00147,2025-01-21,UPI,Mobile,2100.42,Travel,Success
T000223,A00203,2025-01-04,UPI,Mobile,842.32,Travel,Success
T000224,A00085,2024-04-04,Credit,Branch,8360.94,Loan EMI,Success
T000225,A00561,2025-02-16,UPI,Mobile,1724.97,Healthcare,Success
T000226,A00453,2025-03-26,ATM,ATM,5000.0,Cash Withdrawal,Success
T000227,A00171,2024-05-27,UPI,Mobile,416.08,Healthcare,Success
T000228,A00547,2025-06-25,Credit,Branch,5140.44,Loan EMI,Success
T000229,A00393,2024-05-01,UPI,Mobile,582.78,Healthcare,Success
T000230,A00308,2024-02-11,UPI,Mobile,2213.92,Retail,Reversed
T000231,A00322,2024-10-28,UPI,Mobile,3342.47,Travel,Success
T000232,A00050,2024-11-08,NEFT,Internet Banking,54563.69,Investment,Success
T000233,A00129,2025-07-14,Debit,Mobile,19941.89,Investment,Success
T000234,A00483,2024-12-11,NEFT,Mobile,18213.31,Retail,Success
T000235,A00492,2025-04-05,ATM,ATM,1000.0,Cash Withdrawal,Success
T000236,A00438,2025-01-31,Debit,Internet Banking,8627.78,Healthcare,Failed
T000237,A00473,2024-10-11,UPI,Mobile,1227.03,Travel,Success
T000238,A00328,2025-07-28,UPI,Mobile,2094.49,Retail,Success
T000239,A00055,2025-08-06,UPI,Mobile,869.65,Healthcare,Success
T000240,A00567,2024-07-03,IMPS,Mobile,61973.16,Investment,Success
T000241,A00474,2024-03-27,NEFT,Branch,86948.82,Education,Success
T000242,A00024,2024-12-14,UPI,Mobile,469531.23,Healthcare,Success
T000243,A00096,2024-04-27,IMPS,Branch,25400.26,Investment,Success
T000244,A00094,2024-06-06,Debit,Internet Banking,5756.35,Utility,Failed
T000245,A00190,2024-01-28,ATM,ATM,2000.0,Cash Withdrawal,Success
T000246,A00441,2024-11-27,Debit,Mobile,4819.63,Retail,Success
T000247,A00249,2025-05-19,UPI,Mobile,178.96,Healthcare,Success
T000248,A00338,2025-04-20,UPI,Mobile,1257.33,Retail,Success
T000249,A00246,2024-01-20,Debit,Mobile,8921.08,Education,Success
T000250,A00132,2024-11-07,UPI,Mobile,2738.35,Healthcare,Success
T000251,A00215,2024-05-25,Debit,Branch,7083.69,Education,Success
T000252,A00591,2025-04-07,Credit,Internet Banking,9649.31,Cash Withdrawal,Success
T000253,A00062,2025-05-08,Debit,ATM,13048.99,Investment,Success
T000254,A00224,2025-08-22,NEFT,Mobile,47178.48,Utility,Success
T000255,A00073,2024-11-03,Credit,Mobile,17191.89,Utility,Reversed
T000256,A00462,2024-08-03,UPI,Mobile,1720.31,Utility,Failed
T000257,A00275,2025-12-25,UPI,Mobile,441.44,Travel,Success
T000258,A00222,2025-04-15,IMPS,Mobile,44419.06,Utility,Success
T000259,A00003,2025-09-15,UPI,Mobile,863.34,Retail,Success
T000260,A00522,2025-02-06,UPI,Mobile,3447.78,Retail,Success
T000261,A00475,2025-11-19,Credit,Internet Banking,10990.64,Healthcare,Success
T000262,A00009,2024-05-07,UPI,Mobile,1797.48,Travel,Success
T000263,A00021,2024-10-14,ATM,ATM,20000.0,Cash Withdrawal,Success
T000264,A00322,2024-08-14,Debit,Internet Banking,43477.97,Healthcare,Success
T000265,A00221,2024-01-08,Debit,Internet Banking,17377.44,Travel,Success
T000266,A00527,2024-06-23,UPI,Mobile,1987.88,Travel,Success
T000267,A00067,2024-05-10,Debit,Branch,9845.94,Cash Withdrawal,Success
T000268,A00568,2025-09-21,Debit,Internet Banking,4090.05,Retail,Success
T000269,A00054,2024-11-26,UPI,Mobile,1270.01,Healthcare,Success
T000270,A00499,2025-05-22,Debit,Mobile,5701.91,Education,Failed
T000271,A00568,2025-04-04,Debit,Internet Banking,28356.98,Education,Success
T000272,A00026,2024-08-19,IMPS,Mobile,44270.62,Utility,Success
T000273,A00350,2024-11-14,Credit,Mobile,22242.42,Retail,Success
T000274,A00355,2024-09-13,Debit,Internet Banking,6936.65,Education,Success
T000275,A00354,2025-06-16,NEFT,Internet Banking,17757.69,Retail,Success
T000276,A00477,2025-08-15,Credit,Mobile,16339.27,Retail,Success
T000277,A00067,2024-05-10,Credit,Internet Banking,5526.36,Retail,Success
T000278,A00068,2024-04-14,ATM,ATM,10000.0,Cash Withdrawal,Success
T000279,A00427,2024-04-08,UPI,Mobile,1046.97,Healthcare,Success
T000280,A00011,2025-04-09,Debit,Internet Banking,29162.09,Travel,Failed
T000281,A00027,2025-04-09,UPI,Mobile,1081.93,Travel,Success
T000282,A00071,2025-08-30,NEFT,Internet Banking,9396.83,Retail,Success
T000283,A00377,2025-03-07,UPI,Mobile,243.3,Healthcare,Success
T000284,A00046,2024-03-02,Credit,Internet Banking,3037.42,Healthcare,Success
T000285,A00153,2024-05-30,UPI,Mobile,3497.19,Utility,Failed
T000286,A00553,2025-08-23,ATM,ATM,1000.0,Cash Withdrawal,Success
T000287,A00056,2025-03-08,Debit,Branch,7258.2,Education,Success
T000288,A00509,2025-12-12,ATM,ATM,5000.0,Cash Withdrawal,Success
T000289,A00356,2025-09-22,Debit,ATM,42674.74,Utility,Success
T000290,A00044,2025-05-22,Debit,Mobile,26607.84,Education,Success
T000291,A00225,2024-09-01,UPI,Mobile,5246.64,Utility,Success
T000292,A00425,2024-07-07,NEFT,Internet Banking,350520.67,Education,Success
T000293,A00149,2024-10-24,UPI,Mobile,2299.15,Utility,Success
T000294,A00209,2024-10-17,Credit,ATM,5858.39,Utility,Success
T000295,A00187,2024-07-19,Credit,ATM,574216.67,Travel,Success
T000296,A00117,2024-12-12,IMPS,Mobile,53800.56,Healthcare,Success
T000297,A00180,2025-06-23,IMPS,Branch,62994.57,Healthcare,Success
T000298,A00151,2024-05-13,NEFT,Internet Banking,12617.39,Retail,Success
T000299,A00459,2025-10-13,Debit,Mobile,9469.63,Education,Success
T000300,A00156,2024-12-01,Debit,ATM,10236.14,Utility,Failed
T000301,A00522,2024-08-02,ATM,ATM,5000.0,Cash Withdrawal,Success
T000302,A00176,2025-06-04,Debit,ATM,9961.77,Loan EMI,Success
T000303,A00397,2025-06-22,ATM,ATM,20000.0,Cash Withdrawal,Success
T000304,A00426,2025-10-15,IMPS,Branch,14182.03,Utility,Success
T000305,A00482,2024-08-28,Debit,ATM,31010.39,Investment,Success
T000306,A00398,2024-09-17,UPI,Mobile,1251.94,Travel,Success
T000307,A00554,2024-12-26,Debit,Mobile,5195.15,Loan EMI,Success
T000308,A00481,2025-04-23,UPI,Mobile,4928.01,Utility,Success
T000309,A00407,2024-01-26,Credit,Branch,26623.03,Cash Withdrawal,Success
T000310,A00086,2024-10-28,NEFT,Branch,37185.23,Retail,Success
T000311,A00240,2024-04-10,Credit,ATM,7752.65,Retail,Success
T000312,A00350,2024-09-13,Debit,ATM,2824.89,Education,Reversed
T000313,A00579,2024-09-24,Credit,ATM,15070.01,Cash Withdrawal,Success
T000314,A00429,2025-02-19,NEFT,Branch,22128.32,Utility,Success
T000315,A00156,2025-02-11,Debit,Branch,10632.09,Loan EMI,Success
T000316,A00588,2025-04-24,ATM,ATM,5000.0,Cash Withdrawal,Success
T000317,A00198,2025-03-15,NEFT,Branch,98745.81,Healthcare,Success
T000318,A00031,2025-01-18,Credit,Branch,6978.13,Cash Withdrawal,Success
T000319,A00377,2024-12-13,Debit,Internet Banking,14662.63,Investment,Success
T000320,A00318,2024-11-29,UPI,Mobile,2577.78,Retail,Success
T000321,A00351,2025-08-04,UPI,Mobile,3424.87,Healthcare,Success
T000322,A00416,2024-03-06,UPI,Mobile,1386.61,Travel,Success
T000323,A00482,2025-10-16,NEFT,Internet Banking,28835.89,Investment,Success
T000324,A00033,2025-12-06,UPI,Mobile,1251.94,Retail,Success
T000325,A00411,2024-10-17,Debit,ATM,13768.24,Travel,Success
T000326,A00012,2024-06-24,Debit,Internet Banking,25951.18,Investment,Success
T000327,A00572,2025-03-04,UPI,Mobile,1206.52,Retail,Success
T000328,A00218,2024-05-13,NEFT,Mobile,2291.19,Healthcare,Success
T000329,A00166,2025-09-10,UPI,Mobile,2779.47,Utility,Success
T000330,A00490,2024-10-09,Debit,Branch,11333.89,Loan EMI,Success
T000331,A00260,2025-06-22,Debit,Internet Banking,15091.48,Loan EMI,Success
T000332,A00096,2024-10-21,UPI,Mobile,318.45,Healthcare,Success
T000333,A00316,2025-02-04,UPI,Mobile,965.44,Travel,Success
T000334,A00462,2025-04-13,Debit,Branch,17793.43,Travel,Failed
T000335,A00252,2024-06-10,Debit,ATM,3975.82,Travel,Success
T000336,A00229,2025-05-20,UPI,Mobile,2109.83,Retail,Success
T000337,A00111,2025-05-31,ATM,ATM,2000.0,Cash Withdrawal,Success
T000338,A00219,2025-06-02,Credit,Mobile,10573.13,Travel,Success
T000339,A00493,2025-01-25,Debit,Internet Banking,6276.39,Education,Success
T000340,A00121,2025-12-27,IMPS,Mobile,17353.21,Healthcare,Success
T000341,A00584,2025-11-03,Debit,Internet Banking,4945.04,Utility,Success
T000342,A00170,2024-06-23,NEFT,Branch,35139.81,Utility,Success
T000343,A00416,2024-06-21,Credit,Mobile,12184.49,Cash Withdrawal,Success
T000344,A00228,2024-02-05,NEFT,Branch,25357.93,Investment,Success
T000345,A00558,2025-10-18,ATM,ATM,20000.0,Cash Withdrawal,Success
T000346,A00327,2025-03-30,Credit,Mobile,4703.36,Retail,Success
T000347,A00263,2025-01-18,IMPS,Internet Banking,119560.92,Utility,Success
T000348,A00202,2025-11-27,ATM,ATM,1000.0,Cash Withdrawal,Success
T000349,A00176,2024-06-20,Credit,Mobile,18940.87,Healthcare,Success
T000350,A00219,2025-07-08,Debit,Internet Banking,16058.97,Travel,Success
T000351,A00344,2024-06-26,Credit,ATM,34127.36,Retail,Success
T000352,A00068,2025-11-04,NEFT,Branch,29299.81,Retail,Success
T000353,A00230,2025-02-24,Debit,Internet Banking,24429.59,Travel,Success
T000354,A00180,2024-09-14,IMPS,Branch,20086.1,Education,Success
T000355,A00140,2024-12-06,Credit,ATM,5951.73,Loan EMI,Success
T000356,A00479,2025-01-26,UPI,Mobile,1647.09,Travel,Success
T000357,A00014,2024-08-26,Credit,Mobile,27729.47,Cash Withdrawal,Success
T000358,A00256,2025-09-26,Credit,Branch,8824.46,Healthcare,Success
T000359,A00400,2024-07-28,UPI,Mobile,318.18,Travel,Success
T000360,A00474,2024-12-02,Credit,ATM,18719.3,Retail,Failed
T000361,A00306,2024-01-25,Debit,ATM,10270.51,Healthcare,Success
T000362,A00262,2025-12-04,ATM,ATM,1000.0,Cash Withdrawal,Success
T000363,A00342,2024-07-06,UPI,Mobile,1874.58,Retail,Success
T000364,A00203,2024-02-23,UPI,Mobile,785.08,Travel,Success
T000365,A00182,2025-08-29,UPI,Mobile,1635.49,Travel,Success
T000366,A00500,2024-11-14,Credit,Branch,3321.32,Education,Success
T000367,A00322,2024-10-19,UPI,Mobile,4899.09,Travel,Success
T000368,A00083,2025-01-03,Debit,Branch,20884.95,Loan EMI,Success
T000369,A00463,2024-06-08,NEFT,Mobile,35296.53,Utility,Success
T000370,A00087,2024-11-03,UPI,Mobile,2725.01,Travel,Success
T000371,A00405,2025-04-19,Debit,ATM,6753.66,Investment,Success
T000372,A00354,2024-05-19,ATM,ATM,1000.0,Cash Withdrawal,Success
T000373,A00014,2025-05-27,ATM,ATM,2000.0,Cash Withdrawal,Failed
T000374,A00420,2025-01-17,Debit,ATM,20319.13,Travel,Success
T000375,A00131,2025-01-29,IMPS,Internet Banking,26021.12,Investment,Failed
T000376,A00369,2025-06-05,ATM,ATM,20000.0,Cash Withdrawal,Success
T000377,A00410,2025-03-10,ATM,ATM,1000.0,Cash Withdrawal,Failed
T000378,A00385,2025-10-08,ATM,ATM,500.0,Cash Withdrawal,Success
T000379,A00275,2025-09-11,UPI,Mobile,1078.18,Travel,Success
T000380,A00170,2024-01-13,Credit,Mobile,5214.63,Investment,Success
T000381,A00084,2025-06-14,IMPS,Mobile,45131.14,Investment,Success
T000382,A00321,2025-05-27,IMPS,Branch,34199.15,Healthcare,Success
T000383,A00094,2024-04-21,UPI,Mobile,3811.88,Utility,Success
T000384,A00221,2025-02-11,ATM,ATM,500.0,Cash Withdrawal,Success
T000385,A00002,2024-04-09,Credit,Internet Banking,4744.6,Investment,Success
T000386,A00179,2024-06-29,Debit,Branch,14301.22,Education,Success
T000387,A00116,2025-04-06,UPI,Mobile,3345.81,Travel,Success
T000388,A00192,2024-07-15,Debit,Internet Banking,12327.86,Loan EMI,Success
T000389,A00175,2024-03-22,Debit,Internet Banking,8436.44,Travel,Success
T000390,A00247,2025-05-04,UPI,Mobile,286256.53,Retail,Failed
T000391,A00043,2024-04-09,Debit,Mobile,23711.81,Investment,Reversed
T000392,A00280,2025-05-12,UPI,Mobile,3609.78,Utility,Success
T000393,A00364,2024-11-18,NEFT,Mobile,30779.22,Healthcare,Success
T000394,A00378,2024-12-04,NEFT,Internet Banking,76654.35,Healthcare,Success
T000395,A00146,2024-01-27,UPI,Mobile,1473.59,Utility,Success
T000396,A00262,2025-01-12,UPI,Mobile,2704.04,Healthcare,Success
T000397,A00004,2025-10-15,IMPS,Mobile,48918.9,Utility,Success
T000398,A00346,2025-11-25,UPI,Mobile,1089.31,Healthcare,Success
T000399,A00085,2024-12-22,UPI,Mobile,663.24,Healthcare,Success
T000400,A00106,2025-01-29,Debit,Branch,22487.36,Utility,Success
T000401,A00538,2024-02-02,Credit,Mobile,26330.22,Cash Withdrawal,Reversed
T000402,A00500,2024-06-21,NEFT,Internet Banking,44538.9,Healthcare,Success
T000403,A00223,2024-06-23,ATM,ATM,20000.0,Cash Withdrawal,Success
T000404,A00030,2024-06-13,IMPS,Mobile,33008.47,Healthcare,Success
T000405,A00271,2025-11-12,UPI,Mobile,504.8,Retail,Failed
T000406,A00525,2024-04-02,NEFT,Mobile,72089.19,Investment,Success
T000407,A00067,2025-10-21,Debit,Internet Banking,13054.89,Investment,Success
T000408,A00122,2024-10-24,Credit,Mobile,9037.38,Healthcare,Failed
T000409,A00122,2025-08-09,Debit,ATM,18594.39,Investment,Success
T000410,A00064,2025-08-27,UPI,Mobile,416.65,Healthcare,Success
T000411,A00388,2025-11-26,IMPS,Internet Banking,14514.71,Retail,Success
T000412,A00113,2025-02-08,Credit,Internet Banking,6571.66,Healthcare,Failed
T000413,A00231,2025-05-26,ATM,ATM,1000.0,Cash Withdrawal,Success
T000414,A00036,2025-09-05,Debit,Mobile,15072.84,Cash Withdrawal,Success
T000415,A00511,2025-10-08,NEFT,Mobile,38212.72,Education,Success
T000416,A00354,2024-06-05,NEFT,Internet Banking,51751.51,Investment,Success
T000417,A00188,2025-05-14,ATM,ATM,2000.0,Cash Withdrawal,Success
T000418,A00167,2024-01-23,UPI,Mobile,3194.07,Utility,Success
T000419,A00369,2025-02-04,Debit,ATM,16575.54,Cash Withdrawal,Success
T000420,A00584,2025-02-07,Credit,ATM,31694.76,Retail,Success
T000421,A00489,2025-11-01,Credit,Branch,21194.64,Loan EMI,Success
T000422,A00152,2024-08-02,Debit,Branch,9971.29,Retail,Success
T000423,A00108,2025-11-25,NEFT,Internet Banking,22079.44,Healthcare,Success
T000424,A00177,2024-02-27,Credit,Internet Banking,10180.59,Utility,Success
T000425,A00550,2025-10-27,Debit,Internet Banking,16938.55,Utility,Success
T000426,A00035,2024-05-01,Debit,Internet Banking,7933.93,Cash Withdrawal,Failed
T000427,A00400,2025-12-09,IMPS,Branch,55241.15,Utility,Success
T000428,A00407,2024-10-08,UPI,Mobile,2334.61,Healthcare,Success
T000429,A00086,2024-05-04,UPI,Mobile,501087.34,Travel,Success
T000430,A00289,2025-12-11,ATM,ATM,10000.0,Cash Withdrawal,Success
T000431,A00464,2024-11-01,UPI,Mobile,3148.67,Retail,Success
T000432,A00573,2024-07-08,UPI,Mobile,1968.5,Retail,Success
T000433,A00565,2025-05-15,Credit,Mobile,30774.94,Education,Success
T000434,A00190,2025-09-05,ATM,ATM,500.0,Cash Withdrawal,Success
T000435,A00129,2024-02-10,Credit,Branch,10691.04,Utility,Success
T000436,A00036,2024-03-27,IMPS,Branch,26681.91,Education,Success
T000437,A00453,2025-11-04,Credit,ATM,4781.67,Retail,Success
T000438,A00312,2025-11-05,UPI,Mobile,569.95,Travel,Success
T000439,A00558,2024-12-26,UPI,Mobile,2897.24,Travel,Success
T000440,A00046,2024-08-30,Credit,Branch,-28929.85,Cash Withdrawal,Success
T000441,A00141,2025-09-08,UPI,Mobile,1381.88,Utility,Success
T000442,A00452,2024-03-17,UPI,Mobile,1312.27,Utility,Success
T000443,A00425,2025-04-12,Credit,ATM,11357.13,Investment,Success
T000444,A00215,2024-03-13,UPI,Mobile,3295.47,Utility,Success
T000445,A00203,2025-01-16,UPI,Mobile,659.92,Travel,Success
T000446,A00464,2025-01-23,Credit,Branch,12684.09,Travel,Success
T000447,A00584,2025-02-20,Credit,Mobile,19712.29,Healthcare,Success
T000448,A00153,2024-08-19,Debit,Mobile,14955.61,Investment,Success
T000449,A00111,2024-05-06,Credit,ATM,632.0,Loan EMI,Success
T000450,A00299,2025-07-18,Debit,Mobile,16627.41,Retail,Failed
T000451,A00414,2024-07-04,Debit,Internet Banking,15048.04,Loan EMI,Success
T000452,A00547,2025-12-31,Credit,Branch,24414.18,Utility,Success
T000453,A00055,2025-10-16,IMPS,Branch,90891.9,Investment,Success
T000454,A00489,2024-07-06,UPI,Mobile,3605.19,Utility,Success
T000455,A00292,2025-03-14,UPI,Mobile,1589.36,Travel,Success
T000456,A00324,2025-02-20,NEFT,Internet Banking,7595.11,Utility,Success
T000457,A00098,2024-06-18,UPI,Mobile,1304.78,Retail,Success
T000458,A00526,2024-01-11,IMPS,Mobile,34683.75,Retail,Success
T000459,A00531,2025-06-11,ATM,ATM,20000.0,Cash Withdrawal,Success
T000460,A00433,2024-01-15,UPI,Mobile,4457.18,Retail,Success
T000461,A00366,2024-09-07,IMPS,Branch,18448.52,Retail,Success
T000462,A00479,2024-06-21,ATM,ATM,10000.0,Cash Withdrawal,Success
T000463,A00390,2024-05-16,UPI,Mobile,429.62,Retail,Success
T000464,A00397,2024-04-25,Debit,Branch,7970.97,Travel,Success
T000465,A00279,2024-08-06,Credit,Internet Banking,6494.57,Education,Failed
T000466,A00550,2024-02-06,IMPS,Branch,9524.11,Healthcare,Success
T000467,A00492,2024-12-02,Debit,Mobile,10233.13,Retail,Success
T000468,A00427,2024-12-29,Credit,Internet Banking,11451.47,Loan EMI,Success
T000469,A00161,2025-02-24,Credit,Internet Banking,3257.24,Retail,Success
T000470,A00238,2025-04-26,Debit,ATM,8713.25,Healthcare,Success
T000471,A00283,2024-04-21,IMPS,Branch,18289.26,Healthcare,Success
T000472,A00464,2024-01-06,Debit,Branch,11702.15,Travel,Success
T000473,A00420,2025-03-07,ATM,ATM,500.0,Cash Withdrawal,Success
T000474,A00512,2025-11-12,IMPS,Internet Banking,39120.52,Healthcare,Success
T000475,A00134,2024-11-28,ATM,ATM,5000.0,Cash Withdrawal,Failed
T000476,A00414,2024-05-14,Credit,Mobile,6187.92,Retail,Success
T000477,A00014,2025-12-01,Debit,ATM,20838.91,Investment,Success
T000478,A00464,2025-05-06,Debit,Internet Banking,10990.94,Travel,Success
T000479,A00160,2025-06-07,Debit,ATM,6411.28,Travel,Reversed
T000480,A00261,2025-11-13,NEFT,Internet Banking,8429.27,Healthcare,Success
T000481,A00536,2025-09-17,Debit,Branch,12920.66,Education,Success
T000482,A00289,2024-07-15,IMPS,Mobile,47727.96,Utility,Success
T000483,A00053,2025-01-24,UPI,Mobile,1005.83,Utility,Reversed
T000484,A00234,2024-12-10,UPI,Mobile,1677.1,Retail,Success
T000485,A00323,2024-04-22,Debit,ATM,27558.26,Healthcare,Success
T000486,A00049,2024-07-05,Credit,Mobile,18865.18,Healthcare,Success
T000487,A00107,2025-03-17,Debit,Internet Banking,1460.08,Healthcare,Success
T000488,A00014,2025-11-30,UPI,Mobile,809.97,Travel,Success
T000489,A00385,2025-08-26,UPI,Mobile,1352.6,Utility,Success
T000490,A00409,2024-03-30,NEFT,Internet Banking,35525.65,Retail,Success
T000491,A00201,2024-07-16,ATM,ATM,500.0,Cash Withdrawal,Success
T000492,A00364,2024-11-04,ATM,ATM,1000.0,Cash Withdrawal,Success
T000493,A00134,2024-07-15,UPI,Mobile,1704.62,Utility,Success
T000494,A00368,2025-01-09,UPI,Mobile,2074.31,Retail,Success
T000495,A00449,2025-06-20,IMPS,Branch,31233.3,Utility,Success
T000496,A00136,2024-10-23,Credit,Mobile,10972.66,Education,Success
T000497,A00568,2025-06-09,IMPS,Internet Banking,62913.52,Healthcare,Success
T000498,A00415,2025-02-14,UPI,Mobile,1858.95,Travel,Success
T000499,A00230,2025-08-29,ATM,ATM,10000.0,Cash Withdrawal,Success
T000500,A00560,2024-09-22,Debit,Branch,4407.69,Cash Withdrawal,Success
T000501,A00180,2024-08-17,Credit,Branch,11652.11,Cash Withdrawal,Success
T000502,A00295,2024-05-16,Debit,Mobile,9914.59,Education,Success
T000503,A00122,2024-01-02,UPI,Mobile,203.82,Utility,Failed
T000504,A00585,2024-09-27,ATM,ATM,5000.0,Cash Withdrawal,Success
T000505,A00059,2025-10-02,NEFT,Mobile,37686.62,Investment,Success
T000506,A00270,2024-01-17,UPI,Mobile,594.76,Retail,Success
T000507,A00271,2025-10-03,UPI,Mobile,2931.89,Travel,Success
T000508,A00283,2024-07-27,UPI,Mobile,2053.12,Healthcare,Success
T000509,A00464,2025-01-12,Credit,Internet Banking,4209.06,Travel,Success
T000510,A00185,2024-07-12,UPI,Mobile,2841.46,Travel,Success
T000511,A00171,2024-06-30,NEFT,Branch,80795.65,Retail,Success
T000512,A00456,2024-09-08,UPI,Mobile,1227.83,Healthcare,Success
T000513,A00013,2025-09-09,Credit,Internet Banking,9874.61,Retail,Success
T000514,A00045,2024-05-15,Debit,Mobile,17963.46,Cash Withdrawal,Success
T000515,A00014,2024-01-10,IMPS,Internet Banking,76967.84,Retail,Success
T000516,A00090,2024-07-26,Credit,Internet Banking,2626.11,Utility,Success
T000517,A00256,2024-02-27,UPI,Mobile,555.95,Utility,Success
T000518,A00046,2024-04-15,UPI,Mobile,1071.52,Retail,Success
T000519,A00149,2024-01-02,IMPS,Internet Banking,26579.66,Investment,Success
T000520,A00304,2024-08-19,IMPS,Branch,56652.42,Healthcare,Success
T000521,A00119,2025-05-18,Credit,Mobile,23621.49,Education,Failed
T000522,A00379,2024-03-19,UPI,Mobile,3776.21,Retail,Failed
T000523,A00089,2024-02-14,UPI,Mobile,271.03,Travel,Success
T000524,A00190,2025-11-26,UPI,Mobile,744.98,Utility,Success
T000525,A00110,2024-10-04,IMPS,Branch,21034.32,Education,Success
T000526,A00080,2024-01-03,NEFT,Internet Banking,17363.49,Investment,Success
T000527,A00511,2024-03-09,Credit,Internet Banking,14263.64,Cash Withdrawal,Success
T000528,A00134,2024-07-05,ATM,ATM,2000.0,Cash Withdrawal,Success
T000529,A00443,2025-09-08,NEFT,Mobile,48904.7,Investment,Success
T000530,A00259,2025-01-27,UPI,Mobile,1507.47,Healthcare,Success
T000531,A00572,2024-08-23,Debit,Internet Banking,10195.93,Education,Success
T000532,A00003,2024-07-27,IMPS,Internet Banking,25297.17,Education,Failed
T000533,A00116,2024-03-02,IMPS,Mobile,27628.91,Investment,Success
T000534,A00587,2025-03-07,Debit,Branch,27372.52,Retail,Success
T000535,A00150,2025-01-21,ATM,ATM,20000.0,Cash Withdrawal,Success
T000536,A00112,2025-11-09,UPI,Mobile,2464.25,Healthcare,Success
T000537,A00031,2024-05-30,Debit,Mobile,8557.53,Education,Success
T000538,A00446,2024-06-02,ATM,ATM,5000.0,Cash Withdrawal,Success
T000539,A00318,2025-04-26,UPI,Mobile,1378.75,Utility,Success
T000540,A00014,2024-10-20,Credit,Mobile,14473.82,Retail,Success
T000541,A00168,2024-01-12,Debit,Internet Banking,4207.93,Loan EMI,Success
T000542,A00535,2024-11-09,ATM,ATM,5000.0,Cash Withdrawal,Success
T000543,A00097,2025-06-18,Debit,Branch,11919.79,Education,Success
T000544,A00417,2024-07-07,NEFT,Branch,51860.79,Retail,Success
T000545,A00501,2025-05-03,Debit,Internet Banking,14953.33,Investment,Success
T000546,A00454,2024-07-18,Debit,Mobile,6008.23,Travel,Success
T000547,A00356,2024-01-29,Debit,Branch,6876.33,Travel,Success
T000548,A00328,2024-07-11,UPI,Mobile,175.34,Retail,Success
T000549,A00046,2025-07-31,IMPS,Mobile,55553.48,Utility,Success
T000550,A00328,2024-01-09,IMPS,Mobile,114771.82,Healthcare,Success
T000551,A00416,2024-12-30,IMPS,Branch,15682.28,Utility,Success
T000552,A00537,2024-04-13,UPI,Mobile,657248.51,Travel,Success
T000553,A00039,2024-10-24,Credit,Internet Banking,32583.14,Travel,Success
T000554,A00244,2024-08-08,NEFT,Branch,23406.69,Investment,Success
T000555,A00535,2025-06-12,IMPS,Branch,31061.22,Retail,Success
T000556,A00138,2024-12-13,Debit,Internet Banking,12810.17,Retail,Success
T000557,A00412,2024-09-01,Debit,Mobile,14652.89,Utility,Reversed
T000558,A00103,2024-01-16,Credit,ATM,13262.36,Travel,Success
T000559,A00178,2024-10-29,Credit,ATM,8198.97,Healthcare,Success
T000560,A00492,2024-09-21,IMPS,Mobile,51321.41,Healthcare,Success
T000561,A00130,2025-08-05,UPI,Mobile,1110.23,Utility,Success
T000562,A00136,2025-03-27,Debit,ATM,13852.47,Healthcare,Success
T000563,A00480,2024-09-26,NEFT,Branch,32885.47,Utility,Success
T000564,A00257,2025-12-17,NEFT,Internet Banking,6138.51,Investment,Success
T000565,A00166,2025-08-06,Debit,Mobile,23027.72,Education,Success
T000566,A00098,2024-12-23,UPI,Mobile,908.89,Healthcare,Success
T000567,A00114,2025-02-10,ATM,ATM,1000.0,Cash Withdrawal,Success
T000568,A00363,2025-09-10,UPI,Mobile,3730.72,Healthcare,Success
T000569,A00581,2024-06-08,IMPS,Internet Banking,66837.5,Investment,Success
T000570,A00405,2024-03-04,IMPS,Mobile,39394.49,Healthcare,Success
T000571,A00223,2024-01-24,IMPS,Branch,48114.26,Healthcare,Success
T000572,A00087,2024-05-25,Credit,Internet Banking,16309.62,Travel,Success
T000573,A00449,2025-06-21,Debit,ATM,9444.9,Utility,Success
T000574,A00458,2024-12-16,IMPS,Mobile,30015.4,Investment,Failed
T000575,A00515,2025-05-01,UPI,Mobile,2300.74,Travel,Success
T000576,A00414,2024-01-11,UPI,Mobile,1478.37,Travel,Success
T000577,A00152,2024-11-27,ATM,ATM,-20000.0,Cash Withdrawal,Success
T000578,A00337,2024-01-15,Credit,Internet Banking,8218.11,Utility,Success
T000579,A00434,2024-09-26,UPI,Mobile,769.28,Retail,Failed
T000580,A00132,2025-10-11,UPI,Mobile,2024.4,Retail,Success
T000581,A00198,2025-03-06,ATM,ATM,1000.0,Cash Withdrawal,Success
T000582,A00221,2024-07-14,IMPS,Branch,20423.88,Utility,Success
T000583,A00321,2024-11-10,UPI,Mobile,2741.69,Retail,Success
T000584,A00487,2025-02-27,UPI,Mobile,2902.32,Utility,Success
T000585,A00356,2024-04-26,IMPS,Mobile,47863.6,Healthcare,Success
T000586,A00171,2025-07-09,UPI,Mobile,2510.06,Utility,Success
T000587,A00467,2025-10-11,Debit,Mobile,15093.67,Travel,Success
T000588,A00017,2025-09-23,IMPS,Internet Banking,57378.36,Healthcare,Success
T000589,A00580,2024-04-12,UPI,Mobile,2558.17,Retail,Success
T000590,A00223,2024-08-16,NEFT,Branch,43005.33,Healthcare,Success
T000591,A00131,2024-12-25,IMPS,Mobile,67387.21,Healthcare,Success
T000592,A00421,2024-01-08,IMPS,Internet Banking,29747.18,Retail,Success
T000593,A00278,2024-11-10,NEFT,Mobile,736341.34,Investment,Success
T000594,A00027,2024-06-06,NEFT,Branch,17637.05,Retail,Success
T000595,A00460,2024-09-04,UPI,Mobile,1169.88,Healthcare,Success
T000596,A00053,2025-08-14,UPI,Mobile,200.23,Healthcare,Success
T000597,A00338,2025-06-13,Credit,Branch,12480.18,Travel,Success
T000598,A00125,2025-10-08,UPI,Mobile,2403.75,Healthcare,Success
T000599,A00274,2025-07-20,Credit,ATM,19302.41,Education,Success
T000600,A00012,2025-10-05,NEFT,Internet Banking,7544.18,Utility,Success
T000601,A00082,2025-08-08,Debit,Branch,6133.59,Loan EMI,Success
T000602,A00197,2024-09-02,ATM,ATM,1000.0,Cash Withdrawal,Success
T000603,A00259,2025-01-22,NEFT,Branch,58405.66,Utility,Failed
T000604,A00024,2025-10-15,IMPS,Internet Banking,29055.15,Utility,Success
T000605,A00113,2024-05-25,Debit,Branch,16215.09,Travel,Success
T000606,A00219,2025-02-04,Credit,Mobile,4032.8,Investment,Failed
T000607,A00080,2024-08-03,ATM,ATM,5000.0,Cash Withdrawal,Success
T000608,A00481,2024-06-13,Credit,Mobile,24250.09,Utility,Success
T000609,A00033,2024-04-30,IMPS,Mobile,10596.67,Healthcare,Success
T000610,A00006,2024-06-11,UPI,Mobile,1723.91,Utility,Success
T000611,A00031,2025-07-02,Credit,Branch,12450.81,Education,Success
T000612,A00229,2024-01-31,Debit,Branch,7602.88,Travel,Failed
T000613,A00282,2024-10-07,UPI,Mobile,2124.34,Retail,Success
T000614,A00313,2025-04-23,ATM,ATM,5000.0,Cash Withdrawal,Failed
T000615,A00203,2024-09-13,Credit,ATM,14995.57,Investment,Success
T000616,A00332,2024-06-18,NEFT,Branch,44203.99,Healthcare,Success
T000617,A00287,2024-11-22,UPI,Mobile,982.95,Healthcare,Success
T000618,A00397,2025-10-09,NEFT,Mobile,19247.3,Investment,Failed
T000619,A00267,2025-08-23,UPI,Mobile,1072.94,Utility,Success
T000620,A00343,2025-03-15,NEFT,Mobile,17161.31,Investment,Success
T000621,A00395,2024-05-28,NEFT,Internet Banking,69396.84,Utility,Success
T000622,A00349,2024-08-06,UPI,Mobile,1150.37,Utility,Success
T000623,A00410,2024-10-17,UPI,Mobile,1687.64,Travel,Success
T000624,A00078,2025-08-10,NEFT,Mobile,58250.19,Healthcare,Success
T000625,A00208,2024-02-20,NEFT,Mobile,16468.28,Utility,Success
T000626,A00131,2025-04-08,Credit,ATM,3640.23,Investment,Success
T000627,A00019,2025-10-21,NEFT,Branch,17211.04,Utility,Success
T000628,A00428,2024-02-07,NEFT,Branch,40479.55,Utility,Success
T000629,A00503,2024-04-07,NEFT,Mobile,38589.3,Education,Success
T000630,A00425,2024-03-22,UPI,Mobile,2000.96,Utility,Success
T000631,A00317,2025-12-14,IMPS,Mobile,31124.89,Utility,Failed
T000632,A00109,2024-01-30,Debit,Mobile,972.24,Utility,Success
T000633,A00466,2024-08-19,Credit,Branch,9874.81,Healthcare,Success
T000634,A00006,2025-12-05,NEFT,Mobile,63372.7,Utility,Failed
T000635,A00078,2024-09-27,Debit,Internet Banking,22715.34,Cash Withdrawal,Failed
T000636,A00492,2024-05-02,Credit,Branch,11499.02,Investment,Success
T000637,A00557,2025-06-24,Debit,Internet Banking,12351.39,Loan EMI,Success
T000638,A00516,2024-08-19,Credit,ATM,16026.62,Travel,Success
T000639,A00255,2025-11-06,UPI,Mobile,3378.64,Travel,Success
T000640,A00528,2024-03-02,Debit,Branch,10837.22,Loan EMI,Success
T000641,A00111,2024-12-14,Debit,ATM,15887.85,Cash Withdrawal,Success
T000642,A00538,2024-04-18,IMPS,Internet Banking,21797.95,Education,Success
T000643,A00547,2024-07-26,NEFT,Internet Banking,11632.64,Utility,Success
T000644,A00326,2025-08-14,UPI,Mobile,1032.6,Travel,Success
T000645,A00116,2024-09-03,Credit,Internet Banking,25424.81,Utility,Success
T000646,A00566,2025-04-08,Debit,Mobile,16088.2,Travel,Success
T000647,A00422,2025-05-29,UPI,Mobile,527.74,Utility,Success
T000648,A00104,2024-02-20,UPI,Mobile,2421.67,Healthcare,Success
T000649,A00185,2025-08-31,Debit,Internet Banking,4704.55,Investment,Success
T000650,A00262,2024-04-23,Debit,Mobile,13846.48,Retail,Success
T000651,A00567,2024-04-13,Debit,Internet Banking,5458.23,Investment,Success
T000652,A00282,2025-05-22,Debit,Branch,4225.64,Healthcare,Success
T000653,A00305,2024-01-04,Credit,Internet Banking,27978.02,Cash Withdrawal,Success
T000654,A00179,2024-11-18,ATM,ATM,1000.0,Cash Withdrawal,Success
T000655,A00149,2024-01-14,ATM,ATM,5000.0,Cash Withdrawal,Success
T000656,A00278,2024-03-19,Credit,Mobile,8590.29,Healthcare,Success
T000657,A00522,2024-09-10,UPI,Mobile,2315.66,Retail,Success
T000658,A00309,2024-08-21,UPI,Mobile,1548.05,Travel,Success
T000659,A00106,2024-11-07,NEFT,Mobile,14488.64,Healthcare,Success
T000660,A00581,2024-09-20,ATM,ATM,2000.0,Cash Withdrawal,Success
T000661,A00375,2024-11-04,ATM,ATM,10000.0,Cash Withdrawal,Success
T000662,A00517,2024-04-25,Debit,Mobile,9236.48,Utility,Success
T000663,A00149,2024-12-31,UPI,Mobile,615.9,Travel,Success
T000664,A00461,2025-01-03,Debit,Mobile,40057.64,Education,Success
T000665,A00114,2024-10-07,NEFT,Branch,56824.83,Retail,Success
T000666,A00562,2024-06-28,Debit,ATM,10999.52,Healthcare,Success
T000667,A00292,2024-11-12,Debit,ATM,15379.52,Travel,Success
T000668,A00368,2024-10-22,Credit,Mobile,16997.41,Loan EMI,Success
T000669,A00157,2025-06-19,IMPS,Branch,54537.61,Retail,Success
T000670,A00306,2024-03-07,NEFT,Internet Banking,53012.56,Healthcare,Success
T000671,A00130,2024-02-24,UPI,Mobile,2298.05,Retail,Success
T000672,A00001,2024-02-21,Debit,ATM,11600.4,Cash Withdrawal,Success
T000673,A00162,2024-03-29,ATM,ATM,1000.0,Cash Withdrawal,Success
T000674,A00084,2024-10-24,Debit,Internet Banking,26700.53,Healthcare,Success
T000675,A00411,2025-03-08,Debit,Mobile,12091.75,Cash Withdrawal,Success
T000676,A00182,2025-07-31,UPI,Mobile,1559.91,Utility,Success
T000677,A00211,2024-09-13,Credit,Branch,12159.83,Cash Withdrawal,Success
T000678,A00493,2025-07-12,Debit,Internet Banking,12729.8,Travel,Success
T000679,A00333,2025-05-30,IMPS,Branch,7604.81,Education,Success
T000680,A00450,2025-02-24,UPI,Mobile,728.61,Retail,Success
T000681,A00147,2025-09-21,IMPS,Internet Banking,31124.12,Retail,Success
T000682,A00579,2025-08-02,NEFT,Internet Banking,7225.1,Healthcare,Success
T000683,A00494,2025-06-14,UPI,Mobile,1524.4,Retail,Success
T000684,A00113,2024-12-07,UPI,Mobile,1784.33,Utility,Success
T000685,A00063,2024-05-04,ATM,ATM,20000.0,Cash Withdrawal,Success
T000686,A00216,2025-06-12,Credit,Internet Banking,3953.7,Utility,Success
T000687,A00162,2024-11-04,UPI,Mobile,891.78,Retail,Success
T000688,A00212,2024-04-27,Credit,Branch,23268.52,Travel,Success
T000689,A00110,2025-04-30,Credit,Internet Banking,15478.02,Investment,Success
T000690,A00430,2025-05-10,IMPS,Internet Banking,47402.3,Retail,Success
T000691,A00469,2025-11-04,UPI,Mobile,3252.98,Healthcare,Success
T000692,A00149,2025-11-04,Debit,Branch,5894.33,Loan EMI,Success
T000693,A00106,2025-08-25,UPI,Mobile,461.92,Utility,Success
T000694,A00113,2025-04-20,UPI,Mobile,2964.48,Healthcare,Success
T000695,A00127,2025-07-31,Debit,ATM,10283.91,Retail,Success
T000696,A00475,2024-02-13,IMPS,Mobile,16962.16,Investment,Success
T000697,A00294,2024-01-10,IMPS,Mobile,7543.26,Retail,Success
T000698,A00370,2025-12-24,UPI,Mobile,1725.05,Retail,Success
T000699,A00360,2025-04-15,ATM,ATM,1000.0,Cash Withdrawal,Success
T000700,A00322,2025-02-07,Credit,Internet Banking,9494.01,Investment,Success
T000701,A00189,2025-08-12,ATM,ATM,10000.0,Cash Withdrawal,Success
T000702,A00136,2025-12-15,Debit,ATM,8409.81,Investment,Success
T000703,A00166,2024-08-25,Credit,Mobile,1346.96,Loan EMI,Success
T000704,A00244,2024-08-30,Credit,Branch,26491.76,Investment,Success
T000705,A00066,2024-03-04,UPI,Mobile,379.26,Retail,Success
T000706,A00472,2025-01-18,UPI,Mobile,1211.02,Retail,Success
T000707,A00480,2025-01-21,Credit,Branch,7971.31,Education,Success
T000708,A00303,2024-08-18,Debit,Branch,15767.94,Investment,Success
T000709,A00202,2024-03-29,UPI,Mobile,303.96,Retail,Success
T000710,A00006,2025-01-03,NEFT,Branch,46295.86,Retail,Success
T000711,A00563,2025-05-23,Debit,Branch,12290.37,Loan EMI,Success
T000712,A00145,2024-03-09,UPI,Mobile,854.82,Healthcare,Success
T000713,A00134,2025-06-13,Debit,Mobile,14279.8,Loan EMI,Success
T000714,A00351,2024-01-24,Debit,ATM,10974.87,Cash Withdrawal,Success
T000715,A00165,2024-10-21,Credit,Branch,30278.14,Cash Withdrawal,Success
T000716,A00117,2025-08-19,UPI,Mobile,1288.94,Utility,Success
T000717,A00451,2024-09-24,Debit,Mobile,5208.7,Utility,Success
T000718,A00350,2025-11-10,IMPS,Internet Banking,46608.19,Investment,Success
T000719,A00037,2024-12-20,IMPS,Mobile,26474.12,Retail,Failed
T000720,A00587,2025-05-05,IMPS,Mobile,33582.58,Utility,Success
T000721,A00237,2025-10-27,Debit,Internet Banking,3990.49,Cash Withdrawal,Success
T000722,A00240,2024-01-22,IMPS,Internet Banking,50767.08,Investment,Success
T000723,A00019,2025-07-19,UPI,Mobile,1017.46,Healthcare,Success
T000724,A00460,2025-12-19,UPI,Mobile,1830.62,Travel,Success
T000725,A00391,2024-12-26,Debit,Internet Banking,34799.57,Retail,Success
T000726,A00011,2024-08-20,UPI,Mobile,1230.9,Retail,Success
T000727,A00263,2024-02-28,Credit,Branch,17285.33,Loan EMI,Success
T000728,A00371,2025-09-08,ATM,ATM,1000.0,Cash Withdrawal,Success
T000729,A00423,2025-05-05,ATM,ATM,20000.0,Cash Withdrawal,Success
T000730,A00579,2024-07-29,UPI,Mobile,1299.14,Utility,Success
T000731,A00474,2025-12-31,Debit,ATM,6722.44,Cash Withdrawal,Success
T000732,A00281,2024-11-22,ATM,ATM,10000.0,Cash Withdrawal,Success
T000733,A00439,2025-12-23,IMPS,Mobile,77695.07,Education,Failed
T000734,A00556,2024-08-24,Debit,Branch,2084.46,Travel,Success
T000735,A00149,2024-02-06,IMPS,Branch,64967.0,Healthcare,Success
T000736,A00120,2024-01-22,UPI,Mobile,177.91,Retail,Success
T000737,A00319,2024-03-27,Credit,Internet Banking,367811.73,Loan EMI,Success
T000738,A00236,2024-07-29,Debit,Internet Banking,10938.72,Retail,Success
T000739,A00369,2024-01-27,IMPS,Mobile,15176.49,Education,Success
T000740,A00029,2024-12-15,ATM,ATM,10000.0,Cash Withdrawal,Success
T000741,A00059,2024-04-21,UPI,Mobile,1075.03,Utility,Failed
T000742,A00495,2025-03-10,UPI,Mobile,2447.09,Utility,Success
T000743,A00250,2024-05-15,IMPS,Mobile,109411.15,Education,Success
T000744,A00578,2024-10-29,Debit,Internet Banking,2917.38,Retail,Success
T000745,A00264,2025-10-30,NEFT,Branch,15989.09,Utility,Success
T000746,A00341,2024-09-27,NEFT,Mobile,106209.49,Healthcare,Success
T000747,A00382,2025-05-06,UPI,Mobile,1290.82,Travel,Success
T000748,A00083,2024-10-10,NEFT,Branch,61744.49,Education,Success
T000749,A00272,2024-10-09,Debit,Internet Banking,3278.34,Utility,Success
T000750,A00051,2024-08-26,Credit,Mobile,10744.6,Utility,Success
T000751,A00337,2024-02-12,UPI,Mobile,2784.45,Travel,Success
T000752,A00273,2024-09-20,Credit,ATM,8022.31,Retail,Success
T000753,A00081,2025-06-03,UPI,Mobile,1743.23,Retail,Success
T000754,A00395,2025-11-28,UPI,Mobile,3442.72,Healthcare,Success
T000755,A00347,2025-09-13,NEFT,Mobile,13543.33,Healthcare,Success
T000756,A00313,2025-09-28,Credit,ATM,2307.73,Retail,Success
T000757,A00027,2024-04-18,UPI,Mobile,1902.9,Utility,Success
T000758,A00542,2025-08-18,ATM,ATM,1000.0,Cash Withdrawal,Success
T000759,A00157,2025-01-25,ATM,ATM,20000.0,Cash Withdrawal,Success
T000760,A00236,2025-08-01,UPI,Mobile,1941.31,Healthcare,Success
T000761,A00563,2024-02-22,UPI,Mobile,1002.12,Healthcare,Success
T000762,A00312,2024-09-06,Debit,ATM,6582.41,Education,Success
T000763,A00122,2025-12-10,Debit,Internet Banking,11086.64,Healthcare,Success
T000764,A00080,2025-01-05,ATM,ATM,10000.0,Cash Withdrawal,Success
T000765,A00242,2025-08-06,NEFT,Internet Banking,13327.2,Retail,Success
T000766,A00145,2025-09-12,Debit,ATM,4645.84,Healthcare,Success
T000767,A00451,2025-06-01,IMPS,Branch,53229.9,Healthcare,Success
T000768,A00189,2025-04-09,Credit,Mobile,4387.25,Investment,Success
T000769,A00503,2024-04-13,Credit,Mobile,216854.95,Investment,Success
T000770,A00550,2025-06-26,IMPS,Mobile,19539.65,Education,Success
T000771,A00254,2025-12-30,Debit,ATM,7762.26,Healthcare,Success
T000772,A00047,2024-03-16,ATM,ATM,2000.0,Cash Withdrawal,Failed
T000773,A00480,2025-03-22,Debit,Internet Banking,14602.25,Utility,Success
T000774,A00543,2024-03-26,Credit,Mobile,7003.97,Healthcare,Success
T000775,A00341,2025-03-25,Credit,ATM,25035.62,Travel,Success
T000776,A00050,2025-07-31,UPI,Mobile,1601.33,Healthcare,Success
T000777,A00187,2024-05-26,Credit,Branch,5907.05,Investment,Success
T000778,A00334,2024-04-11,Debit,Branch,14213.64,Travel,Success
T000779,A00236,2024-06-22,Debit,ATM,24769.35,Travel,Success
T000780,A00148,2024-04-08,Debit,Branch,16360.28,Retail,Success
T000781,A00575,2025-07-04,NEFT,Internet Banking,8533.73,Healthcare,Success
T000782,A00215,2024-10-15,IMPS,Branch,25014.1,Healthcare,Success
T000783,A00485,2024-10-29,IMPS,Branch,40136.34,Utility,Success
T000784,A00277,2024-03-29,NEFT,Mobile,50838.6,Utility,Success
T000785,A00234,2024-03-17,Debit,ATM,9540.2,Cash Withdrawal,Success
T000786,A00077,2025-12-24,ATM,ATM,500.0,Cash Withdrawal,Failed
T000787,A00556,2024-11-21,Debit,Mobile,8640.51,Retail,Success
T000788,A00232,2025-11-20,Debit,Internet Banking,30144.91,Utility,Success
T000789,A00530,2024-10-16,Credit,Mobile,147082.89,Education,Success
T000790,A00220,2025-12-28,Credit,Internet Banking,14241.78,Cash Withdrawal,Success
T000791,A00247,2025-10-15,Debit,Branch,7221.95,Cash Withdrawal,Success
T000792,A00518,2025-05-16,NEFT,Mobile,13156.56,Retail,Success
T000793,A00101,2024-08-12,Credit,ATM,14400.59,Investment,Success
T000794,A00455,2024-04-28,Credit,ATM,17636.85,Travel,Success
T000795,A00135,2025-05-10,NEFT,Mobile,33462.57,Retail,Success
T000796,A00309,2024-10-01,UPI,Mobile,2418.89,Healthcare,Success
T000797,A00275,2025-11-22,Debit,Internet Banking,16800.97,Loan EMI,Success
T000798,A00056,2024-10-01,UPI,Mobile,2718.67,Travel,Success
T000799,A00327,2025-04-03,UPI,Mobile,337.28,Travel,Success
T000800,A00116,2025-09-20,UPI,Mobile,1122.24,Travel,Success
T000801,A00022,2025-01-23,Credit,ATM,14951.7,Healthcare,Success
T000802,A00051,2025-06-15,Debit,Branch,11203.8,Utility,Success
T000803,A00241,2024-10-24,NEFT,Mobile,53882.76,Education,Success
T000804,A00262,2024-01-14,Credit,Mobile,14236.36,Travel,Success
T000805,A00044,2024-06-09,Debit,Mobile,1457.13,Education,Success
T000806,A00035,2024-10-05,ATM,ATM,5000.0,Cash Withdrawal,Success
T000807,A00284,2024-03-27,Credit,Internet Banking,681176.06,Retail,Success
T000808,A00159,2024-04-07,ATM,ATM,5000.0,Cash Withdrawal,Success
T000809,A00332,2024-11-27,UPI,Mobile,1009.59,Retail,Success
T000810,A00106,2024-09-27,IMPS,Branch,16534.94,Healthcare,Success
T000811,A00234,2025-02-20,UPI,Mobile,3099.32,Healthcare,Success
T000812,A00540,2024-09-07,Debit,Internet Banking,16038.42,Investment,Success
T000813,A00114,2025-04-08,Debit,Mobile,22424.97,Investment,Success
T000814,A00510,2025-07-30,Credit,ATM,12872.08,Healthcare,Success
T000815,A00087,2024-04-07,UPI,Mobile,1110.55,Travel,Success
T000816,A00263,2024-03-26,Credit,Internet Banking,11923.28,Education,Success
T000817,A00440,2024-11-14,ATM,ATM,1000.0,Cash Withdrawal,Success
T000818,A00434,2024-01-06,Debit,Branch,4886.15,Loan EMI,Success
T000819,A00248,2024-11-25,UPI,Mobile,413.35,Healthcare,Success
T000820,A00085,2024-04-17,UPI,Mobile,881.22,Retail,Success
T000821,A00170,2025-06-16,ATM,ATM,1000.0,Cash Withdrawal,Success
T000822,A00120,2024-02-09,NEFT,Mobile,87192.84,Investment,Success
T000823,A00147,2025-07-14,UPI,Mobile,959.61,Retail,Success
T000824,A00313,2025-11-23,Debit,ATM,2499.81,Healthcare,Success
T000825,A00309,2025-06-19,ATM,ATM,10000.0,Cash Withdrawal,Success
T000826,A00265,2025-04-28,UPI,Mobile,1326.06,Utility,Success
T000827,A00142,2024-06-17,UPI,Mobile,391412.06,Healthcare,Success
T000828,A00069,2024-01-06,Debit,Branch,21313.66,Education,Success
T000829,A00351,2024-04-06,Credit,Internet Banking,25373.27,Utility,Success
T000830,A00238,2024-12-19,UPI,Mobile,1069.06,Travel,Success
T000831,A00456,2025-08-21,ATM,ATM,2000.0,Cash Withdrawal,Success
T000832,A00268,2025-07-28,UPI,Mobile,1823.2,Travel,Success
T000833,A00228,2024-10-13,Credit,Mobile,13565.64,Utility,Success
T000834,A00408,2024-12-04,UPI,Mobile,1444.18,Utility,Success
T000835,A00506,2024-08-02,Credit,Branch,9224.57,Education,Success
T000836,A00154,2024-05-26,Credit,Mobile,5355.52,Healthcare,Failed
T000837,A00144,2025-06-07,NEFT,Mobile,5577.29,Healthcare,Success
T000838,A00124,2024-09-03,UPI,Mobile,658.47,Healthcare,Success
T000839,A00377,2024-11-15,NEFT,Mobile,31589.52,Retail,Success
T000840,A00226,2024-06-19,IMPS,Mobile,9071.68,Investment,Success
T000841,A00523,2025-12-12,NEFT,Branch,38959.36,Utility,Success
T000842,A00369,2024-07-01,Credit,ATM,11351.75,Loan EMI,Success
T000843,A00454,2024-08-06,UPI,Mobile,950.25,Travel,Success
T000844,A00011,2024-07-19,UPI,Mobile,317273.49,Travel,Success
T000845,A00392,2024-09-16,UPI,Mobile,440.02,Retail,Success
T000846,A00290,2025-10-19,UPI,Mobile,2685.35,Retail,Success
T000847,A00289,2025-10-02,Credit,Mobile,17969.53,Loan EMI,Success
T000848,A00524,2024-06-26,UPI,Mobile,522.3,Retail,Success
T000849,A00160,2025-12-23,ATM,ATM,1000.0,Cash Withdrawal,Success
T000850,A00126,2024-02-27,UPI,Mobile,537.23,Retail,Success
T000851,A00295,2024-07-17,ATM,ATM,686091.47,Cash Withdrawal,Success
T000852,A00337,2025-12-27,Credit,ATM,5386.54,Retail,Success
T000853,A00063,2024-03-07,Debit,Branch,15420.07,Cash Withdrawal,Success
T000854,A00292,2025-09-15,Debit,Internet Banking,13538.31,Utility,Success
T000855,A00004,2024-11-14,Debit,ATM,20514.03,Travel,Success
T000856,A00091,2025-08-02,IMPS,Internet Banking,71351.68,Utility,Success
T000857,A00091,2024-07-09,Debit,Mobile,3020.27,Utility,Success
T000858,A00398,2025-04-16,Credit,Branch,15076.02,Cash Withdrawal,Success
T000859,A00201,2024-05-15,Debit,Internet Banking,21394.12,Cash Withdrawal,Success
T000860,A00336,2025-02-27,Debit,Branch,8555.91,Cash Withdrawal,Success
T000861,A00314,2024-09-22,ATM,ATM,2000.0,Cash Withdrawal,Success
T000862,A00387,2024-12-23,NEFT,Branch,33024.11,Healthcare,Success
T000863,A00179,2024-02-07,IMPS,Branch,29491.97,Healthcare,Success
T000864,A00464,2024-12-21,UPI,Mobile,1352.37,Utility,Success
T000865,A00537,2025-07-18,NEFT,Mobile,58283.88,Utility,Success
T000866,A00230,2025-04-23,Debit,Mobile,29485.44,Utility,Success
T000867,A00343,2025-01-16,UPI,Mobile,3745.7,Retail,Success
T000868,A00382,2024-01-09,Credit,Internet Banking,7537.17,Healthcare,Success
T000869,A00197,2025-01-01,Debit,Internet Banking,12890.56,Utility,Success
T000870,A00488,2025-08-30,UPI,Mobile,761.2,Healthcare,Success
T000871,A00256,2024-09-15,ATM,ATM,10000.0,Cash Withdrawal,Success
T000872,A00319,2024-02-11,IMPS,Internet Banking,19318.15,Retail,Success
T000873,A00283,2025-08-14,UPI,Mobile,1423.29,Retail,Success
T000874,A00319,2025-09-03,IMPS,Branch,18892.49,Investment,Success
T000875,A00146,2024-05-13,ATM,ATM,500.0,Cash Withdrawal,Success
T000876,A00148,2024-12-20,UPI,Mobile,921.94,Travel,Success
T000877,A00212,2024-06-25,Debit,Mobile,12692.55,Utility,Success
T000878,A00095,2024-09-07,Credit,ATM,14942.75,Retail,Success
T000879,A00504,2025-07-17,ATM,ATM,20000.0,Cash Withdrawal,Success
T000880,A00401,2025-04-19,ATM,ATM,500.0,Cash Withdrawal,Success
T000881,A00140,2025-02-13,NEFT,Mobile,46595.83,Healthcare,Success
T000882,A00368,2025-05-15,ATM,ATM,10000.0,Cash Withdrawal,Success
T000883,A00187,2024-08-28,Debit,ATM,14784.31,Retail,Success
T000884,A00081,2025-10-23,Debit,Internet Banking,4038.88,Education,Success
T000885,A00098,2024-12-13,Debit,Branch,6130.76,Investment,Success
T000886,A00514,2024-02-05,Debit,Internet Banking,11114.95,Utility,Success
T000887,A00112,2025-04-21,NEFT,Mobile,67497.86,Utility,Success
T000888,A00013,2024-06-13,Debit,Internet Banking,557672.07,Loan EMI,Success
T000889,A00452,2024-02-25,Debit,ATM,13226.75,Travel,Success
T000890,A00481,2025-05-29,Debit,Internet Banking,17058.91,Healthcare,Failed
T000891,A00118,2024-07-02,IMPS,Branch,10260.89,Healthcare,Success
T000892,A00008,2024-12-11,IMPS,Branch,53683.88,Retail,Success
T000893,A00486,2025-03-21,Credit,ATM,33109.92,Retail,Success
T000894,A00390,2024-02-21,NEFT,Branch,18052.56,Education,Success
T000895,A00315,2024-01-25,UPI,Mobile,947.79,Travel,Success
T000896,A00477,2024-11-28,Debit,Mobile,18471.12,Travel,Success
T000897,A00421,2024-09-11,Credit,Mobile,11021.26,Utility,Success
T000898,A00461,2024-10-08,Debit,Internet Banking,1956.83,Education,Success
T000899,A00559,2025-08-05,UPI,Mobile,996.9,Retail,Success
T000900,A00107,2025-01-26,UPI,Mobile,3880.25,Retail,Success
T000901,A00321,2025-03-08,UPI,Mobile,1198.66,Travel,Success
T000902,A00083,2025-03-19,IMPS,Internet Banking,27178.86,Retail,Success
T000903,A00548,2025-07-06,NEFT,Internet Banking,57026.41,Utility,Success
T000904,A00467,2024-10-08,ATM,ATM,1000.0,Cash Withdrawal,Success
T000905,A00424,2024-07-04,ATM,ATM,244995.44,Cash Withdrawal,Success
T000906,A00136,2024-10-08,Debit,ATM,13533.71,Travel,Success
T000907,A00345,2024-08-14,Credit,ATM,8573.34,Loan EMI,Success
T000908,A00349,2025-07-08,Debit,Mobile,6923.24,Healthcare,Success
T000909,A00475,2024-06-04,UPI,Mobile,8197.93,Healthcare,Success
T000910,A00415,2024-09-18,UPI,Mobile,3460.74,Retail,Success
T000911,A00366,2024-03-26,Debit,ATM,14780.84,Cash Withdrawal,Success
T000912,A00500,2024-01-31,Credit,Branch,15380.88,Healthcare,Success
T000913,A00024,2024-10-17,UPI,Mobile,1358.91,Healthcare,Success
T000914,A00573,2024-05-14,Debit,Mobile,13430.07,Travel,Success
T000915,A00117,2025-08-07,Debit,Branch,9228.54,Investment,Success
T000916,A00229,2025-03-04,IMPS,Mobile,16709.84,Education,Success
T000917,A00338,2025-05-29,UPI,Mobile,1968.77,Healthcare,Success
T000918,A00497,2024-10-20,NEFT,Mobile,26464.23,Investment,Success
T000919,A00306,2024-01-04,UPI,Mobile,2042.96,Utility,Success
T000920,A00104,2025-01-27,UPI,Mobile,2321.35,Healthcare,Success
T000921,A00030,2025-09-25,Debit,Mobile,14706.42,Investment,Success
T000922,A00263,2024-06-19,UPI,Mobile,660.57,Healthcare,Failed
T000923,A00024,2025-09-07,NEFT,Branch,24345.53,Healthcare,Success
T000924,A00170,2025-04-13,Debit,Branch,8803.43,Utility,Success
T000925,A00211,2024-11-26,Credit,Mobile,19719.08,Retail,Success
T000926,A00257,2025-12-01,UPI,Mobile,2840.22,Travel,Failed
T000927,A00534,2025-10-18,Credit,ATM,6405.19,Utility,Success
T000928,A00073,2024-01-08,ATM,ATM,20000.0,Cash Withdrawal,Success
T000929,A00503,2025-01-29,Credit,Internet Banking,3959.94,Cash Withdrawal,Success
T000930,A00569,2024-01-25,UPI,Mobile,6455.26,Retail,Success
T000931,A00041,2025-01-07,Debit,Internet Banking,14342.47,Investment,Success
T000932,A00276,2025-08-16,ATM,ATM,500.0,Cash Withdrawal,Success
T000933,A00360,2024-05-25,IMPS,Mobile,9831.93,Investment,Success
T000934,A00077,2025-04-14,NEFT,Mobile,21536.61,Investment,Success
T000935,A00475,2024-12-04,NEFT,Branch,65497.82,Education,Success
T000936,A00147,2024-05-31,UPI,Mobile,5470.22,Retail,Success
T000937,A00386,2025-12-31,Debit,Branch,31261.41,Cash Withdrawal,Success
T000938,A00313,2024-06-07,ATM,ATM,20000.0,Cash Withdrawal,Success
T000939,A00409,2024-09-20,UPI,Mobile,1999.76,Retail,Success
T000940,A00155,2025-08-21,Credit,ATM,10858.2,Investment,Success
T000941,A00365,2025-10-21,Credit,ATM,4953.44,Healthcare,Failed
T000942,A00178,2025-06-21,UPI,Mobile,1601.78,Healthcare,Success
T000943,A00067,2024-12-16,Debit,Branch,5489.54,Education,Success
T000944,A00126,2025-10-27,Debit,Internet Banking,8098.82,Loan EMI,Success
T000945,A00013,2025-06-20,NEFT,Branch,59441.93,Investment,Success
T000946,A00105,2024-12-03,UPI,Mobile,1243.58,Utility,Success
T000947,A00573,2024-03-22,IMPS,Internet Banking,26755.85,Healthcare,Success
T000948,A00270,2024-07-06,ATM,ATM,20000.0,Cash Withdrawal,Success
T000949,A00488,2024-06-30,Credit,ATM,10468.02,Cash Withdrawal,Success
T000950,A00066,2024-05-15,UPI,Mobile,7070.44,Retail,Success
T000951,A00510,2025-04-20,Credit,Mobile,4537.29,Healthcare,Success
T000952,A00511,2024-04-29,UPI,Mobile,1850.27,Healthcare,Success
T000953,A00227,2025-09-04,UPI,Mobile,4611.59,Retail,Success
T000954,A00118,2025-03-29,NEFT,Internet Banking,32310.48,Retail,Success
T000955,A00488,2024-01-01,Debit,Internet Banking,22564.22,Cash Withdrawal,Success
T000956,A00541,2025-05-09,UPI,Mobile,430.01,Utility,Success
T000957,A00362,2024-10-08,ATM,ATM,10000.0,Cash Withdrawal,Success
T000958,A00191,2025-05-14,Credit,Internet Banking,9407.05,Loan EMI,Success
T000959,A00462,2025-11-20,Debit,Internet Banking,5947.56,Healthcare,Success
T000960,A00192,2024-07-17,NEFT,Internet Banking,32061.85,Investment,Success
T000961,A00566,2025-04-28,Credit,ATM,10521.21,Education,Success
T000962,A00164,2024-07-15,ATM,ATM,1000.0,Cash Withdrawal,Success
T000963,A00164,2024-11-29,IMPS,Mobile,35047.23,Retail,Success
T000964,A00283,2024-08-22,IMPS,Mobile,59082.21,Education,Success
T000965,A00376,2024-11-18,UPI,Mobile,111.02,Healthcare,Success
T000966,A00006,2025-02-17,Credit,Internet Banking,6953.52,Healthcare,Success
T000967,A00488,2024-10-07,Credit,Branch,12463.93,Education,Success
T000968,A00397,2024-01-25,Debit,Internet Banking,2060.0,Healthcare,Success
T000969,A00227,2025-09-24,UPI,Mobile,2341.4,Utility,Success
T000970,A00346,2025-05-06,IMPS,Branch,20465.76,Healthcare,Failed
T000971,A00415,2025-12-05,IMPS,Branch,29263.26,Healthcare,Reversed
T000972,A00400,2024-03-01,Credit,ATM,18867.6,Cash Withdrawal,Success
T000973,A00302,2024-04-23,UPI,Mobile,3522.36,Retail,Success
T000974,A00443,2024-06-04,NEFT,Branch,52304.51,Education,Success
T000975,A00468,2024-09-08,Debit,ATM,4432.15,Cash Withdrawal,Success
T000976,A00071,2025-12-17,ATM,ATM,2000.0,Cash Withdrawal,Success
T000977,A00476,2024-08-07,Debit,Internet Banking,15864.94,Education,Success
T000978,A00273,2024-09-18,UPI,Mobile,2418.25,Retail,Success
T000979,A00457,2025-02-09,NEFT,Internet Banking,46147.04,Retail,Reversed
T000980,A00397,2024-01-17,UPI,Mobile,3907.01,Retail,Success
T000981,A00347,2025-07-05,UPI,Mobile,1599.52,Utility,Success
T000982,A00097,2025-07-25,NEFT,Branch,81592.51,Investment,Success
T000983,A00092,2025-08-10,IMPS,Branch,81277.94,Investment,Success
T000984,A00461,2024-10-10,UPI,Mobile,2465.79,Travel,Success
T000985,A00360,2025-04-09,UPI,Mobile,1871.65,Healthcare,Success
T000986,A00312,2024-01-07,UPI,Mobile,257660.96,Healthcare,Success
T000987,A00273,2024-08-16,UPI,Mobile,4468.97,Utility,Success
T000988,A00212,2025-08-11,IMPS,Branch,67441.7,Retail,Success
T000989,A00218,2024-11-11,Debit,Mobile,4872.52,Retail,Success
T000990,A00072,2024-12-01,NEFT,Internet Banking,44366.91,Investment,Success
T000991,A00286,2024-08-26,IMPS,Internet Banking,16768.14,Education,Success
T000992,A00470,2024-05-06,NEFT,Mobile,19979.41,Utility,Success
T000993,A00220,2025-01-24,Credit,Internet Banking,8328.86,Investment,Success
T000994,A00131,2024-04-05,IMPS,Branch,9532.08,Retail,Success
T000995,A00221,2024-05-03,IMPS,Branch,15854.98,Retail,Reversed
T000996,A00445,2024-07-14,Debit,Mobile,26303.19,Healthcare,Success
T000997,A00488,2024-01-17,Credit,Internet Banking,6677.23,Investment,Success
T000998,A00384,2024-11-13,NEFT,Mobile,59300.82,Education,Success
T000999,A00415,2025-04-27,Credit,ATM,12147.89,Healthcare,Success
T001000,A00186,2025-08-01,Credit,Branch,15436.6,Utility,Success
T001001,A00063,2025-09-02,NEFT,Branch,50531.48,Education,Success
T001002,A00165,2025-03-05,Credit,Branch,5245.32,Utility,Failed
T001003,A00171,2024-01-31,UPI,Mobile,2717.06,Utility,Success
T001004,A00279,2025-09-28,Debit,Mobile,4058.51,Healthcare,Success
T001005,A00151,2025-02-21,Credit,Internet Banking,6471.83,Utility,Success
T001006,A00235,2024-04-04,UPI,Mobile,2282.97,Retail,Success
T001007,A00445,2025-07-03,UPI,Mobile,606.83,Retail,Success
T001008,A00271,2024-05-11,Debit,ATM,1857.54,Travel,Success
T001009,A00207,2024-05-08,Debit,Branch,13615.82,Utility,Success
T001010,A00100,2025-02-17,Debit,Mobile,2915.66,Education,Success
T001011,A00320,2024-12-02,ATM,ATM,5000.0,Cash Withdrawal,Success
T001012,A00281,2024-05-14,Debit,ATM,16639.82,Utility,Failed
T001013,A00036,2025-01-29,UPI,Mobile,1175.71,Travel,Success
T001014,A00035,2024-08-31,Credit,ATM,13491.13,Retail,Success
T001015,A00365,2024-07-11,UPI,Mobile,1898.14,Healthcare,Success
T001016,A00277,2025-07-12,UPI,Mobile,2562.32,Utility,Success
T001017,A00358,2024-12-11,IMPS,Internet Banking,51025.06,Education,Success
T001018,A00585,2025-04-12,ATM,ATM,20000.0,Cash Withdrawal,Success
T001019,A00277,2024-03-05,NEFT,Mobile,14286.12,Utility,Success
T001020,A00239,2025-04-13,NEFT,Internet Banking,27947.76,Retail,Success
T001021,A00368,2024-11-10,UPI,Mobile,1922.31,Retail,Failed
T001022,A00191,2025-02-11,NEFT,Branch,82524.98,Investment,Success
T001023,A00018,2024-07-22,ATM,ATM,2000.0,Cash Withdrawal,Success
T001024,A00566,2025-06-21,Credit,ATM,16086.88,Education,Reversed
T001025,A00175,2025-01-18,Credit,Branch,23852.73,Education,Success
T001026,A00159,2025-07-07,IMPS,Branch,44038.62,Healthcare,Success
T001027,A00426,2024-10-30,Debit,Internet Banking,21009.83,Loan EMI,Success
T001028,A00319,2024-01-01,Credit,ATM,12773.74,Education,Success
T001029,A00069,2024-03-01,ATM,ATM,1000.0,Cash Withdrawal,Success
T001030,A00255,2025-02-04,NEFT,Branch,66411.76,Healthcare,Success
T001031,A00371,2024-03-13,Debit,ATM,8447.35,Utility,Success
T001032,A00159,2024-07-29,UPI,Mobile,4148.47,Utility,Success
T001033,A00124,2025-06-17,Debit,Mobile,14944.39,Loan EMI,Success
T001034,A00131,2025-07-08,ATM,ATM,5000.0,Cash Withdrawal,Success
T001035,A00362,2024-10-05,IMPS,Internet Banking,9598.71,Healthcare,Success
T001036,A00499,2025-03-12,UPI,Mobile,1969.0,Healthcare,Success
T001037,A00109,2024-03-31,IMPS,Branch,51449.9,Retail,Success
T001038,A00528,2025-12-19,IMPS,Mobile,60410.51,Utility,Success
T001039,A00297,2024-10-09,IMPS,Branch,108211.64,Retail,Success
T001040,A00265,2024-12-31,Credit,Mobile,7521.16,Loan EMI,Success
T001041,A00464,2025-11-12,Debit,Internet Banking,32648.2,Investment,Success
T001042,A00407,2024-02-13,UPI,Mobile,1504.3,Retail,Success
T001043,A00251,2025-01-04,UPI,Mobile,792.13,Healthcare,Success
T001044,A00041,2024-12-21,UPI,Mobile,1003.83,Healthcare,Success
T001045,A00558,2024-02-08,IMPS,Branch,49430.78,Healthcare,Success
T001046,A00190,2024-01-25,UPI,Mobile,692.39,Utility,Failed
T001047,A00030,2025-04-12,NEFT,Mobile,26013.6,Education,Success
T001048,A00262,2024-10-10,UPI,Mobile,1933.96,Retail,Success
T001049,A00277,2024-06-13,Debit,ATM,26769.61,Investment,Success
T001050,A00181,2025-05-26,NEFT,Mobile,59281.1,Education,Success
T001051,A00240,2024-11-20,NEFT,Internet Banking,34681.54,Utility,Success
T001052,A00531,2025-10-16,Debit,Internet Banking,15482.2,Education,Success
T001053,A00372,2024-12-11,NEFT,Mobile,39891.03,Investment,Success
T001054,A00118,2024-07-13,UPI,Mobile,520.72,Utility,Success
T001055,A00423,2025-09-25,ATM,ATM,1000.0,Cash Withdrawal,Success
T001056,A00430,2024-09-26,Credit,ATM,29570.05,Healthcare,Failed
T001057,A00110,2024-10-27,UPI,Mobile,4170.5,Retail,Success
T001058,A00042,2024-09-08,UPI,Mobile,1415.71,Utility,Success
T001059,A00231,2024-09-08,NEFT,Mobile,23671.5,Investment,Success
T001060,A00022,2025-09-18,UPI,Mobile,532.51,Healthcare,Success
T001061,A00202,2025-02-26,Debit,Internet Banking,16093.02,Investment,Success
T001062,A00387,2024-09-26,UPI,Mobile,2356.78,Utility,Failed
T001063,A00340,2025-07-07,Debit,Branch,5926.47,Healthcare,Reversed
T001064,A00260,2025-07-05,UPI,Mobile,1813.8,Retail,Success
T001065,A00541,2025-12-26,UPI,Mobile,2669.3,Utility,Success
T001066,A00240,2024-12-22,ATM,ATM,20000.0,Cash Withdrawal,Success
T001067,A00236,2025-04-21,Debit,Mobile,7459.69,Loan EMI,Success
T001068,A00466,2024-03-07,IMPS,Internet Banking,28996.25,Utility,Success
T001069,A00059,2024-12-21,UPI,Mobile,1273.3,Travel,Success
T001070,A00292,2025-08-06,Debit,Mobile,6215.28,Loan EMI,Success
T001071,A00140,2025-02-09,Debit,Internet Banking,9583.7,Cash Withdrawal,Success
T001072,A00351,2024-08-26,UPI,Mobile,324.24,Healthcare,Success
T001073,A00335,2024-01-07,IMPS,Internet Banking,27685.42,Education,Success
T001074,A00074,2025-09-20,Credit,Internet Banking,9151.39,Utility,Success
T001075,A00188,2024-07-04,Credit,Internet Banking,10385.09,Travel,Success
T001076,A00429,2025-08-10,ATM,ATM,20000.0,Cash Withdrawal,Success
T001077,A00507,2024-05-21,NEFT,Internet Banking,46823.71,Utility,Success
T001078,A00460,2024-09-15,UPI,Mobile,491.34,Travel,Success
T001079,A00372,2025-10-24,UPI,Mobile,585.8,Utility,Success
T001080,A00271,2024-01-21,NEFT,Internet Banking,17998.33,Retail,Success
T001081,A00177,2024-01-02,IMPS,Branch,369327.46,Utility,Success
T001082,A00398,2024-03-12,IMPS,Internet Banking,50460.53,Retail,Success
T001083,A00366,2024-04-09,NEFT,Internet Banking,21671.28,Retail,Success
T001084,A00471,2025-12-24,NEFT,Internet Banking,32832.74,Retail,Success
T001085,A00032,2025-09-29,Credit,Mobile,5711.95,Cash Withdrawal,Success
T001086,A00189,2025-08-27,UPI,Mobile,1119.75,Retail,Success
T001087,A00358,2025-04-10,IMPS,Branch,41562.35,Healthcare,Failed
T001088,A00590,2024-03-08,Debit,ATM,13617.11,Utility,Success
T001089,A00198,2025-02-17,Credit,Mobile,4996.56,Loan EMI,Success
T001090,A00105,2025-06-16,Credit,ATM,10250.9,Investment,Success
T001091,A00300,2024-11-24,Credit,Branch,5786.11,Cash Withdrawal,Success
T001092,A00465,2025-01-21,Credit,Mobile,9996.48,Loan EMI,Success
T001093,A00414,2024-11-09,UPI,Mobile,876.1,Utility,Success
T001094,A00563,2024-02-12,Debit,Mobile,30691.95,Cash Withdrawal,Success
T001095,A00578,2024-06-26,UPI,Mobile,2658.75,Retail,Success
T001096,A00322,2025-01-29,Debit,Mobile,13997.75,Investment,Success
T001097,A00187,2025-06-04,Debit,Mobile,8907.7,Education,Failed
T001098,A00233,2025-12-30,Debit,Branch,18319.96,Loan EMI,Success
T001099,A00016,2024-02-16,IMPS,Internet Banking,32327.64,Utility,Success
T001100,A00253,2025-11-06,NEFT,Mobile,95347.09,Investment,Success
T001101,A00395,2025-02-15,Credit,Branch,19452.93,Education,Success
T001102,A00452,2025-11-27,UPI,Mobile,1113.18,Utility,Success
T001103,A00288,2025-02-23,ATM,ATM,5000.0,Cash Withdrawal,Success
T001104,A00200,2025-05-14,Debit,Mobile,26887.2,Investment,Success
T001105,A00135,2025-11-09,ATM,ATM,500.0,Cash Withdrawal,Success
T001106,A00522,2024-03-09,Debit,ATM,8939.33,Utility,Success
T001107,A00423,2024-10-18,UPI,Mobile,4978.39,Utility,Success
T001108,A00126,2025-02-08,NEFT,Internet Banking,91546.65,Utility,Success
T001109,A00134,2025-06-14,IMPS,Mobile,41407.17,Healthcare,Success
T001110,A00413,2024-07-07,Credit,Mobile,3065.93,Education,Success
T001111,A00150,2025-03-28,UPI,Mobile,1766.23,Retail,Success
T001112,A00199,2024-08-03,ATM,ATM,500.0,Cash Withdrawal,Failed
T001113,A00362,2024-09-13,IMPS,Mobile,13194.13,Healthcare,Success
T001114,A00416,2025-01-24,Credit,ATM,6947.09,Travel,Success
T001115,A00356,2025-11-04,ATM,ATM,500.0,Cash Withdrawal,Success
T001116,A00259,2025-09-08,UPI,Mobile,956.75,Travel,Failed
T001117,A00059,2024-04-24,ATM,ATM,5000.0,Cash Withdrawal,Success
T001118,A00178,2024-11-25,Debit,Branch,4566.62,Travel,Success
T001119,A00004,2025-07-30,Credit,Internet Banking,12538.89,Travel,Success
T001120,A00037,2025-07-31,UPI,Mobile,810.92,Retail,Failed
T001121,A00411,2024-10-16,ATM,ATM,5000.0,Cash Withdrawal,Success
T001122,A00524,2025-09-19,Debit,Internet Banking,9223.75,Loan EMI,Success
T001123,A00572,2025-01-03,Debit,ATM,7375.16,Utility,Success
T001124,A00271,2024-06-13,Debit,Mobile,14799.05,Investment,Success
T001125,A00491,2025-02-24,ATM,ATM,10000.0,Cash Withdrawal,Reversed
T001126,A00132,2025-10-03,Debit,Internet Banking,14127.45,Investment,Success
T001127,A00483,2025-03-30,IMPS,Mobile,26584.41,Education,Success
T001128,A00140,2025-06-26,Debit,Branch,15265.44,Education,Failed
T001129,A00387,2025-04-19,UPI,Mobile,3428.99,Healthcare,Success
T001130,A00418,2024-05-24,UPI,Mobile,147.08,Healthcare,Success
T001131,A00441,2024-02-22,Debit,ATM,7075.16,Utility,Failed
T001132,A00462,2024-07-03,IMPS,Internet Banking,15430.28,Investment,Success
T001133,A00288,2025-11-27,UPI,Mobile,850.2,Travel,Success
T001134,A00209,2024-06-03,UPI,Mobile,112.8,Healthcare,Success
T001135,A00520,2024-11-19,UPI,Mobile,138.92,Retail,Success
T001136,A00090,2024-01-22,Credit,Mobile,584.24,Healthcare,Success
T001137,A00379,2024-07-26,ATM,ATM,1000.0,Cash Withdrawal,Success
T001138,A00336,2025-08-20,IMPS,Mobile,22747.78,Healthcare,Success
T001139,A00322,2024-04-13,NEFT,Internet Banking,22248.66,Investment,Success
T001140,A00438,2024-06-11,UPI,Mobile,3760.44,Healthcare,Success
T001141,A00263,2024-04-26,ATM,ATM,1000.0,Cash Withdrawal,Success
T001142,A00041,2024-05-18,NEFT,Mobile,37194.99,Healthcare,Success
T001143,A00386,2025-03-27,UPI,Mobile,2171.45,Travel,Success
T001144,A00525,2025-11-18,UPI,Mobile,12249.21,Utility,Success
T001145,A00072,2024-06-30,Credit,ATM,1595.02,Investment,Success
T001146,A00208,2025-10-11,Debit,Mobile,29129.82,Healthcare,Success
T001147,A00017,2025-09-28,NEFT,Mobile,32493.11,Investment,Success
T001148,A00547,2024-10-13,IMPS,Internet Banking,24209.49,Healthcare,Success
T001149,A00251,2025-12-18,Debit,Internet Banking,7157.38,Investment,Success
T001150,A00490,2025-11-06,Credit,Mobile,13443.91,Utility,Failed
T001151,A00011,2025-08-10,Credit,Internet Banking,8049.85,Education,Success
T001152,A00037,2025-12-12,ATM,ATM,20000.0,Cash Withdrawal,Success
T001153,A00546,2025-03-10,UPI,Mobile,532.83,Utility,Success
T001154,A00275,2025-07-19,Debit,ATM,7351.71,Cash Withdrawal,Success
T001155,A00089,2025-11-13,IMPS,Branch,189968.08,Utility,Success
T001156,A00255,2024-03-17,Credit,Mobile,16702.26,Utility,Success
T001157,A00092,2024-03-18,Credit,Mobile,30929.09,Healthcare,Success
T001158,A00163,2025-08-19,UPI,Mobile,1616.85,Healthcare,Success
T001159,A00112,2025-09-19,Credit,Branch,23443.27,Education,Failed
T001160,A00195,2024-04-03,ATM,ATM,654114.91,Cash Withdrawal,Success
T001161,A00052,2024-03-22,Debit,Branch,9462.65,Loan EMI,Success
T001162,A00529,2025-09-11,ATM,ATM,5000.0,Cash Withdrawal,Success
T001163,A00063,2025-03-29,Debit,Mobile,10367.75,Travel,Success
T001164,A00151,2025-07-09,UPI,Mobile,1368.97,Travel,Success
T001165,A00079,2024-07-11,Debit,ATM,12491.66,Education,Success
T001166,A00315,2025-09-07,UPI,Mobile,2753.45,Utility,Success
T001167,A00366,2024-09-03,UPI,Mobile,1030.52,Utility,Success
T001168,A00064,2024-03-05,UPI,Mobile,685.86,Retail,Success
T001169,A00083,2025-11-21,ATM,ATM,20000.0,Cash Withdrawal,Failed
T001170,A00093,2024-11-22,UPI,Mobile,2906.25,Utility,Success
T001171,A00068,2025-08-05,Debit,ATM,18644.54,Loan EMI,Success
T001172,A00394,2025-05-26,Debit,Internet Banking,25688.31,Healthcare,Success
T001173,A00240,2025-08-24,Credit,ATM,6968.42,Investment,Success
T001174,A00428,2025-04-19,NEFT,Mobile,28265.04,Healthcare,Success
T001175,A00410,2025-03-05,IMPS,Internet Banking,64550.21,Education,Success
T001176,A00156,2025-02-13,Debit,Internet Banking,7749.95,Utility,Failed
T001177,A00229,2024-04-07,Credit,Internet Banking,16263.88,Utility,Success
T001178,A00531,2025-02-05,Credit,ATM,9490.88,Education,Success
T001179,A00533,2025-03-19,UPI,Mobile,1908.9,Travel,Success
T001180,A00375,2024-04-18,Credit,ATM,4391.69,Loan EMI,Success
T001181,A00554,2025-05-21,NEFT,Mobile,315605.37,Healthcare,Success
T001182,A00331,2025-12-01,UPI,Mobile,3382.85,Retail,Success
T001183,A00362,2025-01-17,NEFT,Internet Banking,56573.96,Education,Success
T001184,A00019,2025-04-02,Debit,Branch,5242.74,Education,Success
T001185,A00333,2025-10-11,IMPS,Mobile,97495.32,Education,Success
T001186,A00352,2025-12-16,Debit,Branch,21524.91,Healthcare,Success
T001187,A00241,2025-12-26,UPI,Mobile,546.81,Travel,Success
T001188,A00503,2024-01-20,Debit,Mobile,7387.9,Investment,Success
T001189,A00085,2025-06-25,UPI,Mobile,576.83,Utility,Success
T001190,A00203,2024-10-09,ATM,ATM,2000.0,Cash Withdrawal,Success
T001191,A00260,2024-08-16,UPI,Mobile,1947.98,Utility,Success
T001192,A00153,2024-10-06,IMPS,Mobile,21434.8,Education,Success
T001193,A00198,2025-09-03,UPI,Mobile,194.63,Utility,Success
T001194,A00206,2025-06-20,NEFT,Mobile,31940.21,Investment,Success
T001195,A00012,2024-11-01,Debit,Branch,19020.32,Cash Withdrawal,Success
T001196,A00451,2024-03-21,Debit,Branch,11630.45,Loan EMI,Success
T001197,A00474,2024-11-17,Credit,ATM,15345.71,Loan EMI,Success
T001198,A00485,2024-10-18,Credit,Branch,12371.44,Healthcare,Success
T001199,A00347,2025-07-19,UPI,Mobile,2522.19,Travel,Success
T001200,A00586,2024-01-27,UPI,Mobile,1861.1,Utility,Success
T001201,A00036,2025-10-21,Debit,Mobile,9955.08,Retail,Success
T001202,A00530,2024-03-06,IMPS,Internet Banking,35948.98,Investment,Success
T001203,A00247,2024-04-04,ATM,ATM,2000.0,Cash Withdrawal,Success
T001204,A00073,2025-05-19,UPI,Mobile,4041.76,Retail,Success
T001205,A00421,2025-12-12,Credit,Mobile,15896.51,Education,Success
T001206,A00275,2024-08-20,Debit,Mobile,5229.13,Retail,Success
T001207,A00512,2024-02-13,Credit,Branch,11413.64,Utility,Success
T001208,A00340,2024-11-26,Debit,Internet Banking,13483.62,Retail,Success
T001209,A00025,2025-11-16,ATM,ATM,5000.0,Cash Withdrawal,Success
T001210,A00037,2024-08-01,Debit,Internet Banking,9730.36,Retail,Success
T001211,A00391,2025-06-05,NEFT,Internet Banking,5132.0,Healthcare,Success
T001212,A00299,2024-09-29,UPI,Mobile,705.96,Healthcare,Success
T001213,A00270,2024-12-08,Debit,ATM,8065.49,Investment,Success
T001214,A00030,2025-04-01,UPI,Mobile,4935.98,Healthcare,Success
T001215,A00412,2024-04-19,ATM,ATM,1000.0,Cash Withdrawal,Success
T001216,A00317,2025-12-07,ATM,ATM,10000.0,Cash Withdrawal,Success
T001217,A00056,2025-10-25,UPI,Mobile,2138.56,Utility,Success
T001218,A00013,2024-08-09,NEFT,Mobile,8104.94,Investment,Success
T001219,A00348,2025-04-13,IMPS,Branch,31349.44,Investment,Success
T001220,A00303,2025-11-14,NEFT,Internet Banking,77888.44,Utility,Success
T001221,A00032,2025-09-26,Credit,Mobile,7080.8,Cash Withdrawal,Success
T001222,A00406,2025-08-04,IMPS,Internet Banking,66152.22,Utility,Success
T001223,A00453,2025-01-16,Credit,Internet Banking,3057.36,Retail,Success
T001224,A00126,2024-11-05,Credit,Internet Banking,499.75,Education,Success
T001225,A00032,2025-05-02,Credit,Mobile,22285.61,Travel,Success
T001226,A00288,2024-10-03,Credit,Internet Banking,7769.59,Travel,Success
T001227,A00067,2025-02-11,ATM,ATM,500.0,Cash Withdrawal,Success
T001228,A00498,2025-02-26,Credit,Mobile,8218.1,Retail,Failed
T001229,A00298,2025-12-27,Debit,Internet Banking,12296.12,Education,Success
T001230,A00287,2024-07-11,Debit,Internet Banking,14487.23,Retail,Success
T001231,A00465,2025-07-26,IMPS,Mobile,2038.07,Investment,Success
T001232,A00304,2025-01-07,Credit,ATM,6675.03,Loan EMI,Success
T001233,A00397,2025-11-05,IMPS,Branch,35071.56,Retail,Success
T001234,A00368,2025-02-20,Credit,Internet Banking,14466.28,Healthcare,Success
T001235,A00311,2024-05-31,NEFT,Mobile,15049.54,Retail,Failed
T001236,A00091,2025-09-08,Debit,Branch,9382.75,Healthcare,Success
T001237,A00481,2025-07-06,NEFT,Internet Banking,21141.28,Utility,Failed
T001238,A00152,2025-09-05,Debit,Branch,12568.73,Utility,Success
T001239,A00421,2024-03-24,NEFT,Internet Banking,70925.27,Retail,Success
T001240,A00005,2024-09-17,IMPS,Branch,25990.45,Investment,Success
T001241,A00355,2025-05-15,Credit,ATM,3549.22,Investment,Success
T001242,A00231,2025-08-13,Debit,Internet Banking,6405.91,Travel,Success
T001243,A00163,2025-12-11,NEFT,Internet Banking,96874.93,Utility,Failed
T001244,A00114,2025-05-22,Credit,Mobile,5671.97,Cash Withdrawal,Success
T001245,A00221,2025-07-08,UPI,Mobile,121768.21,Travel,Success
T001246,A00195,2025-11-27,Credit,ATM,8174.35,Loan EMI,Success
T001247,A00381,2025-11-08,UPI,Mobile,1394.09,Utility,Success
T001248,A00323,2025-03-14,UPI,Mobile,965.2,Healthcare,Success
T001249,A00525,2024-02-02,UPI,Mobile,338.74,Utility,Success
T001250,A00408,2025-07-05,ATM,ATM,5000.0,Cash Withdrawal,Success
T001251,A00372,2025-12-02,UPI,Mobile,1905.54,Retail,Failed
T001252,A00091,2025-05-01,Debit,Mobile,12577.24,Travel,Success
T001253,A00099,2025-04-10,Debit,ATM,16773.23,Education,Success
T001254,A00343,2024-11-13,UPI,Mobile,1747.58,Healthcare,Success
T001255,A00011,2025-12-01,Credit,Mobile,27828.45,Loan EMI,Success
T001256,A00290,2025-12-14,UPI,Mobile,2592.94,Retail,Success
T001257,A00552,2025-05-17,Credit,Internet Banking,15434.63,Cash Withdrawal,Success
T001258,A00352,2025-03-12,Credit,Branch,22288.82,Travel,Success
T001259,A00006,2025-01-31,NEFT,Branch,37171.38,Investment,Success
T001260,A00192,2024-08-16,Debit,Internet Banking,9522.3,Education,Success
T001261,A00122,2024-04-13,Credit,Branch,13278.78,Retail,Success
T001262,A00460,2024-01-22,ATM,ATM,20000.0,Cash Withdrawal,Success
T001263,A00448,2025-04-30,Credit,Internet Banking,1883.84,Investment,Success
T001264,A00381,2025-05-01,UPI,Mobile,1673.1,Travel,Success
T001265,A00127,2024-01-25,Credit,Branch,10152.9,Education,Reversed
T001266,A00397,2025-07-24,Debit,Mobile,14224.33,Utility,Success
T001267,A00041,2024-08-25,Debit,ATM,20451.09,Utility,Success
T001268,A00395,2024-03-02,UPI,Mobile,2285.31,Retail,Success
T001269,A00566,2024-01-10,Debit,Branch,6419.13,Healthcare,Success
T001270,A00225,2024-07-12,ATM,ATM,5000.0,Cash Withdrawal,Success
T001271,A00413,2025-07-20,UPI,Mobile,2729.83,Retail,Success
T001272,A00544,2024-05-28,NEFT,Internet Banking,92679.75,Healthcare,Reversed
T001273,A00173,2024-09-09,UPI,Mobile,3119.48,Healthcare,Success
T001274,A00237,2024-09-25,UPI,Mobile,443.34,Healthcare,Success
T001275,A00420,2024-01-29,Debit,ATM,15615.66,Investment,Success
T001276,A00237,2024-05-10,UPI,Mobile,514.56,Healthcare,Success
T001277,A00165,2024-09-04,UPI,Mobile,1194.49,Utility,Success
T001278,A00032,2025-03-03,Credit,Mobile,13955.72,Utility,Success
T001279,A00295,2025-02-06,Debit,ATM,12791.53,Cash Withdrawal,Success
T001280,A00327,2025-04-26,UPI,Mobile,3078.2,Healthcare,Success
T001281,A00144,2025-04-25,Debit,Internet Banking,28154.81,Healthcare,Success
T001282,A00065,2024-09-14,UPI,Mobile,2146.18,Utility,Success
T001283,A00240,2024-11-16,IMPS,Mobile,25541.81,Investment,Success
T001284,A00325,2024-07-15,NEFT,Branch,5121.12,Healthcare,Success
T001285,A00198,2025-09-19,NEFT,Internet Banking,77566.06,Education,Success
T001286,A00578,2025-07-20,Debit,Internet Banking,10189.77,Utility,Success
T001287,A00310,2025-10-15,Debit,ATM,10559.17,Utility,Success
T001288,A00398,2024-09-08,Debit,ATM,11140.34,Loan EMI,Success
T001289,A00075,2024-09-15,Credit,Internet Banking,232249.66,Investment,Failed
T001290,A00528,2025-04-10,IMPS,Branch,46640.79,Retail,Success
T001291,A00450,2024-07-22,Debit,Internet Banking,8980.52,Loan EMI,Success
T001292,A00412,2024-11-16,Credit,Branch,10120.26,Travel,Success
T001293,A00056,2024-02-12,NEFT,Mobile,20848.49,Utility,Success
T001294,A00101,2025-12-04,UPI,Mobile,818.88,Retail,Success
T001295,A00011,2024-04-24,Debit,ATM,6391.75,Cash Withdrawal,Success
T001296,A00281,2025-07-19,Debit,Branch,508884.01,Utility,Success
T001297,A00180,2025-01-27,Debit,Mobile,5483.48,Utility,Success
T001298,A00284,2025-05-12,Credit,Branch,432.2,Investment,Success
T001299,A00174,2024-06-26,IMPS,Mobile,569813.12,Utility,Success
T001300,A00411,2025-04-01,Debit,Mobile,4039.78,Travel,Success
T001301,A00157,2025-01-28,NEFT,Mobile,36363.11,Utility,Success
T001302,A00525,2025-03-23,NEFT,Branch,20782.67,Education,Success
T001303,A00413,2025-03-28,UPI,Mobile,2094.51,Utility,Success
T001304,A00402,2024-06-21,NEFT,Internet Banking,12455.86,Investment,Success
T001305,A00262,2024-10-24,NEFT,Mobile,6307.94,Retail,Failed
T001306,A00256,2025-10-22,ATM,ATM,5000.0,Cash Withdrawal,Success
T001307,A00366,2025-01-03,Debit,Internet Banking,10137.65,Investment,Success
T001308,A00094,2025-03-23,Debit,Branch,8051.23,Cash Withdrawal,Reversed
T001309,A00512,2024-06-10,Credit,Branch,3743.43,Retail,Success
T001310,A00241,2024-04-02,ATM,ATM,1000.0,Cash Withdrawal,Success
T001311,A00052,2024-09-13,Credit,ATM,17607.24,Loan EMI,Success
T001312,A00466,2024-10-12,NEFT,Internet Banking,14488.23,Investment,Success
T001313,A00069,2024-08-25,NEFT,Branch,18284.69,Utility,Success
T001314,A00185,2024-10-22,UPI,Mobile,2942.54,Healthcare,Success
T001315,A00207,2025-09-09,ATM,ATM,500.0,Cash Withdrawal,Success
T001316,A00188,2025-06-30,Credit,Internet Banking,15088.62,Healthcare,Success
T001317,A00197,2024-09-08,NEFT,Mobile,13110.34,Investment,Success
T001318,A00022,2025-05-27,UPI,Mobile,1147.55,Retail,Success
T001319,A00502,2024-06-08,NEFT,Internet Banking,11925.15,Retail,Success
T001320,A00296,2025-04-18,Debit,Branch,18831.73,Travel,Success
T001321,A00044,2024-03-09,IMPS,Internet Banking,60691.76,Utility,Success
T001322,A00523,2025-11-24,ATM,ATM,10000.0,Cash Withdrawal,Success
T001323,A00560,2025-04-22,IMPS,Branch,101668.86,Education,Success
T001324,A00430,2024-09-14,UPI,Mobile,6019.51,Healthcare,Success
T001325,A00133,2024-02-07,Debit,ATM,6893.77,Cash Withdrawal,Success
T001326,A00407,2025-01-19,Debit,Mobile,16970.9,Healthcare,Success
T001327,A00227,2025-03-21,NEFT,Internet Banking,5307.22,Healthcare,Success
T001328,A00147,2025-10-26,NEFT,Mobile,38362.8,Investment,Success
T001329,A00469,2024-09-15,UPI,Mobile,2050.61,Healthcare,Success
T001330,A00216,2025-04-19,Credit,Mobile,5227.33,Education,Success
T001331,A00107,2024-10-29,Debit,ATM,6575.62,Loan EMI,Success
T001332,A00463,2024-03-20,UPI,Mobile,2808.23,Utility,Success
T001333,A00042,2025-05-05,Credit,ATM,14505.16,Education,Success
T001334,A00012,2024-04-13,Credit,ATM,253085.66,Retail,Success
T001335,A00025,2025-04-04,UPI,Mobile,4057.18,Healthcare,Success
T001336,A00391,2024-02-22,NEFT,Branch,7107.16,Utility,Success
T001337,A00463,2025-06-10,Credit,Mobile,7413.76,Utility,Success
T001338,A00470,2025-10-12,Debit,Branch,4796.8,Education,Success
T001339,A00419,2024-08-13,Credit,ATM,17419.36,Retail,Success
T001340,A00205,2025-03-03,NEFT,Internet Banking,41072.43,Healthcare,Success
T001341,A00222,2024-01-01,IMPS,Internet Banking,14690.49,Utility,Success
T001342,A00068,2024-08-12,UPI,Mobile,715.51,Travel,Success
T001343,A00083,2025-11-16,UPI,Mobile,3470.77,Utility,Failed
T001344,A00502,2024-09-21,UPI,Mobile,1064.94,Utility,Success
T001345,A00163,2025-11-14,ATM,ATM,20000.0,Cash Withdrawal,Success
T001346,A00259,2024-08-19,NEFT,Mobile,4346.66,Healthcare,Failed
T001347,A00319,2025-05-25,IMPS,Mobile,13546.03,Utility,Success
T001348,A00271,2024-04-19,NEFT,Branch,105935.62,Investment,Success
T001349,A00262,2025-04-20,IMPS,Internet Banking,64964.34,Retail,Success
T001350,A00425,2025-03-05,UPI,Mobile,463.33,Utility,Success
T001351,A00514,2025-11-09,Credit,ATM,12250.42,Retail,Success
T001352,A00161,2025-02-28,UPI,Mobile,2874.97,Retail,Success
T001353,A00327,2024-08-29,UPI,Mobile,276.58,Healthcare,Success
T001354,A00226,2025-02-19,UPI,Mobile,3097.04,Travel,Success
T001355,A00173,2024-12-10,Credit,ATM,14416.67,Investment,Success
T001356,A00086,2024-01-09,Credit,Internet Banking,6283.73,Loan EMI,Failed
T001357,A00159,2024-02-22,Credit,Branch,15907.25,Retail,Reversed
T001358,A00390,2025-11-26,ATM,ATM,20000.0,Cash Withdrawal,Success
T001359,A00042,2024-06-18,NEFT,Mobile,41478.84,Utility,Success
T001360,A00041,2025-09-21,Credit,Branch,13770.43,Utility,Success
T001361,A00524,2024-04-20,Debit,ATM,11960.2,Travel,Success
T001362,A00067,2025-04-18,UPI,Mobile,691.52,Utility,Success
T001363,A00550,2024-04-08,UPI,Mobile,815.32,Travel,Success
T001364,A00359,2025-11-11,Credit,Internet Banking,9173.68,Loan EMI,Success
T001365,A00312,2025-10-31,ATM,ATM,5000.0,Cash Withdrawal,Failed
T001366,A00328,2025-11-13,Debit,Branch,11175.44,Loan EMI,Success
T001367,A00083,2024-03-01,UPI,Mobile,2413.59,Retail,Reversed
T001368,A00133,2024-06-01,ATM,ATM,2000.0,Cash Withdrawal,Success
T001369,A00251,2025-05-08,UPI,Mobile,5074.86,Retail,Success
T001370,A00588,2025-08-24,Debit,Branch,12627.57,Loan EMI,Success
T001371,A00416,2024-07-15,Debit,Mobile,16321.94,Retail,Success
T001372,A00414,2024-07-10,NEFT,Mobile,60271.57,Healthcare,Success
T001373,A00480,2024-05-16,NEFT,Branch,54637.86,Healthcare,Failed
T001374,A00193,2024-01-08,NEFT,Internet Banking,15728.35,Education,Success
T001375,A00355,2024-05-31,Credit,Branch,24184.46,Education,Success
T001376,A00295,2024-07-26,ATM,ATM,5000.0,Cash Withdrawal,Success
T001377,A00384,2025-12-29,Debit,ATM,437958.86,Healthcare,Success
T001378,A00535,2024-07-25,Debit,ATM,11852.09,Cash Withdrawal,Success
T001379,A00208,2025-03-21,ATM,ATM,20000.0,Cash Withdrawal,Success
T001380,A00583,2024-10-24,UPI,Mobile,705.03,Healthcare,Success
T001381,A00435,2025-08-26,UPI,Mobile,1535.16,Retail,Success
T001382,A00495,2025-09-15,UPI,Mobile,318.88,Utility,Success
T001383,A00279,2024-11-03,NEFT,Internet Banking,85792.87,Investment,Success
T001384,A00420,2024-09-28,Credit,Branch,6838.97,Retail,Success
T001385,A00251,2025-02-10,Credit,Mobile,8848.7,Travel,Success
T001386,A00582,2025-03-02,Credit,ATM,24986.27,Retail,Success
T001387,A00569,2025-11-08,UPI,Mobile,3526.66,Retail,Failed
T001388,A00414,2025-07-28,ATM,ATM,1000.0,Cash Withdrawal,Success
T001389,A00459,2024-03-22,Debit,Branch,190914.23,Loan EMI,Success
T001390,A00272,2024-06-22,ATM,ATM,20000.0,Cash Withdrawal,Success
T001391,A00456,2024-07-27,ATM,ATM,2000.0,Cash Withdrawal,Failed
T001392,A00328,2025-07-09,ATM,ATM,20000.0,Cash Withdrawal,Reversed
T001393,A00128,2024-01-04,IMPS,Internet Banking,93987.57,Education,Success
T001394,A00482,2024-12-11,Credit,Internet Banking,5258.22,Travel,Success
T001395,A00087,2024-12-30,NEFT,Mobile,42632.57,Investment,Success
T001396,A00264,2024-01-19,IMPS,Branch,15409.51,Utility,Success
T001397,A00363,2024-06-13,UPI,Mobile,3177.02,Travel,Failed
T001398,A00372,2024-01-31,Debit,Internet Banking,20672.75,Investment,Success
T001399,A00428,2024-08-05,Credit,Internet Banking,29652.24,Travel,Success
T001400,A00528,2025-07-24,NEFT,Mobile,33592.29,Education,Success
T001401,A00043,2024-02-07,UPI,Mobile,5463.63,Retail,Success
T001402,A00396,2025-10-26,Debit,Mobile,4949.67,Healthcare,Success
T001403,A00101,2025-08-31,UPI,Mobile,1438.24,Retail,Success
T001404,A00589,2025-07-18,ATM,ATM,2000.0,Cash Withdrawal,Success
T001405,A00337,2024-09-08,Debit,Internet Banking,5092.73,Cash Withdrawal,Success
T001406,A00319,2025-11-11,IMPS,Internet Banking,38657.89,Education,Reversed
T001407,A00298,2024-12-14,NEFT,Internet Banking,15910.01,Retail,Success
T001408,A00319,2025-02-20,Credit,ATM,21157.79,Healthcare,Success
T001409,A00144,2025-06-21,UPI,Mobile,2122.6,Retail,Success
T001410,A00278,2024-12-07,Debit,Mobile,4619.36,Utility,Success
T001411,A00082,2024-08-25,Credit,ATM,18211.46,Travel,Success
T001412,A00582,2024-10-31,IMPS,Branch,89824.74,Education,Success
T001413,A00042,2024-11-15,IMPS,Mobile,49787.61,Utility,Success
T001414,A00054,2024-05-20,Credit,Mobile,3569.72,Travel,Success
T001415,A00384,2025-02-19,UPI,Mobile,1333.49,Utility,Failed
T001416,A00261,2024-03-24,Debit,Branch,16905.13,Travel,Success
T001417,A00230,2025-12-26,Credit,Branch,466082.59,Investment,Success
T001418,A00198,2025-05-19,UPI,Mobile,595.58,Retail,Success
T001419,A00413,2024-07-16,NEFT,Mobile,73834.43,Education,Failed
T001420,A00440,2025-08-15,Debit,Branch,8872.22,Travel,Success
T001421,A00531,2024-01-02,IMPS,Mobile,89859.94,Retail,Success
T001422,A00135,2025-08-13,Debit,Mobile,7442.67,Education,Success
T001423,A00263,2024-02-17,ATM,ATM,20000.0,Cash Withdrawal,Failed
T001424,A00294,2024-04-25,UPI,Mobile,1137.74,Travel,Success
T001425,A00015,2025-02-27,Credit,Branch,7024.34,Loan EMI,Success
T001426,A00130,2025-01-12,Debit,Internet Banking,9659.47,Investment,Success
T001427,A00474,2025-11-10,Debit,Branch,14567.32,Education,Success
T001428,A00255,2025-05-16,UPI,Mobile,625.34,Utility,Success
T001429,A00463,2025-04-19,Credit,Mobile,4368.99,Loan EMI,Success
T001430,A00117,2024-10-21,Credit,ATM,2555.64,Utility,Success
T001431,A00565,2024-03-07,UPI,Mobile,232.05,Utility,Success
T001432,A00212,2025-12-05,NEFT,Mobile,10074.21,Healthcare,Success
T001433,A00468,2024-05-16,Credit,Branch,7405.58,Loan EMI,Reversed
T001434,A00587,2025-06-05,UPI,Mobile,1716.15,Travel,Success
T001435,A00557,2024-09-17,ATM,ATM,2000.0,Cash Withdrawal,Success
T001436,A00329,2025-02-17,Credit,Mobile,14056.19,Education,Success
T001437,A00257,2025-11-15,IMPS,Branch,36927.41,Retail,Success
T001438,A00192,2025-10-04,UPI,Mobile,3896.25,Retail,Success
T001439,A00590,2025-03-05,UPI,Mobile,4731.96,Retail,Success
T001440,A00325,2025-03-11,Debit,ATM,8901.72,Education,Success
T001441,A00379,2024-04-08,Debit,Branch,5172.19,Education,Success
T001442,A00379,2025-04-27,ATM,ATM,10000.0,Cash Withdrawal,Success
T001443,A00017,2025-12-07,Credit,Branch,35856.95,Education,Success
T001444,A00500,2025-02-26,UPI,Mobile,3352.09,Retail,Reversed
T001445,A00584,2025-03-27,ATM,ATM,1000.0,Cash Withdrawal,Success
T001446,A00103,2024-02-07,Debit,Internet Banking,21181.06,Travel,Success
T001447,A00480,2024-08-02,Credit,Branch,7190.29,Travel,Success
T001448,A00572,2025-10-06,IMPS,Internet Banking,59556.58,Utility,Success
T001449,A00176,2025-11-04,ATM,ATM,689432.76,Cash Withdrawal,Success
T001450,A00228,2025-02-25,NEFT,Internet Banking,37137.21,Utility,Success
T001451,A00295,2024-01-01,UPI,Mobile,1415.68,Utility,Success
T001452,A00173,2024-01-28,ATM,ATM,20000.0,Cash Withdrawal,Success
T001453,A00203,2024-06-25,NEFT,Internet Banking,31773.32,Utility,Success
T001454,A00221,2024-07-21,Credit,Internet Banking,14996.66,Retail,Success
T001455,A00141,2024-02-02,Credit,Branch,25904.1,Healthcare,Success
T001456,A00318,2025-12-04,UPI,Mobile,5989.63,Retail,Success
T001457,A00403,2024-01-08,Credit,Mobile,8121.29,Utility,Success
T001458,A00115,2024-03-27,ATM,ATM,1000.0,Cash Withdrawal,Success
T001459,A00465,2024-08-22,ATM,ATM,1000.0,Cash Withdrawal,Success
T001460,A00591,2025-11-24,UPI,Mobile,1738.79,Utility,Success
T001461,A00568,2025-11-07,UPI,Mobile,1388.06,Healthcare,Success
T001462,A00475,2024-10-12,Debit,Branch,14369.24,Retail,Success
T001463,A00571,2025-04-21,IMPS,Branch,28420.34,Utility,Success
T001464,A00056,2024-08-23,ATM,ATM,10000.0,Cash Withdrawal,Success
T001465,A00512,2025-02-08,IMPS,Branch,19584.75,Investment,Success
T001466,A00244,2024-05-09,Debit,Mobile,8129.32,Travel,Success
T001467,A00360,2025-06-21,UPI,Mobile,947.31,Utility,Success
T001468,A00187,2024-02-15,UPI,Mobile,1335.57,Travel,Success
T001469,A00094,2025-06-14,Credit,Internet Banking,3832.94,Travel,Success
T001470,A00084,2024-11-25,UPI,Mobile,962.75,Utility,Success
T001471,A00034,2024-01-12,NEFT,Branch,45198.38,Utility,Success
T001472,A00087,2024-11-26,Credit,Mobile,14211.94,Travel,Success
T001473,A00104,2025-03-25,NEFT,Branch,40201.95,Education,Success
T001474,A00027,2024-06-02,IMPS,Mobile,80445.97,Healthcare,Success
T001475,A00538,2025-10-23,Debit,ATM,14642.56,Cash Withdrawal,Success
T001476,A00155,2025-09-06,ATM,ATM,10000.0,Cash Withdrawal,Success
T001477,A00080,2024-06-03,Credit,ATM,24068.77,Retail,Success
T001478,A00541,2025-03-21,UPI,Mobile,5992.51,Retail,Success
T001479,A00275,2024-09-08,Debit,ATM,18782.18,Travel,Success
T001480,A00565,2024-06-02,UPI,Mobile,445.83,Retail,Success
T001481,A00283,2025-06-07,Debit,ATM,13133.62,Healthcare,Success
T001482,A00179,2025-08-13,Debit,Mobile,11904.42,Retail,Success
T001483,A00219,2024-09-03,UPI,Mobile,4206.46,Healthcare,Success
T001484,A00018,2025-10-01,NEFT,Branch,30931.63,Investment,Success
T001485,A00049,2024-05-05,NEFT,Mobile,17437.03,Retail,Success
T001486,A00564,2024-01-06,Debit,ATM,7684.49,Utility,Success
T001487,A00262,2025-06-12,Debit,Branch,3972.63,Travel,Success
T001488,A00068,2024-05-24,ATM,ATM,10000.0,Cash Withdrawal,Success
T001489,A00557,2025-08-08,UPI,Mobile,5373.16,Utility,Success
T001490,A00255,2025-03-05,ATM,ATM,1000.0,Cash Withdrawal,Success
T001491,A00564,2025-03-17,Debit,ATM,10972.43,Cash Withdrawal,Success
T001492,A00415,2024-10-25,IMPS,Branch,12237.69,Healthcare,Failed
T001493,A00397,2024-10-24,NEFT,Internet Banking,94934.48,Investment,Success
T001494,A00392,2024-12-14,UPI,Mobile,4960.7,Travel,Failed
T001495,A00024,2025-11-15,Credit,Internet Banking,12175.3,Cash Withdrawal,Success
T001496,A00309,2025-06-09,UPI,Mobile,421.24,Retail,Success
T001497,A00392,2024-09-04,UPI,Mobile,1031.42,Travel,Success
T001498,A00141,2025-04-21,UPI,Mobile,1260.02,Retail,Success
T001499,A00308,2025-12-04,UPI,Mobile,1561.54,Utility,Failed
T001500,A00220,2024-12-29,Debit,ATM,4752.2,Healthcare,Success
T001501,A00234,2024-05-24,NEFT,Internet Banking,63840.04,Utility,Success
T001502,A00499,2024-05-06,UPI,Mobile,142.53,Travel,Success
T001503,A00209,2025-05-19,Debit,Internet Banking,21734.62,Healthcare,Success
T001504,A00434,2024-02-05,ATM,ATM,500.0,Cash Withdrawal,Success
T001505,A00539,2025-05-23,ATM,ATM,2000.0,Cash Withdrawal,Success
T001506,A00534,2025-02-20,NEFT,Branch,80525.99,Retail,Success
T001507,A00194,2024-08-01,NEFT,Internet Banking,25474.66,Retail,Success
T001508,A00118,2025-07-16,Credit,Mobile,10367.78,Education,Success
T001509,A00531,2024-09-27,ATM,ATM,10000.0,Cash Withdrawal,Success
T001510,A00445,2024-01-04,NEFT,Branch,87028.89,Investment,Success
T001511,A00367,2024-05-17,NEFT,Internet Banking,52748.56,Education,Success
T001512,A00561,2025-10-16,NEFT,Mobile,26182.34,Utility,Success
T001513,A00422,2025-06-26,UPI,Mobile,1265.4,Retail,Success
T001514,A00435,2024-07-18,Credit,Branch,15050.76,Education,Success
T001515,A00077,2024-09-02,UPI,Mobile,5059.0,Utility,Success
T001516,A00269,2024-02-07,ATM,ATM,20000.0,Cash Withdrawal,Success
T001517,A00435,2024-02-13,NEFT,Branch,29294.11,Utility,Success
T001518,A00526,2025-02-08,UPI,Mobile,1122.58,Retail,Success
T001519,A00135,2025-03-12,NEFT,Internet Banking,34724.46,Utility,Success
T001520,A00057,2025-06-16,NEFT,Mobile,34874.89,Healthcare,Success
T001521,A00028,2025-01-30,Credit,Internet Banking,13388.45,Travel,Success
T001522,A00106,2024-06-28,ATM,ATM,2000.0,Cash Withdrawal,Success
T001523,A00460,2025-06-05,UPI,Mobile,1430.23,Healthcare,Success
T001524,A00518,2025-03-10,ATM,ATM,20000.0,Cash Withdrawal,Success
T001525,A00560,2024-09-27,Debit,Mobile,22531.25,Travel,Success
T001526,A00006,2025-06-24,IMPS,Internet Banking,16321.29,Education,Success
T001527,A00586,2025-06-25,Credit,Mobile,14358.54,Education,Success
T001528,A00131,2024-02-24,Credit,ATM,14722.65,Loan EMI,Success
T001529,A00049,2025-06-03,Debit,Mobile,5969.7,Cash Withdrawal,Success
T001530,A00017,2025-04-08,IMPS,Branch,45154.94,Investment,Success
T001531,A00450,2025-10-01,UPI,Mobile,2163.24,Healthcare,Success
T001532,A00588,2025-10-19,UPI,Mobile,67.81,Healthcare,Success
T001533,A00152,2025-07-02,NEFT,Branch,15007.37,Healthcare,Success
T001534,A00154,2024-12-04,UPI,Mobile,450306.87,Utility,Success
T001535,A00206,2024-06-28,NEFT,Internet Banking,21227.16,Investment,Success
T001536,A00235,2024-10-28,NEFT,Mobile,12209.8,Healthcare,Failed
T001537,A00057,2025-02-21,UPI,Mobile,219.62,Retail,Success
T001538,A00423,2025-10-17,Credit,Internet Banking,4791.8,Retail,Success
T001539,A00228,2024-11-12,UPI,Mobile,1383.0,Travel,Success
T001540,A00385,2025-10-27,Debit,Branch,4033.58,Retail,Reversed
T001541,A00004,2024-12-18,IMPS,Branch,53215.66,Utility,Success
T001542,A00464,2024-12-15,Credit,Branch,5886.75,Investment,Success
T001543,A00154,2025-03-20,ATM,ATM,500.0,Cash Withdrawal,Success
T001544,A00403,2024-12-18,UPI,Mobile,1918.19,Retail,Success
T001545,A00515,2025-03-12,Credit,Branch,25405.76,Education,Success
T001546,A00357,2024-05-03,Debit,Branch,24450.1,Cash Withdrawal,Success
T001547,A00331,2025-06-05,Debit,Mobile,13305.21,Retail,Success
T001548,A00236,2024-01-02,Credit,Internet Banking,4538.88,Investment,Success
T001549,A00057,2024-04-29,NEFT,Mobile,32726.63,Retail,Success
T001550,A00203,2025-09-18,Debit,Mobile,13590.64,Retail,Success
T001551,A00058,2025-09-18,UPI,Mobile,6719.6,Retail,Success
T001552,A00342,2024-02-25,UPI,Mobile,216.92,Travel,Success
T001553,A00473,2025-10-19,UPI,Mobile,1462.81,Travel,Success
T001554,A00297,2024-10-03,Credit,Internet Banking,16264.49,Loan EMI,Success
T001555,A00171,2024-02-29,ATM,ATM,5000.0,Cash Withdrawal,Success
T001556,A00440,2025-11-18,Credit,Branch,659066.9,Healthcare,Success
T001557,A00525,2025-10-02,NEFT,Mobile,39656.14,Utility,Success
T001558,A00069,2024-09-26,Credit,ATM,6163.66,Travel,Success
T001559,A00485,2024-08-25,Credit,Branch,19528.45,Healthcare,Failed
T001560,A00214,2024-12-19,IMPS,Mobile,34886.56,Utility,Failed
T001561,A00497,2024-01-11,Debit,Branch,12608.25,Travel,Success
T001562,A00404,2024-04-25,Debit,Internet Banking,20819.69,Education,Failed
T001563,A00338,2024-05-15,UPI,Mobile,1180.23,Utility,Success
T001564,A00478,2024-03-17,NEFT,Branch,77294.95,Education,Success
T001565,A00177,2025-08-15,Debit,Branch,3916.62,Investment,Success
T001566,A00099,2025-03-17,Debit,Mobile,13085.48,Education,Success
T001567,A00108,2025-02-11,UPI,Mobile,738.07,Retail,Success
T001568,A00533,2025-11-14,UPI,Mobile,570.91,Travel,Success
T001569,A00097,2025-05-18,NEFT,Branch,106409.49,Retail,Success
T001570,A00205,2024-09-24,UPI,Mobile,480.55,Healthcare,Success
T001571,A00525,2025-12-04,UPI,Mobile,1584.32,Travel,Success
T001572,A00244,2025-07-06,Debit,Mobile,3829.7,Utility,Reversed
T001573,A00437,2024-01-30,Debit,Internet Banking,22757.0,Retail,Success
T001574,A00580,2025-10-13,UPI,Mobile,1085.12,Retail,Success
T001575,A00428,2025-05-23,Debit,Internet Banking,20752.2,Utility,Success
T001576,A00003,2025-01-20,UPI,Mobile,2317.11,Retail,Success
T001577,A00236,2025-10-06,Debit,Branch,38170.23,Travel,Success
T001578,A00389,2024-01-16,NEFT,Branch,8768.98,Healthcare,Success
T001579,A00430,2025-08-06,Credit,Mobile,5132.54,Utility,Success
T001580,A00348,2025-08-04,Debit,Internet Banking,20064.68,Retail,Success
T001581,A00282,2024-08-28,UPI,Mobile,1925.44,Utility,Success
T001582,A00166,2024-05-09,NEFT,Internet Banking,28310.48,Education,Failed
T001583,A00242,2025-11-09,NEFT,Mobile,113423.35,Retail,Success
T001584,A00310,2025-10-25,Credit,ATM,10838.36,Travel,Success
T001585,A00482,2025-10-03,UPI,Mobile,764.1,Healthcare,Success
T001586,A00037,2025-12-12,ATM,ATM,500.0,Cash Withdrawal,Success
T001587,A00580,2025-02-15,UPI,Mobile,3141.07,Healthcare,Success
T001588,A00197,2024-01-27,IMPS,Mobile,34443.79,Education,Success
T001589,A00066,2025-10-04,ATM,ATM,5000.0,Cash Withdrawal,Success
T001590,A00409,2025-07-08,Credit,Internet Banking,11673.86,Loan EMI,Success
T001591,A00136,2024-11-23,UPI,Mobile,2457.63,Travel,Success
T001592,A00567,2024-11-21,ATM,ATM,500.0,Cash Withdrawal,Success
T001593,A00250,2025-01-12,Credit,ATM,17189.49,Retail,Success
T001594,A00415,2025-01-25,ATM,ATM,2000.0,Cash Withdrawal,Success
T001595,A00032,2025-11-20,Credit,ATM,5077.17,Utility,Success
T001596,A00398,2024-10-01,Debit,Internet Banking,8873.7,Loan EMI,Success
T001597,A00375,2025-09-18,Debit,Branch,3545.07,Utility,Success
T001598,A00283,2025-02-04,NEFT,Internet Banking,43006.25,Investment,Success
T001599,A00109,2024-12-14,UPI,Mobile,4961.94,Utility,Success
T001600,A00348,2024-07-10,UPI,Mobile,646.21,Utility,Failed
T001601,A00187,2024-12-17,Debit,Branch,2983.68,Investment,Success
T001602,A00234,2024-12-17,UPI,Mobile,878.38,Utility,Success
T001603,A00538,2024-04-18,UPI,Mobile,1242.19,Healthcare,Success
T001604,A00523,2025-06-15,Debit,Internet Banking,324308.99,Healthcare,Success
T001605,A00305,2024-09-24,Debit,Branch,8524.23,Cash Withdrawal,Success
T001606,A00546,2025-08-13,Credit,Mobile,13791.53,Loan EMI,Success
T001607,A00210,2025-06-18,NEFT,Mobile,22800.88,Retail,Success
T001608,A00091,2025-01-07,Debit,ATM,9544.45,Travel,Success
T001609,A00347,2024-12-01,Debit,Branch,5893.62,Utility,Success
T001610,A00449,2025-05-02,ATM,ATM,10000.0,Cash Withdrawal,Success
T001611,A00478,2024-11-20,Credit,ATM,4528.72,Utility,Success
T001612,A00115,2024-10-17,IMPS,Internet Banking,56764.44,Utility,Success
T001613,A00408,2025-09-22,UPI,Mobile,1052.77,Retail,Success
T001614,A00062,2025-09-11,ATM,ATM,1000.0,Cash Withdrawal,Success
T001615,A00384,2024-05-12,Debit,ATM,14447.56,Investment,Success
T001616,A00351,2025-07-24,NEFT,Mobile,17110.54,Healthcare,Success
T001617,A00540,2025-03-01,NEFT,Mobile,33776.85,Retail,Success
T001618,A00176,2024-05-21,UPI,Mobile,147.22,Utility,Reversed
T001619,A00297,2025-07-08,UPI,Mobile,1119.36,Healthcare,Success
T001620,A00337,2025-12-30,NEFT,Mobile,18686.88,Investment,Success
T001621,A00125,2024-03-25,NEFT,Mobile,72296.22,Education,Failed
T001622,A00007,2024-02-10,Credit,ATM,3962.34,Healthcare,Success
T001623,A00244,2024-03-15,IMPS,Internet Banking,30224.07,Utility,Success
T001624,A00072,2024-08-01,Credit,ATM,13522.07,Loan EMI,Success
T001625,A00455,2025-07-22,ATM,ATM,20000.0,Cash Withdrawal,Success
T001626,A00555,2025-06-21,UPI,Mobile,3042.23,Healthcare,Reversed
T001627,A00524,2024-05-27,UPI,Mobile,2758.96,Travel,Success
T001628,A00471,2024-10-26,UPI,Mobile,1426.09,Travel,Success
T001629,A00550,2025-12-21,Credit,ATM,11378.57,Cash Withdrawal,Failed
T001630,A00561,2024-08-11,NEFT,Internet Banking,72254.1,Retail,Success
T001631,A00140,2024-07-13,NEFT,Internet Banking,31582.92,Investment,Success
T001632,A00008,2025-10-03,Debit,Mobile,12202.43,Retail,Success
T001633,A00095,2025-06-16,Debit,ATM,22632.06,Loan EMI,Success
T001634,A00495,2024-12-19,Credit,Branch,41348.48,Loan EMI,Success
T001635,A00487,2024-06-30,NEFT,Mobile,40541.23,Healthcare,Success
T001636,A00386,2025-07-29,UPI,Mobile,2208.97,Healthcare,Success
T001637,A00034,2024-11-29,Credit,Mobile,18260.59,Loan EMI,Success
T001638,A00253,2024-04-14,Debit,Branch,22499.77,Loan EMI,Success
T001639,A00184,2024-03-05,UPI,Mobile,3094.48,Travel,Success
T001640,A00229,2025-08-01,ATM,ATM,1000.0,Cash Withdrawal,Failed
T001641,A00346,2024-07-05,Credit,Branch,7146.71,Investment,Failed
T001642,A00457,2024-11-30,ATM,ATM,10000.0,Cash Withdrawal,Success
T001643,A00589,2025-07-17,Credit,Branch,13470.27,Healthcare,Success
T001644,A00257,2025-08-14,NEFT,Branch,67192.69,Investment,Failed
T001645,A00281,2025-03-03,Credit,Internet Banking,25426.75,Loan EMI,Success
T001646,A00308,2024-09-10,IMPS,Branch,30264.68,Education,Success
T001647,A00532,2025-09-17,ATM,ATM,500.0,Cash Withdrawal,Success
T001648,A00469,2024-01-03,Debit,Branch,13258.67,Loan EMI,Success
T001649,A00260,2025-11-13,IMPS,Mobile,45145.15,Retail,Success
T001650,A00226,2025-05-17,ATM,ATM,2000.0,Cash Withdrawal,Failed
T001651,A00554,2024-09-05,Credit,Mobile,11126.26,Travel,Success
T001652,A00056,2025-07-15,Debit,Mobile,13035.91,Retail,Success
T001653,A00498,2025-06-15,UPI,Mobile,9304.14,Healthcare,Success
T001654,A00396,2025-11-14,UPI,Mobile,1298.9,Travel,Success
T001655,A00063,2024-02-11,Debit,ATM,10069.41,Cash Withdrawal,Success
T001656,A00085,2025-08-09,NEFT,Branch,7270.74,Education,Success
T001657,A00171,2024-08-03,NEFT,Branch,204450.76,Utility,Success
T001658,A00369,2025-11-10,Credit,ATM,14917.13,Education,Success
T001659,A00545,2024-07-16,Credit,Branch,20768.01,Retail,Reversed
T001660,A00086,2024-08-03,ATM,ATM,5000.0,Cash Withdrawal,Failed
T001661,A00152,2025-02-11,Credit,Branch,18454.6,Utility,Success
T001662,A00492,2025-02-23,UPI,Mobile,728.83,Travel,Success
T001663,A00094,2024-04-28,Credit,Internet Banking,17782.27,Travel,Success
T001664,A00127,2025-09-24,ATM,ATM,5000.0,Cash Withdrawal,Success
T001665,A00564,2025-03-24,IMPS,Internet Banking,30686.79,Retail,Success
T001666,A00312,2025-08-08,Debit,Internet Banking,8328.4,Healthcare,Success
T001667,A00188,2025-04-11,ATM,ATM,20000.0,Cash Withdrawal,Success
T001668,A00110,2024-06-02,ATM,ATM,2000.0,Cash Withdrawal,Success
T001669,A00024,2025-07-25,ATM,ATM,20000.0,Cash Withdrawal,Failed
T001670,A00009,2025-08-13,ATM,ATM,1000.0,Cash Withdrawal,Success
T001671,A00135,2024-01-18,NEFT,Branch,10155.95,Investment,Success
T001672,A00371,2025-01-24,NEFT,Internet Banking,18910.58,Utility,Success
T001673,A00366,2024-05-11,NEFT,Branch,48119.18,Healthcare,Success
T001674,A00241,2025-04-09,Credit,ATM,13377.47,Education,Success
T001675,A00347,2025-07-06,Debit,ATM,12117.89,Utility,Success
T001676,A00078,2024-06-08,Credit,Internet Banking,1411.77,Retail,Success
T001677,A00170,2025-05-05,Debit,Internet Banking,12200.69,Cash Withdrawal,Success
T001678,A00063,2025-03-29,ATM,ATM,500.0,Cash Withdrawal,Success
T001679,A00023,2025-02-26,Debit,Branch,7067.9,Cash Withdrawal,Failed
T001680,A00113,2024-12-16,Debit,Branch,13440.5,Retail,Success
T001681,A00303,2024-02-03,Debit,Mobile,22917.43,Retail,Success
T001682,A00433,2025-05-23,UPI,Mobile,1037.16,Healthcare,Success
T001683,A00327,2025-09-29,Credit,Internet Banking,11612.59,Healthcare,Success
T001684,A00181,2024-09-09,Debit,Mobile,33884.07,Utility,Success
T001685,A00464,2024-01-03,Credit,Mobile,13005.53,Travel,Success
T001686,A00040,2024-07-31,Credit,Internet Banking,10670.19,Education,Success
T001687,A00095,2025-05-15,Credit,Mobile,5883.75,Retail,Success
T001688,A00390,2025-04-03,Credit,Mobile,18092.36,Travel,Success
T001689,A00495,2024-03-27,Debit,Mobile,5123.66,Investment,Success
T001690,A00494,2025-12-30,Debit,Mobile,23537.43,Retail,Success
T001691,A00566,2024-10-09,UPI,Mobile,2412.45,Travel,Success
T001692,A00208,2024-01-26,Credit,Internet Banking,7252.22,Utility,Success
T001693,A00377,2025-04-02,UPI,Mobile,762.51,Healthcare,Success
T001694,A00216,2024-05-03,UPI,Mobile,779.13,Utility,Success
T001695,A00212,2025-09-13,UPI,Mobile,239.77,Healthcare,Success
T001696,A00419,2025-03-23,NEFT,Internet Banking,46581.77,Education,Success
T001697,A00145,2025-12-17,NEFT,Internet Banking,4040.98,Utility,Success
T001698,A00444,2025-03-11,Credit,ATM,10212.14,Retail,Success
T001699,A00052,2025-04-02,UPI,Mobile,1332.03,Healthcare,Success
T001700,A00021,2025-11-01,Debit,Branch,8602.41,Travel,Success
T001701,A00284,2025-08-10,Credit,Branch,14623.0,Travel,Success
T001702,A00269,2025-09-17,UPI,Mobile,946.94,Retail,Success
T001703,A00530,2025-02-08,NEFT,Branch,38252.42,Healthcare,Success
T001704,A00210,2025-04-19,UPI,Mobile,3580.99,Retail,Success
T001705,A00311,2024-04-14,UPI,Mobile,2289.34,Healthcare,Success
T001706,A00518,2024-10-20,IMPS,Mobile,24443.92,Healthcare,Success
T001707,A00183,2024-11-26,UPI,Mobile,1509.17,Travel,Failed
T001708,A00308,2025-08-19,UPI,Mobile,1152.59,Retail,Success
T001709,A00016,2024-03-09,ATM,ATM,2000.0,Cash Withdrawal,Success
T001710,A00146,2024-01-27,Debit,Mobile,9668.31,Loan EMI,Success
T001711,A00180,2024-04-18,Credit,Mobile,12470.47,Utility,Success
T001712,A00273,2024-04-07,NEFT,Branch,9713.99,Utility,Success
T001713,A00547,2025-09-01,UPI,Mobile,303.1,Healthcare,Success
T001714,A00087,2025-03-31,IMPS,Branch,16079.15,Retail,Success
T001715,A00308,2025-11-08,UPI,Mobile,2179.4,Retail,Failed
T001716,A00274,2024-11-07,UPI,Mobile,2396.97,Travel,Success
T001717,A00378,2025-06-18,UPI,Mobile,2653.04,Travel,Success
T001718,A00541,2025-01-17,UPI,Mobile,708.69,Retail,Success
T001719,A00027,2024-09-22,UPI,Mobile,1616.37,Healthcare,Success
T001720,A00098,2024-07-03,NEFT,Mobile,25037.42,Retail,Success
T001721,A00096,2025-10-25,ATM,ATM,1000.0,Cash Withdrawal,Success
T001722,A00284,2024-06-18,UPI,Mobile,1360.78,Healthcare,Success
T001723,A00495,2025-02-05,UPI,Mobile,1081.68,Healthcare,Success
T001724,A00045,2025-08-25,Debit,Mobile,12938.61,Cash Withdrawal,Success
T001725,A00453,2024-04-25,Debit,Mobile,6611.98,Loan EMI,Success
T001726,A00186,2025-05-14,Debit,Branch,21947.53,Healthcare,Success
T001727,A00492,2025-08-17,NEFT,Branch,71852.65,Healthcare,Success
T001728,A00451,2025-12-19,UPI,Mobile,2131.02,Healthcare,Success
T001729,A00279,2025-09-18,UPI,Mobile,3054.59,Utility,Success
T001730,A00067,2025-03-30,Credit,ATM,3372.79,Travel,Success
T001731,A00378,2025-08-16,ATM,ATM,20000.0,Cash Withdrawal,Success
T001732,A00132,2024-01-01,UPI,Mobile,0.0,Travel,Success
T001733,A00535,2024-08-21,UPI,Mobile,1985.93,Healthcare,Success
T001734,A00513,2024-06-03,IMPS,Branch,20643.38,Healthcare,Success
T001735,A00023,2025-09-30,NEFT,Internet Banking,18992.7,Education,Reversed
T001736,A00119,2025-08-23,NEFT,Branch,90725.02,Investment,Success
T001737,A00172,2024-07-28,ATM,ATM,500.0,Cash Withdrawal,Success
T001738,A00435,2024-01-01,Debit,Branch,18143.69,Retail,Success
T001739,A00545,2024-04-06,UPI,Mobile,1332.44,Retail,Success
T001740,A00296,2024-11-05,UPI,Mobile,375.0,Utility,Success
T001741,A00338,2025-10-27,Credit,Branch,23445.63,Cash Withdrawal,Success
T001742,A00446,2025-02-15,NEFT,Mobile,13064.6,Healthcare,Failed
T001743,A00067,2025-06-12,Credit,ATM,8359.8,Retail,Failed
T001744,A00003,2025-02-14,UPI,Mobile,1330.98,Travel,Success
T001745,A00286,2025-02-27,UPI,Mobile,806.25,Retail,Success
T001746,A00194,2025-02-07,UPI,Mobile,1284.24,Utility,Success
T001747,A00574,2025-09-24,NEFT,Internet Banking,33427.04,Retail,Success
T001748,A00470,2024-11-15,IMPS,Mobile,28571.62,Retail,Success
T001749,A00095,2024-12-01,Debit,ATM,13359.24,Healthcare,Success
T001750,A00131,2025-09-20,Credit,Branch,28129.92,Retail,Success
T001751,A00384,2024-09-09,ATM,ATM,5000.0,Cash Withdrawal,Success
T001752,A00120,2024-03-13,UPI,Mobile,395.15,Healthcare,Success
T001753,A00573,2025-07-22,NEFT,Internet Banking,37631.02,Healthcare,Success
T001754,A00132,2024-04-12,UPI,Mobile,552.12,Utility,Success
T001755,A00404,2025-05-12,Credit,Mobile,3193.66,Cash Withdrawal,Success
T001756,A00264,2024-07-02,Credit,Internet Banking,19437.35,Investment,Success
T001757,A00465,2025-03-17,UPI,Mobile,1800.43,Retail,Success
T001758,A00170,2024-01-15,NEFT,Mobile,8244.91,Education,Success
T001759,A00473,2024-12-14,UPI,Mobile,1283.31,Retail,Success
T001760,A00327,2024-11-22,IMPS,Internet Banking,16116.33,Retail,Success
T001761,A00137,2024-09-05,NEFT,Mobile,29768.56,Education,Success
T001762,A00137,2025-10-10,Debit,Internet Banking,16774.56,Healthcare,Success
T001763,A00422,2025-10-09,Debit,ATM,15711.47,Education,Success
T001764,A00455,2024-06-13,NEFT,Internet Banking,24831.09,Investment,Success
T001765,A00482,2025-03-14,IMPS,Mobile,64742.75,Healthcare,Success
T001766,A00336,2025-09-19,Credit,Mobile,24665.47,Travel,Success
T001767,A00106,2024-04-04,Debit,ATM,16949.43,Investment,Success
T001768,A00572,2024-01-16,Credit,Internet Banking,7234.22,Loan EMI,Reversed
T001769,A00134,2024-07-19,NEFT,Internet Banking,30501.89,Retail,Failed
T001770,A00474,2024-01-14,IMPS,Mobile,91011.34,Healthcare,Success
T001771,A00277,2024-06-17,UPI,Mobile,1156.09,Healthcare,Success
T001772,A00173,2024-02-24,Debit,ATM,15742.92,Education,Success
T001773,A00363,2024-08-21,UPI,Mobile,796.47,Healthcare,Success
T001774,A00493,2025-07-21,Debit,Branch,20090.65,Healthcare,Failed
T001775,A00184,2024-11-13,Credit,Branch,5728.72,Healthcare,Success
T001776,A00282,2024-02-18,Credit,Internet Banking,10202.48,Cash Withdrawal,Success
T001777,A00500,2024-12-12,ATM,ATM,1000.0,Cash Withdrawal,Success
T001778,A00147,2024-07-17,Credit,Internet Banking,15390.69,Cash Withdrawal,Success
T001779,A00525,2025-11-29,IMPS,Branch,103006.33,Utility,Success
T001780,A00423,2024-07-30,Debit,ATM,12568.88,Utility,Success
T001781,A00591,2025-07-05,Debit,Branch,9012.92,Travel,Success
T001782,A00013,2025-11-01,UPI,Mobile,1142.12,Retail,Success
T001783,A00260,2024-02-12,Debit,Branch,19549.37,Retail,Reversed
T001784,A00242,2024-11-28,ATM,ATM,10000.0,Cash Withdrawal,Success
T001785,A00241,2024-12-04,NEFT,Mobile,46305.33,Utility,Failed
T001786,A00110,2025-06-11,Credit,Internet Banking,16565.36,Loan EMI,Success
T001787,A00069,2025-03-11,Debit,Branch,26419.66,Cash Withdrawal,Failed
T001788,A00383,2024-09-24,Debit,Mobile,11281.6,Education,Success
T001789,A00068,2025-05-01,UPI,Mobile,1997.93,Travel,Success
T001790,A00113,2024-01-16,UPI,Mobile,1129.52,Utility,Success
T001791,A00154,2025-07-03,UPI,Mobile,769.51,Utility,Success
T001792,A00455,2025-08-23,UPI,Mobile,907.8,Travel,Success
T001793,A00063,2024-11-09,IMPS,Mobile,2433.34,Healthcare,Success
T001794,A00512,2024-04-17,Debit,Internet Banking,15291.48,Utility,Success
T001795,A00094,2025-09-04,UPI,Mobile,2054.54,Healthcare,Success
T001796,A00139,2024-07-27,NEFT,Branch,47932.4,Investment,Success
T001797,A00248,2024-08-31,UPI,Mobile,724.47,Retail,Success
T001798,A00585,2025-05-26,Credit,Branch,7097.17,Education,Success
T001799,A00550,2024-02-20,ATM,ATM,10000.0,Cash Withdrawal,Success
T001800,A00128,2024-02-15,NEFT,Internet Banking,20695.64,Investment,Success
T001801,A00017,2024-03-05,ATM,ATM,5000.0,Cash Withdrawal,Success
T001802,A00047,2024-01-31,UPI,Mobile,3207.81,Healthcare,Success
T001803,A00583,2024-03-26,NEFT,Internet Banking,38396.14,Education,Success
T001804,A00064,2024-08-28,NEFT,Mobile,34827.27,Education,Success
T001805,A00090,2025-08-26,UPI,Mobile,2582.38,Retail,Success
T001806,A00586,2025-10-18,Credit,ATM,6945.17,Cash Withdrawal,Reversed
T001807,A00336,2025-11-23,NEFT,Internet Banking,43344.47,Utility,Success
T001808,A00018,2025-04-13,NEFT,Mobile,672158.81,Investment,Success
T001809,A00350,2025-08-25,Debit,Mobile,582322.13,Healthcare,Success
T001810,A00415,2025-03-08,Debit,Mobile,13597.93,Retail,Success
T001811,A00394,2024-11-02,NEFT,Branch,35777.55,Utility,Success
T001812,A00237,2024-10-15,Credit,Internet Banking,15002.62,Healthcare,Success
T001813,A00283,2025-09-25,UPI,Mobile,3888.3,Retail,Success
T001814,A00206,2025-03-16,UPI,Mobile,3705.44,Travel,Success
T001815,A00570,2025-08-04,UPI,Mobile,4327.72,Healthcare,Success
T001816,A00016,2025-06-24,Debit,Internet Banking,12721.02,Travel,Reversed
T001817,A00518,2025-09-21,Credit,Mobile,1599.16,Healthcare,Success
T001818,A00386,2025-04-09,NEFT,Branch,106572.84,Healthcare,Success
T001819,A00249,2024-05-09,Credit,Mobile,6073.89,Utility,Success
T001820,A00382,2025-04-10,NEFT,Branch,55663.21,Retail,Success
T001821,A00197,2025-01-24,Credit,Mobile,1634.39,Retail,Reversed
T001822,A00392,2024-05-22,IMPS,Mobile,34304.72,Education,Success
T001823,A00124,2025-04-16,UPI,Mobile,1157.78,Utility,Success
T001824,A00145,2025-05-14,Debit,Branch,27987.79,Travel,Success
T001825,A00587,2024-05-28,Debit,Internet Banking,13710.31,Utility,Success
T001826,A00148,2025-09-09,IMPS,Mobile,34045.03,Retail,Success
T001827,A00278,2025-01-10,Debit,Branch,14697.38,Travel,Success
T001828,A00312,2025-01-16,UPI,Mobile,41.2,Retail,Success
T001829,A00133,2024-01-03,NEFT,Internet Banking,20368.03,Investment,Success
T001830,A00001,2025-12-28,UPI,Mobile,1001.19,Retail,Success
T001831,A00363,2025-02-23,Debit,Mobile,16194.96,Loan EMI,Success
T001832,A00296,2025-04-26,IMPS,Branch,14731.34,Investment,Success
T001833,A00297,2024-01-06,Credit,Internet Banking,12362.35,Utility,Success
T001834,A00483,2024-09-03,Credit,Internet Banking,10261.77,Travel,Failed
T001835,A00397,2024-01-07,UPI,Mobile,922.72,Retail,Failed
T001836,A00061,2024-04-03,Credit,ATM,7452.44,Retail,Success
T001837,A00115,2025-11-03,Credit,Branch,10197.85,Investment,Success
T001838,A00386,2024-08-20,IMPS,Mobile,5535.39,Utility,Success
T001839,A00045,2024-02-03,UPI,Mobile,2607.08,Healthcare,Success
T001840,A00005,2025-05-10,Debit,Mobile,6041.22,Cash Withdrawal,Success
T001841,A00312,2024-08-20,NEFT,Internet Banking,27607.24,Retail,Success
T001842,A00591,2025-08-09,Debit,Internet Banking,27371.03,Healthcare,Success
T001843,A00505,2024-04-28,UPI,Mobile,2638.34,Retail,Success
T001844,A00550,2024-05-24,IMPS,Internet Banking,12496.63,Education,Success
T001845,A00074,2024-02-06,Debit,Mobile,493.22,Utility,Success
T001846,A00428,2024-08-15,ATM,ATM,500.0,Cash Withdrawal,Success
T001847,A00383,2025-03-24,Debit,Branch,15100.73,Healthcare,Success
T001848,A00565,2024-03-02,UPI,Mobile,1257.06,Utility,Success
T001849,A00459,2025-04-03,Debit,Branch,12411.27,Cash Withdrawal,Failed
T001850,A00537,2024-07-18,UPI,Mobile,2577.44,Travel,Success
T001851,A00317,2025-02-19,IMPS,Branch,62143.26,Utility,Success
T001852,A00474,2024-10-10,ATM,ATM,5000.0,Cash Withdrawal,Success
T001853,A00374,2024-03-22,Debit,Internet Banking,8056.46,Utility,Success
T001854,A00010,2025-08-31,Credit,ATM,10083.39,Healthcare,Success
T001855,A00328,2024-01-29,ATM,ATM,10000.0,Cash Withdrawal,Success
T001856,A00087,2024-04-12,UPI,Mobile,2004.96,Healthcare,Reversed
T001857,A00020,2024-05-25,Debit,ATM,14586.19,Loan EMI,Success
T001858,A00186,2024-06-21,UPI,Mobile,1737.97,Healthcare,Success
T001859,A00246,2024-11-18,NEFT,Mobile,83912.85,Utility,Reversed
T001860,A00086,2025-11-13,Credit,Internet Banking,14482.02,Healthcare,Success
T001861,A00379,2024-03-01,Credit,Internet Banking,17342.75,Retail,Success
T001862,A00226,2024-07-06,IMPS,Mobile,40946.52,Retail,Success
T001863,A00360,2024-02-02,UPI,Mobile,617.61,Retail,Success
T001864,A00473,2025-12-22,Debit,Branch,6811.13,Loan EMI,Success
T001865,A00376,2025-12-26,ATM,ATM,20000.0,Cash Withdrawal,Success
T001866,A00243,2025-11-13,ATM,ATM,500.0,Cash Withdrawal,Reversed
T001867,A00305,2025-11-24,UPI,Mobile,499.09,Utility,Success
T001868,A00125,2024-01-04,Debit,Branch,20589.24,Retail,Success
T001869,A00540,2025-09-18,ATM,ATM,2000.0,Cash Withdrawal,Success
T001870,A00099,2024-08-14,IMPS,Mobile,8197.92,Retail,Success
T001871,A00581,2025-01-02,Debit,Branch,9801.48,Healthcare,Success
T001872,A00047,2025-01-05,Debit,Mobile,8374.6,Retail,Success
T001873,A00014,2025-10-21,Credit,Internet Banking,8219.16,Retail,Success
T001874,A00469,2025-05-03,Debit,Branch,8736.12,Loan EMI,Success
T001875,A00132,2024-08-11,ATM,ATM,10000.0,Cash Withdrawal,Success
T001876,A00398,2024-08-18,Credit,Internet Banking,28479.75,Loan EMI,Success
T001877,A00164,2024-12-08,Debit,Branch,1975.78,Utility,Success
T001878,A00076,2025-05-20,Debit,Internet Banking,23632.12,Healthcare,Success
T001879,A00193,2024-10-19,Credit,ATM,9264.84,Utility,Success
T001880,A00157,2024-08-12,NEFT,Mobile,59482.73,Education,Success
T001881,A00033,2025-08-08,Credit,Internet Banking,11431.33,Retail,Success
T001882,A00576,2025-07-23,IMPS,Branch,13176.76,Education,Success
T001883,A00123,2024-03-31,Debit,Internet Banking,25011.63,Education,Success
T001884,A00007,2024-10-15,NEFT,Mobile,74032.11,Healthcare,Success
T001885,A00579,2025-04-06,Debit,Branch,4874.98,Travel,Success
T001886,A00453,2024-11-15,Credit,Mobile,15833.61,Education,Success
T001887,A00188,2024-01-09,NEFT,Internet Banking,21080.6,Healthcare,Success
T001888,A00081,2024-09-18,UPI,Mobile,344.92,Healthcare,Success
T001889,A00133,2024-01-02,IMPS,Internet Banking,17855.31,Utility,Success
T001890,A00238,2025-12-31,ATM,ATM,500.0,Cash Withdrawal,Success
T001891,A00177,2024-04-11,UPI,Mobile,3681.1,Travel,Success
T001892,A00560,2024-05-07,UPI,Mobile,2783.23,Healthcare,Success
T001893,A00099,2025-03-20,Credit,Mobile,8808.86,Investment,Success
T001894,A00586,2025-07-17,Credit,ATM,24198.8,Loan EMI,Success
T001895,A00099,2025-01-25,UPI,Mobile,3264.45,Retail,Success
T001896,A00360,2024-08-30,UPI,Mobile,765.94,Travel,Failed
T001897,A00162,2025-06-04,IMPS,Mobile,91723.47,Investment,Success
T001898,A00331,2024-02-24,ATM,ATM,10000.0,Cash Withdrawal,Success
T001899,A00510,2024-06-15,Credit,Branch,8315.48,Education,Success
T001900,A00241,2024-05-18,ATM,ATM,1000.0,Cash Withdrawal,Success
T001901,A00296,2025-05-13,IMPS,Branch,27977.83,Investment,Failed
T001902,A00560,2024-04-22,Credit,ATM,2027.42,Education,Success
T001903,A00014,2024-05-10,Credit,Branch,6948.34,Retail,Success
T001904,A00156,2024-08-12,NEFT,Internet Banking,30335.02,Healthcare,Success
T001905,A00134,2025-12-13,NEFT,Internet Banking,41748.8,Education,Success
T001906,A00137,2025-05-30,Credit,ATM,4605.39,Retail,Success
T001907,A00003,2025-11-29,IMPS,Internet Banking,18568.65,Education,Success
T001908,A00470,2025-04-12,UPI,Mobile,4364.55,Healthcare,Success
T001909,A00573,2024-08-17,Credit,Mobile,20774.76,Retail,Reversed
T001910,A00094,2025-03-01,ATM,ATM,20000.0,Cash Withdrawal,Success
T001911,A00317,2025-01-22,NEFT,Internet Banking,75589.49,Investment,Failed
T001912,A00230,2024-05-02,IMPS,Internet Banking,32243.44,Education,Failed
T001913,A00577,2024-10-09,Credit,Internet Banking,13515.85,Investment,Success
T001914,A00214,2024-05-01,UPI,Mobile,2340.11,Retail,Success
T001915,A00392,2025-03-03,NEFT,Mobile,92142.86,Healthcare,Success
T001916,A00042,2025-01-27,Debit,Internet Banking,3058.74,Utility,Success
T001917,A00419,2025-01-05,Debit,ATM,7469.14,Cash Withdrawal,Success
T001918,A00319,2025-11-02,Credit,Internet Banking,12726.33,Investment,Success
T001919,A00199,2024-08-18,UPI,Mobile,553056.26,Utility,Success
T001920,A00485,2024-07-13,Credit,Branch,6213.53,Investment,Success
T001921,A00124,2024-03-31,Debit,Branch,15188.97,Cash Withdrawal,Success
T001922,A00144,2024-12-17,IMPS,Branch,23173.62,Education,Success
T001923,A00550,2025-06-09,UPI,Mobile,1514.95,Retail,Success
T001924,A00104,2025-09-29,IMPS,Internet Banking,46835.54,Investment,Success
T001925,A00089,2025-11-04,UPI,Mobile,1051.26,Healthcare,Success
T001926,A00359,2024-09-02,NEFT,Branch,57147.1,Education,Failed
T001927,A00197,2025-01-09,ATM,ATM,2000.0,Cash Withdrawal,Success
T001928,A00274,2024-07-26,IMPS,Internet Banking,64163.55,Investment,Success
T001929,A00389,2025-11-15,UPI,Mobile,815.52,Healthcare,Reversed
T001930,A00281,2025-01-13,NEFT,Branch,23044.03,Healthcare,Success
T001931,A00283,2025-05-26,Debit,Internet Banking,5164.51,Investment,Success
T001932,A00282,2025-10-12,Debit,Branch,10765.12,Healthcare,Success
T001933,A00505,2024-10-04,Debit,Internet Banking,13253.35,Travel,Success
T001934,A00133,2024-03-21,Credit,ATM,588418.95,Healthcare,Success
T001935,A00353,2025-09-25,IMPS,Mobile,40920.73,Retail,Success
T001936,A00424,2025-09-02,Credit,ATM,7501.18,Investment,Success
T001937,A00191,2024-04-25,NEFT,Internet Banking,23147.76,Utility,Reversed
T001938,A00143,2024-09-02,Debit,Mobile,13700.22,Cash Withdrawal,Success
T001939,A00303,2024-02-23,IMPS,Mobile,24360.24,Retail,Success
T001940,A00165,2025-03-01,NEFT,Mobile,32071.42,Education,Success
T001941,A00058,2025-04-08,UPI,Mobile,2008.47,Travel,Success
T001942,A00110,2025-11-28,IMPS,Internet Banking,40507.11,Retail,Success
T001943,A00529,2025-06-27,NEFT,Internet Banking,22820.9,Investment,Success
T001944,A00585,2025-04-02,Credit,ATM,21082.24,Healthcare,Success
T001945,A00297,2024-06-29,UPI,Mobile,2266.34,Healthcare,Success
T001946,A00532,2024-02-19,Credit,Branch,12727.37,Utility,Failed
T001947,A00026,2025-12-09,UPI,Mobile,556.4,Utility,Success
T001948,A00234,2025-03-31,UPI,Mobile,1632.13,Travel,Success
T001949,A00344,2025-02-20,Debit,Internet Banking,6846.65,Retail,Failed
T001950,A00048,2025-10-06,ATM,ATM,1000.0,Cash Withdrawal,Failed
T001951,A00065,2024-01-26,IMPS,Mobile,47273.8,Education,Success
T001952,A00047,2024-02-07,Credit,Branch,478.77,Loan EMI,Success
T001953,A00135,2024-03-08,Debit,ATM,9054.12,Loan EMI,Failed
T001954,A00126,2025-03-11,Credit,ATM,7336.31,Education,Success
T001955,A00130,2024-08-10,ATM,ATM,10000.0,Cash Withdrawal,Success
T001956,A00528,2024-06-17,IMPS,Internet Banking,57288.26,Utility,Success
T001957,A00372,2025-12-27,Credit,Internet Banking,2102.18,Utility,Success
T001958,A00195,2025-08-12,ATM,ATM,5000.0,Cash Withdrawal,Success
T001959,A00397,2025-09-22,Debit,Branch,11171.6,Education,Success
T001960,A00473,2024-08-20,ATM,ATM,1000.0,Cash Withdrawal,Success
T001961,A00183,2024-01-02,Debit,Internet Banking,15484.04,Education,Success
T001962,A00239,2025-03-09,UPI,Mobile,4856.62,Utility,Success
T001963,A00096,2024-02-20,UPI,Mobile,1006.98,Healthcare,Success
T001964,A00531,2024-05-03,ATM,ATM,1000.0,Cash Withdrawal,Success
T001965,A00040,2024-04-11,Credit,Mobile,13401.04,Utility,Success
T001966,A00589,2024-08-15,NEFT,Branch,5897.62,Retail,Success
T001967,A00094,2025-05-19,ATM,ATM,20000.0,Cash Withdrawal,Success
T001968,A00276,2025-06-30,NEFT,Mobile,33463.44,Healthcare,Success
T001969,A00276,2024-05-14,Credit,Branch,22027.7,Utility,Success
T001970,A00542,2024-01-18,UPI,Mobile,4887.64,Utility,Success
T001971,A00161,2025-11-11,IMPS,Branch,45014.68,Investment,Failed
T001972,A00430,2024-02-28,Debit,ATM,2897.05,Education,Success
T001973,A00414,2024-09-05,NEFT,Branch,79178.11,Healthcare,Success
T001974,A00121,2025-06-28,Credit,Internet Banking,2921.09,Loan EMI,Success
T001975,A00007,2025-05-12,ATM,ATM,1000.0,Cash Withdrawal,Failed
T001976,A00128,2025-10-30,UPI,Mobile,561993.94,Travel,Success
T001977,A00410,2024-06-27,UPI,Mobile,3901.41,Retail,Success
T001978,A00424,2024-08-22,UPI,Mobile,1410.93,Healthcare,Success
T001979,A00334,2024-10-10,NEFT,Internet Banking,21080.64,Education,Success
T001980,A00183,2025-10-03,ATM,ATM,2000.0,Cash Withdrawal,Failed
T001981,A00282,2024-03-14,Credit,ATM,16832.06,Healthcare,Success
T001982,A00096,2025-08-13,ATM,ATM,10000.0,Cash Withdrawal,Success
T001983,A00481,2025-07-14,UPI,Mobile,1699.11,Travel,Success
T001984,A00144,2024-01-19,Debit,Internet Banking,20831.36,Utility,Success
T001985,A00530,2024-04-08,Credit,Mobile,12458.96,Utility,Failed
T001986,A00256,2025-03-16,IMPS,Branch,39685.3,Healthcare,Success
T001987,A00485,2025-02-19,Credit,Internet Banking,20380.56,Education,Success
T001988,A00517,2024-08-24,Credit,Branch,10172.31,Utility,Success
T001989,A00029,2025-04-16,IMPS,Branch,16154.77,Retail,Success
T001990,A00508,2025-10-26,UPI,Mobile,2566.85,Utility,Success
T001991,A00219,2025-10-08,ATM,ATM,20000.0,Cash Withdrawal,Success
T001992,A00096,2025-10-07,ATM,ATM,2000.0,Cash Withdrawal,Success
T001993,A00546,2025-11-19,ATM,ATM,10000.0,Cash Withdrawal,Success
T001994,A00131,2024-05-28,Credit,Mobile,8824.8,Travel,Success
T001995,A00370,2025-05-12,NEFT,Mobile,41273.68,Education,Success
T001996,A00301,2025-05-06,Credit,Mobile,1783.79,Retail,Failed
T001997,A00497,2025-02-09,Debit,Internet Banking,9889.64,Loan EMI,Success
T001998,A00480,2024-11-12,NEFT,Internet Banking,22295.71,Healthcare,Success
T001999,A00368,2025-03-12,ATM,ATM,500.0,Cash Withdrawal,Success
T002000,A00024,2025-02-20,Debit,ATM,1726.34,Education,Success
T002001,A00411,2024-10-05,UPI,Mobile,1385.37,Travel,Success
T002002,A00116,2025-10-12,UPI,Mobile,1422.23,Utility,Success
T002003,A00235,2024-11-24,Debit,ATM,13738.94,Loan EMI,Success
T002004,A00371,2024-04-22,Credit,Branch,21802.48,Loan EMI,Success
T002005,A00318,2024-08-28,IMPS,Mobile,63662.36,Retail,Success
T002006,A00356,2025-09-18,Debit,ATM,7802.23,Investment,Success
T002007,A00351,2024-09-25,NEFT,Mobile,38376.59,Investment,Success
T002008,A00076,2024-11-08,UPI,Mobile,2171.95,Healthcare,Success
T002009,A00257,2025-09-14,Debit,ATM,7964.93,Cash Withdrawal,Success
T002010,A00284,2025-02-23,Debit,Branch,3170.47,Utility,Success
T002011,A00534,2025-03-06,Credit,Internet Banking,9370.34,Education,Success
T002012,A00568,2025-10-19,NEFT,Branch,72866.33,Retail,Success
T002013,A00263,2024-06-10,Credit,Mobile,3032.66,Loan EMI,Success
T002014,A00121,2025-05-05,ATM,ATM,5000.0,Cash Withdrawal,Success
T002015,A00554,2024-12-22,Debit,Internet Banking,5082.27,Healthcare,Success
T002016,A00139,2024-05-08,Credit,Mobile,5984.72,Retail,Success
T002017,A00323,2025-01-25,IMPS,Internet Banking,14886.17,Retail,Success
T002018,A00029,2024-05-24,NEFT,Mobile,54037.88,Utility,Success
T002019,A00493,2024-12-07,NEFT,Mobile,20365.56,Retail,Success
T002020,A00351,2025-08-19,Debit,Internet Banking,17162.65,Retail,Success
T002021,A00082,2025-08-10,UPI,Mobile,1552.13,Retail,Success
T002022,A00317,2024-07-12,Debit,ATM,2395.13,Investment,Success
T002023,A00235,2025-07-09,UPI,Mobile,1072.92,Retail,Success
T002024,A00192,2024-07-14,NEFT,Internet Banking,64906.36,Investment,Success
T002025,A00329,2025-04-13,Debit,ATM,12010.62,Investment,Success
T002026,A00320,2024-08-25,ATM,ATM,20000.0,Cash Withdrawal,Success
T002027,A00421,2025-07-07,NEFT,Internet Banking,25984.27,Retail,Reversed
T002028,A00334,2025-12-28,ATM,ATM,1000.0,Cash Withdrawal,Success
T002029,A00052,2024-06-05,NEFT,Branch,73431.23,Utility,Failed
T002030,A00468,2024-10-19,Credit,ATM,4684.23,Education,Success
T002031,A00339,2024-02-29,Credit,ATM,7014.85,Retail,Success
T002032,A00298,2025-03-08,Debit,Branch,18904.55,Loan EMI,Success
T002033,A00167,2024-07-22,Debit,Branch,111369.2,Education,Success
T002034,A00114,2024-08-08,Debit,Mobile,238087.99,Education,Success
T002035,A00471,2024-03-10,ATM,ATM,500.0,Cash Withdrawal,Success
T002036,A00488,2025-01-08,IMPS,Internet Banking,46627.52,Healthcare,Success
T002037,A00511,2025-09-16,UPI,Mobile,868.0,Utility,Success
T002038,A00182,2024-10-11,UPI,Mobile,153.0,Travel,Failed
T002039,A00182,2024-08-24,ATM,ATM,10000.0,Cash Withdrawal,Success
T002040,A00179,2024-08-28,Credit,ATM,8661.53,Utility,Success
T002041,A00490,2024-03-10,IMPS,Branch,107900.08,Utility,Success
T002042,A00172,2025-11-08,NEFT,Mobile,65640.91,Utility,Success
T002043,A00443,2024-09-22,ATM,ATM,10000.0,Cash Withdrawal,Success
T002044,A00108,2025-05-02,UPI,Mobile,1445.63,Healthcare,Success
T002045,A00112,2025-09-29,NEFT,Branch,7777.14,Investment,Success
T002046,A00383,2025-10-17,UPI,Mobile,160.0,Healthcare,Success
T002047,A00155,2024-12-13,UPI,Mobile,1555.86,Retail,Success
T002048,A00042,2025-08-21,NEFT,Mobile,44553.23,Healthcare,Success
T002049,A00268,2025-06-03,ATM,ATM,1000.0,Cash Withdrawal,Success
T002050,A00198,2025-04-07,UPI,Mobile,2494.98,Retail,Success
T002051,A00089,2024-03-29,IMPS,Internet Banking,50344.92,Retail,Success
T002052,A00248,2025-12-14,Debit,Internet Banking,16650.38,Retail,Success
T002053,A00077,2025-04-10,NEFT,Mobile,40871.73,Education,Success
T002054,A00237,2025-09-04,Credit,Mobile,22228.74,Cash Withdrawal,Success
T002055,A00338,2024-04-22,UPI,Mobile,968.41,Travel,Success
T002056,A00413,2024-09-17,Debit,Internet Banking,11073.6,Utility,Success
T002057,A00308,2024-06-02,Credit,Internet Banking,2404.52,Utility,Success
T002058,A00274,2025-08-28,NEFT,Mobile,21880.9,Investment,Success
T002059,A00002,2025-12-09,UPI,Mobile,2977.51,Travel,Success
T002060,A00321,2025-03-29,NEFT,Internet Banking,52122.52,Education,Success
T002061,A00542,2025-09-05,UPI,Mobile,425237.45,Utility,Success
T002062,A00011,2025-01-18,UPI,Mobile,5343.56,Healthcare,Success
T002063,A00075,2025-09-18,ATM,ATM,2000.0,Cash Withdrawal,Success
T002064,A00530,2024-09-20,UPI,Mobile,1690.07,Travel,Success
T002065,A00221,2024-06-12,IMPS,Branch,38121.91,Education,Success
T002066,A00483,2025-05-24,UPI,Mobile,899.1,Travel,Success
T002067,A00161,2024-01-18,UPI,Mobile,1077.52,Healthcare,Success
T002068,A00141,2024-01-29,ATM,ATM,10000.0,Cash Withdrawal,Success
T002069,A00303,2024-04-29,Credit,Internet Banking,11942.5,Education,Success
T002070,A00336,2025-11-11,ATM,ATM,5000.0,Cash Withdrawal,Success
T002071,A00161,2025-10-23,UPI,Mobile,2288.01,Utility,Failed
T002072,A00044,2025-03-17,Debit,ATM,13400.03,Cash Withdrawal,Success
T002073,A00587,2024-12-13,Credit,Branch,7366.55,Travel,Success
T002074,A00042,2024-02-14,Debit,Branch,5464.67,Utility,Success
T002075,A00186,2024-06-04,Credit,Branch,5173.71,Travel,Success
T002076,A00119,2025-12-29,Debit,Branch,20885.04,Investment,Success
T002077,A00427,2024-11-01,NEFT,Internet Banking,62527.7,Retail,Success
T002078,A00573,2024-02-29,Debit,ATM,14830.14,Utility,Success
T002079,A00044,2025-02-01,Credit,Internet Banking,20792.54,Loan EMI,Success
T002080,A00334,2025-06-17,Debit,Internet Banking,9937.94,Investment,Success
T002081,A00331,2024-05-01,UPI,Mobile,2714.83,Travel,Success
T002082,A00118,2025-09-17,Credit,Internet Banking,15321.86,Utility,Success
T002083,A00018,2024-11-08,ATM,ATM,500.0,Cash Withdrawal,Success
T002084,A00567,2024-08-10,NEFT,Internet Banking,60081.58,Education,Failed
T002085,A00118,2024-04-02,UPI,Mobile,575.68,Healthcare,Success
T002086,A00295,2025-08-12,ATM,ATM,500.0,Cash Withdrawal,Success
T002087,A00210,2024-04-23,ATM,ATM,500.0,Cash Withdrawal,Success
T002088,A00452,2025-02-23,Credit,Branch,887.43,Retail,Success
T002089,A00208,2024-06-14,UPI,Mobile,1825.56,Travel,Success
T002090,A00101,2024-01-04,Debit,Mobile,8450.88,Healthcare,Success
T002091,A00565,2024-08-28,UPI,Mobile,116.97,Retail,Success
T002092,A00170,2025-03-03,NEFT,Branch,74895.41,Investment,Success
T002093,A00064,2024-03-02,UPI,Mobile,2889.25,Healthcare,Success
T002094,A00466,2024-09-06,NEFT,Internet Banking,42974.09,Retail,Success
T002095,A00535,2025-09-16,NEFT,Branch,16819.41,Investment,Success
T002096,A00087,2025-06-01,Debit,Mobile,2300.99,Investment,Success
T002097,A00261,2025-03-20,UPI,Mobile,152069.91,Retail,Success
T002098,A00539,2024-06-09,Debit,Branch,7251.26,Utility,Success
T002099,A00542,2024-08-17,Debit,Branch,16804.19,Loan EMI,Success
T002100,A00065,2025-06-25,UPI,Mobile,1138.04,Retail,Success
T002101,A00526,2025-01-29,Credit,Mobile,14946.93,Investment,Success
T002102,A00176,2024-01-07,UPI,Mobile,2236.95,Retail,Success
T002103,A00261,2024-03-17,UPI,Mobile,2437.3,Healthcare,Failed
T002104,A00123,2025-04-16,IMPS,Branch,4931.27,Utility,Success
T002105,A00569,2025-10-20,Debit,ATM,6140.49,Healthcare,Success
T002106,A00018,2024-06-03,ATM,ATM,5000.0,Cash Withdrawal,Failed
T002107,A00424,2025-06-30,Debit,Branch,14770.69,Healthcare,Success
T002108,A00344,2025-04-03,Debit,Branch,26004.21,Healthcare,Success
T002109,A00465,2025-10-05,UPI,Mobile,3271.56,Healthcare,Success
T002110,A00024,2025-03-31,Debit,Internet Banking,13165.96,Utility,Success
T002111,A00323,2024-03-05,ATM,ATM,10000.0,Cash Withdrawal,Success
T002112,A00004,2025-07-20,NEFT,Mobile,75410.57,Education,Success
T002113,A00374,2025-12-03,UPI,Mobile,1861.1,Utility,Success
T002114,A00543,2024-07-17,NEFT,Branch,8064.91,Education,Success
T002115,A00306,2025-04-14,UPI,Mobile,2408.22,Utility,Success
T002116,A00572,2025-06-30,Credit,Internet Banking,22147.03,Cash Withdrawal,Success
T002117,A00279,2024-10-23,Debit,Branch,30940.25,Investment,Success
T002118,A00180,2024-05-01,NEFT,Internet Banking,21259.14,Investment,Failed
T002119,A00041,2025-02-10,UPI,Mobile,481054.94,Retail,Success
T002120,A00266,2025-01-02,UPI,Mobile,714081.88,Travel,Success
T002121,A00200,2025-11-12,NEFT,Mobile,44954.19,Healthcare,Success
T002122,A00587,2024-08-30,UPI,Mobile,1907.71,Healthcare,Success
T002123,A00112,2025-07-20,Debit,Branch,23295.15,Retail,Failed
T002124,A00394,2024-01-14,Credit,Branch,18326.7,Retail,Success
T002125,A00428,2024-04-14,UPI,Mobile,2180.07,Utility,Success
T002126,A00381,2025-01-31,Debit,ATM,7781.34,Education,Failed
T002127,A00313,2025-03-18,UPI,Mobile,2561.95,Retail,Success
T002128,A00020,2025-10-31,Credit,Internet Banking,4205.59,Utility,Success
T002129,A00036,2024-02-01,Credit,Branch,13075.86,Investment,Success
T002130,A00049,2024-08-24,Debit,ATM,10585.56,Cash Withdrawal,Success
T002131,A00045,2025-02-06,UPI,Mobile,305.31,Utility,Success
T002132,A00426,2025-01-18,Credit,Mobile,14233.95,Investment,Success
T002133,A00123,2024-11-27,IMPS,Branch,21297.15,Retail,Success
T002134,A00335,2025-03-11,ATM,ATM,1000.0,Cash Withdrawal,Success
T002135,A00009,2024-12-05,Debit,ATM,14011.93,Loan EMI,Success
T002136,A00326,2025-05-06,IMPS,Mobile,15124.01,Retail,Success
T002137,A00396,2025-09-03,Debit,Internet Banking,18440.83,Healthcare,Success
T002138,A00244,2025-07-01,Debit,Mobile,28461.57,Loan EMI,Failed
T002139,A00305,2024-12-07,ATM,ATM,1000.0,Cash Withdrawal,Success
T002140,A00058,2024-01-04,ATM,ATM,5000.0,Cash Withdrawal,Success
T002141,A00096,2024-03-10,IMPS,Mobile,11957.22,Investment,Success
T002142,A00495,2025-05-21,Credit,ATM,5198.13,Education,Success
T002143,A00341,2025-07-21,Debit,Branch,3616.67,Cash Withdrawal,Success
T002144,A00147,2025-12-30,NEFT,Internet Banking,28605.66,Healthcare,Success
T002145,A00522,2025-01-12,UPI,Mobile,1985.42,Healthcare,Success
T002146,A00054,2025-06-25,NEFT,Internet Banking,53601.72,Education,Success
T002147,A00478,2025-04-10,Debit,Internet Banking,12908.17,Education,Success
T002148,A00379,2024-05-24,Debit,ATM,16431.23,Travel,Success
T002149,A00125,2024-12-30,UPI,Mobile,1420.65,Healthcare,Success
T002150,A00215,2024-02-07,Debit,Internet Banking,7050.29,Retail,Success
T002151,A00229,2025-03-07,Credit,Mobile,5303.4,Education,Success
T002152,A00191,2025-03-13,IMPS,Branch,29411.7,Healthcare,Success
T002153,A00071,2024-12-27,NEFT,Mobile,15779.75,Retail,Success
T002154,A00591,2025-03-21,Debit,Mobile,13604.61,Healthcare,Success
T002155,A00325,2025-02-22,Debit,Branch,5477.93,Healthcare,Success
T002156,A00546,2024-02-21,Credit,Mobile,7625.75,Healthcare,Success
T002157,A00311,2024-10-12,NEFT,Mobile,67550.93,Utility,Success
T002158,A00403,2024-06-15,UPI,Mobile,3331.43,Healthcare,Success
T002159,A00329,2024-08-17,Debit,Internet Banking,21625.95,Utility,Success
T002160,A00401,2025-10-06,NEFT,Mobile,32310.81,Education,Success
T002161,A00030,2025-12-07,Credit,Mobile,7263.14,Healthcare,Success
T002162,A00567,2024-08-27,NEFT,Branch,47483.08,Education,Success
T002163,A00576,2025-08-31,UPI,Mobile,693.32,Utility,Success
T002164,A00313,2025-02-03,Debit,ATM,17267.92,Loan EMI,Success
T002165,A00394,2025-05-17,Debit,ATM,6785.74,Utility,Success
T002166,A00053,2024-07-02,Credit,Internet Banking,9301.04,Loan EMI,Success
T002167,A00077,2024-05-20,Debit,Branch,17507.88,Loan EMI,Success
T002168,A00349,2025-08-17,UPI,Mobile,223.06,Utility,Success
T002169,A00280,2024-07-30,UPI,Mobile,907.22,Travel,Success
T002170,A00558,2024-04-17,Credit,Branch,13792.83,Retail,Success
T002171,A00464,2025-07-03,Credit,Mobile,15727.91,Education,Reversed
T002172,A00574,2024-03-22,Debit,ATM,14144.52,Retail,Success
T002173,A00175,2024-04-17,UPI,Mobile,1247.22,Retail,Success
T002174,A00455,2025-03-09,UPI,Mobile,2759.85,Travel,Success
T002175,A00333,2025-05-31,UPI,Mobile,634.18,Retail,Success
T002176,A00013,2025-11-15,Debit,Branch,621089.24,Investment,Success
T002177,A00253,2025-08-21,Credit,Branch,13706.14,Utility,Reversed
T002178,A00326,2024-05-17,UPI,Mobile,568.5,Utility,Success
T002179,A00456,2024-02-13,UPI,Mobile,4515.04,Utility,Success
T002180,A00536,2024-05-05,Credit,ATM,7152.87,Retail,Success
T002181,A00493,2024-07-30,UPI,Mobile,2724.49,Utility,Success
T002182,A00566,2025-05-23,Debit,Internet Banking,4071.29,Utility,Success
T002183,A00370,2025-06-05,ATM,ATM,5000.0,Cash Withdrawal,Success
T002184,A00254,2025-09-25,Credit,Mobile,25420.27,Healthcare,Failed
T002185,A00460,2024-04-02,Debit,ATM,10937.8,Loan EMI,Success
T002186,A00355,2025-01-30,NEFT,Internet Banking,20963.37,Retail,Success
T002187,A00368,2024-04-28,Credit,ATM,8777.23,Education,Success
T002188,A00044,2025-11-06,Credit,Branch,6201.17,Loan EMI,Success
T002189,A00166,2025-07-11,UPI,Mobile,1257.04,Healthcare,Success
T002190,A00263,2024-10-29,Credit,Mobile,4274.74,Investment,Success
T002191,A00441,2024-03-19,Credit,Mobile,7176.59,Loan EMI,Success
T002192,A00216,2024-12-08,UPI,Mobile,2688.58,Utility,Success
T002193,A00397,2024-05-07,Credit,Mobile,12449.28,Utility,Success
T002194,A00278,2024-05-26,UPI,Mobile,622.23,Travel,Failed
T002195,A00543,2024-04-14,Debit,ATM,9506.0,Cash Withdrawal,Success
T002196,A00242,2025-08-29,Debit,Branch,22200.61,Retail,Success
T002197,A00046,2025-03-04,UPI,Mobile,1026.8,Utility,Success
T002198,A00004,2025-08-06,Credit,ATM,4670.93,Loan EMI,Success
T002199,A00372,2024-04-24,NEFT,Internet Banking,48888.99,Education,Success
T002200,A00143,2025-05-17,Credit,ATM,777484.66,Education,Success
T002201,A00126,2024-04-18,ATM,ATM,2000.0,Cash Withdrawal,Success
T002202,A00036,2024-07-26,Debit,Branch,8916.36,Travel,Success
T002203,A00503,2025-03-29,ATM,ATM,2000.0,Cash Withdrawal,Success
T002204,A00246,2024-08-07,UPI,Mobile,3556.13,Healthcare,Success
T002205,A00099,2024-08-26,ATM,ATM,739201.02,Cash Withdrawal,Failed
T002206,A00370,2024-07-16,UPI,Mobile,1262.81,Healthcare,Success
T002207,A00134,2025-02-09,Credit,ATM,19301.41,Utility,Failed
T002208,A00071,2025-11-01,NEFT,Internet Banking,13262.31,Utility,Success
T002209,A00378,2025-04-06,UPI,Mobile,1224.14,Retail,Success
T002210,A00021,2024-02-27,ATM,ATM,5000.0,Cash Withdrawal,Success
T002211,A00287,2024-04-12,UPI,Mobile,1133.63,Travel,Reversed
T002212,A00252,2025-07-18,UPI,Mobile,2143.3,Retail,Success
T002213,A00328,2024-04-11,IMPS,Internet Banking,35296.1,Investment,Success
T002214,A00498,2024-01-29,UPI,Mobile,3876.56,Healthcare,Success
T002215,A00269,2025-08-11,UPI,Mobile,979.96,Travel,Success
T002216,A00529,2024-11-01,NEFT,Internet Banking,682667.21,Education,Success
T002217,A00226,2024-06-25,UPI,Mobile,1168.22,Retail,Success
T002218,A00037,2024-07-16,Debit,Internet Banking,10711.54,Travel,Success
T002219,A00508,2024-01-13,Credit,Internet Banking,10073.04,Loan EMI,Success
T002220,A00159,2024-02-05,Credit,ATM,5527.13,Education,Success
T002221,A00142,2024-03-12,UPI,Mobile,2587.32,Travel,Success
T002222,A00032,2024-01-11,Debit,Internet Banking,6627.49,Healthcare,Success
T002223,A00256,2024-05-19,Debit,Mobile,6284.69,Retail,Success
T002224,A00493,2024-04-01,Debit,Mobile,2977.03,Loan EMI,Success
T002225,A00216,2025-07-07,NEFT,Branch,22005.6,Utility,Success
T002226,A00079,2025-11-01,Debit,Branch,6563.83,Utility,Success
T002227,A00267,2024-11-19,NEFT,Branch,4400.16,Education,Success
T002228,A00529,2024-04-23,UPI,Mobile,1252.79,Retail,Success
T002229,A00270,2024-11-09,Debit,Mobile,24609.09,Utility,Success
T002230,A00312,2024-05-14,Debit,Branch,3476.06,Travel,Success
T002231,A00363,2024-07-04,Debit,ATM,10581.03,Travel,Success
T002232,A00018,2025-08-20,Debit,Internet Banking,9104.65,Loan EMI,Success
T002233,A00024,2024-08-01,ATM,ATM,5000.0,Cash Withdrawal,Success
T002234,A00099,2024-08-18,IMPS,Mobile,51486.03,Healthcare,Success
T002235,A00319,2025-07-24,Credit,Branch,16879.02,Cash Withdrawal,Success
T002236,A00382,2025-08-21,UPI,Mobile,5655.29,Retail,Success
T002237,A00112,2025-08-11,ATM,ATM,2000.0,Cash Withdrawal,Success
T002238,A00096,2024-06-23,NEFT,Branch,40022.47,Healthcare,Success
T002239,A00571,2025-02-27,Debit,Internet Banking,5936.5,Investment,Success
T002240,A00061,2024-01-10,UPI,Mobile,934.15,Utility,Success
T002241,A00545,2024-08-24,UPI,Mobile,1016.32,Retail,Success
T002242,A00034,2025-05-17,Debit,Branch,6763.78,Travel,Success
T002243,A00429,2025-08-07,ATM,ATM,10000.0,Cash Withdrawal,Success
T002244,A00213,2025-02-06,UPI,Mobile,4386.24,Travel,Success
T002245,A00242,2024-10-12,UPI,Mobile,2392.73,Healthcare,Failed
T002246,A00041,2025-05-31,Credit,Branch,14766.31,Investment,Success
T002247,A00155,2024-01-10,Credit,Branch,4775.6,Education,Success
T002248,A00155,2024-01-15,Debit,ATM,16773.69,Retail,Success
T002249,A00003,2024-03-03,Credit,Internet Banking,21180.28,Education,Success
T002250,A00428,2025-04-09,Debit,Mobile,464764.59,Retail,Success
T002251,A00095,2024-05-04,Debit,Internet Banking,768461.48,Retail,Success
T002252,A00409,2025-08-04,ATM,ATM,20000.0,Cash Withdrawal,Success
T002253,A00528,2024-07-25,IMPS,Branch,84313.61,Retail,Failed
T002254,A00491,2025-09-24,Credit,Mobile,6457.62,Healthcare,Reversed
T002255,A00086,2025-07-14,UPI,Mobile,752.09,Utility,Success
T002256,A00024,2025-09-03,NEFT,Branch,15232.67,Retail,Success
T002257,A00464,2024-05-01,NEFT,Branch,31606.59,Investment,Success
T002258,A00101,2025-06-19,NEFT,Mobile,39939.85,Utility,Success
T002259,A00393,2025-12-11,Debit,Branch,19451.37,Cash Withdrawal,Success
T002260,A00274,2025-11-11,Credit,ATM,15192.3,Education,Success
T002261,A00441,2025-02-24,Credit,ATM,15038.46,Investment,Success
T002262,A00264,2024-10-17,UPI,Mobile,3517.63,Utility,Success
T002263,A00155,2024-02-24,Credit,Branch,5045.87,Cash Withdrawal,Success
T002264,A00146,2025-12-24,ATM,ATM,500.0,Cash Withdrawal,Success
T002265,A00145,2025-10-30,Debit,Internet Banking,3298.19,Cash Withdrawal,Success
T002266,A00416,2024-05-24,Credit,ATM,15662.41,Travel,Success
T002267,A00143,2025-04-23,Debit,ATM,9913.75,Education,Success
T002268,A00234,2024-12-18,IMPS,Internet Banking,62993.22,Utility,Success
T002269,A00099,2025-07-27,IMPS,Branch,32656.19,Education,Success
T002270,A00448,2024-03-12,UPI,Mobile,898.37,Utility,Success
T002271,A00423,2024-04-27,NEFT,Internet Banking,50379.97,Healthcare,Success
T002272,A00278,2025-03-12,UPI,Mobile,1596.43,Retail,Success
T002273,A00557,2024-05-26,UPI,Mobile,1456.4,Retail,Success
T002274,A00184,2024-07-24,IMPS,Internet Banking,133210.25,Retail,Failed
T002275,A00457,2024-03-11,Debit,Branch,22095.62,Retail,Success
T002276,A00568,2025-01-18,Credit,Internet Banking,17071.51,Investment,Success
T002277,A00272,2024-11-15,Debit,Mobile,11677.16,Cash Withdrawal,Success
T002278,A00470,2025-03-05,IMPS,Branch,34248.57,Education,Failed
T002279,A00113,2025-09-28,Credit,Branch,8749.23,Retail,Success
T002280,A00216,2024-11-12,UPI,Mobile,1758.24,Travel,Success
T002281,A00451,2024-03-26,UPI,Mobile,1001.02,Healthcare,Success
T002282,A00338,2024-04-13,ATM,ATM,1000.0,Cash Withdrawal,Success
T002283,A00192,2025-02-07,UPI,Mobile,499.24,Retail,Success
T002284,A00412,2024-12-25,IMPS,Mobile,32388.18,Investment,Success
T002285,A00080,2025-09-28,NEFT,Mobile,41275.1,Retail,Success
T002286,A00284,2025-09-30,Debit,Internet Banking,19522.49,Travel,Success
T002287,A00219,2025-01-05,Credit,Internet Banking,5992.85,Travel,Success
T002288,A00516,2024-11-04,IMPS,Internet Banking,34443.31,Investment,Success
T002289,A00221,2024-11-10,Credit,Internet Banking,15118.41,Investment,Failed
T002290,A00158,2024-03-29,Debit,Internet Banking,14907.4,Cash Withdrawal,Success
T002291,A00172,2024-12-31,Debit,Branch,27450.31,Retail,Success
T002292,A00294,2024-10-16,UPI,Mobile,1192.54,Retail,Success
T002293,A00526,2024-07-19,UPI,Mobile,700.43,Retail,Success
T002294,A00003,2025-11-15,UPI,Mobile,1616.54,Utility,Success
T002295,A00305,2025-05-27,NEFT,Branch,28125.71,Investment,Success
T002296,A00294,2025-08-23,NEFT,Branch,24554.06,Utility,Success
T002297,A00019,2024-12-21,NEFT,Internet Banking,22090.07,Utility,Success
T002298,A00394,2024-11-14,Debit,ATM,13152.51,Travel,Success
T002299,A00031,2024-05-01,ATM,ATM,500.0,Cash Withdrawal,Success
T002300,A00563,2025-03-10,Credit,Branch,6636.87,Loan EMI,Success
T002301,A00539,2025-01-29,Credit,Mobile,17062.3,Education,Reversed
T002302,A00213,2024-04-17,UPI,Mobile,2424.02,Retail,Success
T002303,A00034,2024-01-14,Debit,Internet Banking,13914.14,Travel,Success
T002304,A00530,2024-04-11,UPI,Mobile,615.85,Healthcare,Success
T002305,A00047,2024-04-17,NEFT,Mobile,40118.29,Investment,Failed
T002306,A00053,2025-06-03,Debit,ATM,20313.0,Loan EMI,Success
T002307,A00388,2024-01-10,UPI,Mobile,2629.16,Retail,Success
T002308,A00235,2024-12-11,UPI,Mobile,745836.78,Retail,Success
T002309,A00474,2025-06-19,ATM,ATM,5000.0,Cash Withdrawal,Success
T002310,A00058,2024-08-20,UPI,Mobile,1522.63,Healthcare,Success
T002311,A00546,2024-04-23,NEFT,Mobile,33007.57,Investment,Success
T002312,A00409,2024-09-14,UPI,Mobile,3375.78,Retail,Success
T002313,A00239,2024-02-11,UPI,Mobile,1848.19,Healthcare,Success
T002314,A00008,2024-07-05,NEFT,Branch,41292.48,Utility,Success
T002315,A00390,2024-12-26,UPI,Mobile,555932.29,Retail,Success
T002316,A00312,2024-07-17,NEFT,Internet Banking,26630.67,Investment,Failed
T002317,A00171,2024-05-04,Debit,Mobile,1582.35,Investment,Success
T002318,A00587,2024-12-26,NEFT,Mobile,29584.41,Healthcare,Success
T002319,A00473,2025-11-29,ATM,ATM,500.0,Cash Withdrawal,Success
T002320,A00259,2025-08-14,NEFT,Mobile,30858.79,Investment,Success
T002321,A00122,2025-02-20,NEFT,Internet Banking,40527.1,Healthcare,Success
T002322,A00010,2024-08-10,Debit,Mobile,14819.97,Cash Withdrawal,Success
T002323,A00223,2025-12-20,ATM,ATM,500.0,Cash Withdrawal,Success
T002324,A00144,2024-10-22,UPI,Mobile,183.78,Utility,Success
T002325,A00011,2024-11-04,IMPS,Branch,47675.0,Healthcare,Success
T002326,A00016,2024-11-19,NEFT,Internet Banking,32208.17,Investment,Failed
T002327,A00402,2025-05-02,ATM,ATM,20000.0,Cash Withdrawal,Success
T002328,A00309,2025-02-17,ATM,ATM,1000.0,Cash Withdrawal,Success
T002329,A00350,2024-08-26,Debit,Mobile,111953.19,Travel,Success
T002330,A00292,2025-05-25,UPI,Mobile,304.86,Travel,Success
T002331,A00454,2024-05-05,Debit,Branch,25099.17,Healthcare,Success
T002332,A00117,2024-05-20,UPI,Mobile,1063.53,Retail,Success
T002333,A00350,2024-04-10,Credit,ATM,16447.64,Loan EMI,Success
T002334,A00273,2024-06-07,Debit,Mobile,5928.28,Loan EMI,Success
T002335,A00020,2024-06-06,Debit,ATM,13256.42,Investment,Success
T002336,A00393,2024-10-13,UPI,Mobile,1230.16,Healthcare,Success
T002337,A00067,2025-03-28,Credit,Internet Banking,16139.97,Education,Success
T002338,A00129,2025-01-05,Debit,ATM,8903.67,Loan EMI,Success
T002339,A00242,2025-05-07,ATM,ATM,500.0,Cash Withdrawal,Success
T002340,A00326,2024-08-21,UPI,Mobile,716.35,Travel,Success
T002341,A00076,2024-11-04,UPI,Mobile,1483.68,Utility,Success
T002342,A00408,2024-02-21,Credit,Branch,10378.77,Healthcare,Success
T002343,A00563,2025-02-16,IMPS,Mobile,39888.78,Investment,Success
T002344,A00047,2025-04-04,UPI,Mobile,2849.22,Utility,Success
T002345,A00402,2025-11-30,Debit,Internet Banking,4794.74,Travel,Success
T002346,A00359,2024-08-01,ATM,ATM,5000.0,Cash Withdrawal,Success
T002347,A00381,2025-09-10,Credit,Internet Banking,18567.76,Loan EMI,Success
T002348,A00031,2024-09-26,UPI,Mobile,500.71,Healthcare,Success
T002349,A00059,2025-12-11,Debit,ATM,15761.35,Education,Success
T002350,A00027,2025-12-04,UPI,Mobile,2341.44,Travel,Success
T002351,A00087,2024-12-01,UPI,Mobile,1018.85,Healthcare,Success
T002352,A00010,2024-11-17,Debit,ATM,6153.56,Investment,Success
T002353,A00534,2025-09-01,NEFT,Mobile,17414.64,Education,Success
T002354,A00080,2025-08-23,ATM,ATM,500.0,Cash Withdrawal,Success
T002355,A00273,2024-05-30,NEFT,Mobile,35496.13,Investment,Success
T002356,A00137,2025-04-11,ATM,ATM,1000.0,Cash Withdrawal,Success
T002357,A00154,2025-05-08,Credit,Mobile,16703.07,Loan EMI,Success
T002358,A00523,2025-03-12,UPI,Mobile,1341.37,Healthcare,Success
T002359,A00313,2024-06-10,UPI,Mobile,125.69,Utility,Success
T002360,A00588,2025-02-17,UPI,Mobile,965.08,Travel,Success
T002361,A00110,2025-03-11,IMPS,Internet Banking,21590.26,Investment,Success
T002362,A00197,2024-01-31,NEFT,Branch,46821.24,Healthcare,Reversed
T002363,A00585,2024-01-15,Credit,ATM,15230.4,Utility,Success
T002364,A00081,2024-03-03,UPI,Mobile,1679.71,Retail,Success
T002365,A00020,2024-08-09,NEFT,Internet Banking,59885.34,Healthcare,Success
T002366,A00041,2024-12-16,ATM,ATM,500.0,Cash Withdrawal,Success
T002367,A00194,2025-02-27,NEFT,Internet Banking,62752.13,Education,Success
T002368,A00236,2024-04-25,NEFT,Mobile,23204.64,Investment,Success
T002369,A00463,2024-09-04,IMPS,Internet Banking,17103.36,Retail,Success
T002370,A00423,2024-11-28,Debit,Branch,10284.47,Healthcare,Success
T002371,A00586,2024-11-28,Credit,Branch,11951.13,Education,Success
T002372,A00527,2024-07-03,UPI,Mobile,971.45,Retail,Success
T002373,A00412,2024-08-15,Debit,Mobile,52921.52,Cash Withdrawal,Success
T002374,A00459,2024-03-01,Credit,Internet Banking,24243.25,Investment,Success
T002375,A00180,2025-04-09,NEFT,Branch,20755.85,Education,Success
T002376,A00522,2024-09-28,UPI,Mobile,605950.17,Utility,Success
T002377,A00582,2025-03-21,Debit,Mobile,6552.51,Investment,Reversed
T002378,A00441,2024-01-23,Credit,Mobile,19631.54,Travel,Success
T002379,A00180,2025-09-01,Credit,Branch,19916.85,Travel,Success
T002380,A00318,2024-08-31,UPI,Mobile,3729.6,Utility,Success
T002381,A00036,2025-08-21,Debit,Branch,5692.96,Healthcare,Success
T002382,A00182,2024-01-07,IMPS,Internet Banking,46698.77,Education,Success
T002383,A00398,2025-10-29,NEFT,Mobile,17969.54,Utility,Success
T002384,A00238,2024-12-11,Debit,Mobile,27521.24,Education,Success
T002385,A00590,2025-07-27,Debit,Branch,5839.47,Education,Success
T002386,A00171,2024-10-28,NEFT,Mobile,11649.97,Investment,Success
T002387,A00573,2024-01-28,Debit,Branch,4736.86,Travel,Failed
T002388,A00283,2024-10-03,Credit,Mobile,10761.04,Loan EMI,Success
T002389,A00418,2024-11-16,IMPS,Branch,52947.6,Retail,Failed
T002390,A00124,2024-05-26,Debit,Internet Banking,15912.41,Investment,Success
T002391,A00328,2025-08-25,Debit,Branch,4894.67,Travel,Success
T002392,A00282,2025-10-18,Credit,Branch,8311.83,Loan EMI,Reversed
T002393,A00104,2025-08-23,Credit,Internet Banking,7574.46,Loan EMI,Success
T002394,A00515,2025-01-16,Debit,Internet Banking,4368.35,Utility,Success
T002395,A00289,2025-04-29,Debit,Internet Banking,7449.23,Cash Withdrawal,Success
T002396,A00149,2025-12-19,Credit,Internet Banking,23807.2,Travel,Success
T002397,A00028,2024-01-05,UPI,Mobile,454.37,Travel,Success
T002398,A00283,2024-11-18,NEFT,Mobile,39071.55,Utility,Success
T002399,A00065,2024-12-28,ATM,ATM,2000.0,Cash Withdrawal,Success
T002400,A00286,2024-08-02,ATM,ATM,1000.0,Cash Withdrawal,Success
T002401,A00318,2024-08-31,ATM,ATM,500.0,Cash Withdrawal,Success
T002402,A00493,2025-10-15,Credit,Internet Banking,24130.08,Utility,Success
T002403,A00138,2024-06-06,IMPS,Branch,76473.39,Retail,Success
T002404,A00342,2025-12-18,IMPS,Internet Banking,93370.81,Retail,Failed
T002405,A00008,2024-11-05,NEFT,Mobile,41679.66,Healthcare,Success
T002406,A00407,2025-08-11,Debit,Branch,14470.93,Education,Success
T002407,A00460,2024-12-28,Credit,Mobile,7547.23,Utility,Success
T002408,A00308,2025-03-19,Debit,ATM,3840.55,Healthcare,Success
T002409,A00577,2024-06-24,IMPS,Mobile,30198.58,Healthcare,Success
T002410,A00430,2024-06-25,Credit,ATM,21073.61,Investment,Success
T002411,A00177,2025-01-06,Debit,Branch,1385.1,Healthcare,Success
T002412,A00417,2024-06-21,UPI,Mobile,1026.71,Travel,Success
T002413,A00112,2025-06-30,Debit,Internet Banking,15344.89,Utility,Reversed
T002414,A00477,2024-06-25,UPI,Mobile,1503.66,Travel,Success
T002415,A00189,2025-10-23,Credit,Branch,22641.39,Utility,Success
T002416,A00305,2025-08-06,UPI,Mobile,2955.98,Retail,Success
T002417,A00447,2025-02-07,Credit,Internet Banking,3450.82,Retail,Success
T002418,A00276,2024-12-16,NEFT,Internet Banking,35678.52,Retail,Success
T002419,A00069,2025-05-03,NEFT,Branch,262119.52,Utility,Success
T002420,A00089,2025-08-11,Debit,ATM,6249.93,Education,Success
T002421,A00168,2024-11-01,NEFT,Internet Banking,10305.51,Utility,Success
T002422,A00006,2025-12-12,Credit,Mobile,12699.11,Utility,Success
T002423,A00341,2025-02-13,Debit,Mobile,22920.95,Investment,Success
T002424,A00466,2024-05-12,Debit,Branch,500710.03,Healthcare,Success
T002425,A00182,2024-07-23,Debit,Mobile,3487.93,Loan EMI,Success
T002426,A00235,2025-11-20,Credit,Branch,10458.54,Investment,Success
T002427,A00273,2024-10-16,ATM,ATM,5000.0,Cash Withdrawal,Failed
T002428,A00105,2025-02-02,Debit,ATM,14973.83,Travel,Success
T002429,A00187,2025-04-20,UPI,Mobile,1361.2,Healthcare,Success
T002430,A00450,2024-02-02,UPI,Mobile,1888.5,Travel,Success
T002431,A00189,2025-09-30,IMPS,Mobile,19916.89,Healthcare,Success
T002432,A00361,2024-04-12,UPI,Mobile,160579.87,Healthcare,Success
T002433,A00199,2024-06-25,Debit,Branch,8807.49,Retail,Success
T002434,A00231,2025-03-31,Debit,ATM,25428.56,Travel,Success
T002435,A00283,2024-12-19,UPI,Mobile,606.9,Utility,Success
T002436,A00414,2025-08-09,Debit,Mobile,1591.36,Utility,Success
T002437,A00571,2025-01-13,ATM,ATM,5000.0,Cash Withdrawal,Success
T002438,A00043,2024-10-14,ATM,ATM,1000.0,Cash Withdrawal,Success
T002439,A00280,2024-03-05,ATM,ATM,500.0,Cash Withdrawal,Success
T002440,A00358,2025-10-02,NEFT,Mobile,80179.44,Education,Success
T002441,A00296,2024-08-28,Debit,Mobile,11708.33,Retail,Success
T002442,A00569,2024-03-20,Debit,Internet Banking,4192.12,Retail,Success
T002443,A00439,2024-04-06,Debit,Internet Banking,18761.4,Cash Withdrawal,Success
T002444,A00421,2025-01-19,Credit,Internet Banking,15544.88,Healthcare,Success
T002445,A00444,2025-04-23,Credit,Internet Banking,27882.88,Education,Failed
T002446,A00069,2025-01-11,ATM,ATM,20000.0,Cash Withdrawal,Success
T002447,A00552,2025-09-15,UPI,Mobile,1735.09,Retail,Success
T002448,A00175,2025-08-13,NEFT,Internet Banking,133440.63,Retail,Success
T002449,A00486,2025-10-27,NEFT,Branch,783405.1,Healthcare,Success
T002450,A00458,2024-02-04,Debit,Mobile,15562.95,Education,Success
T002451,A00455,2025-08-29,UPI,Mobile,2487.71,Travel,Success
T002452,A00470,2025-11-12,Debit,Internet Banking,53689.07,Loan EMI,Success
T002453,A00127,2025-07-15,IMPS,Internet Banking,24218.92,Investment,Success
T002454,A00508,2025-08-11,UPI,Mobile,1032.45,Retail,Success
T002455,A00482,2025-06-04,UPI,Mobile,2522.74,Healthcare,Success
T002456,A00350,2025-11-23,UPI,Mobile,453.16,Retail,Success
T002457,A00444,2024-07-28,Debit,Branch,6278.22,Loan EMI,Success
T002458,A00335,2025-10-14,Debit,Mobile,9824.73,Cash Withdrawal,Success
T002459,A00124,2025-12-12,UPI,Mobile,4228.9,Utility,Success
T002460,A00081,2025-07-12,NEFT,Branch,55061.06,Healthcare,Success
T002461,A00197,2024-03-03,ATM,ATM,5000.0,Cash Withdrawal,Success
T002462,A00016,2025-04-30,Debit,Branch,11407.0,Travel,Success
T002463,A00572,2024-06-12,UPI,Mobile,980.49,Travel,Success
T002464,A00215,2024-08-26,UPI,Mobile,5343.85,Healthcare,Failed
T002465,A00569,2025-03-09,NEFT,Mobile,32195.92,Retail,Success
T002466,A00310,2024-06-10,Credit,Branch,6273.7,Travel,Success
T002467,A00347,2024-11-05,ATM,ATM,20000.0,Cash Withdrawal,Success
T002468,A00300,2025-01-02,NEFT,Branch,126471.61,Healthcare,Reversed
T002469,A00188,2024-03-06,UPI,Mobile,474.25,Healthcare,Success
T002470,A00566,2024-06-15,IMPS,Mobile,76274.87,Investment,Success
T002471,A00295,2025-11-05,NEFT,Internet Banking,33958.08,Investment,Success
T002472,A00079,2025-04-22,ATM,ATM,500.0,Cash Withdrawal,Success
T002473,A00006,2025-01-30,UPI,Mobile,2519.74,Utility,Success
T002474,A00364,2025-10-22,UPI,Mobile,2216.61,Retail,Success
T002475,A00266,2025-08-17,IMPS,Branch,54454.39,Investment,Success
T002476,A00098,2024-12-02,Credit,Internet Banking,39737.26,Retail,Success
T002477,A00163,2025-02-26,UPI,Mobile,5740.62,Retail,Success
T002478,A00032,2025-06-09,UPI,Mobile,835.22,Retail,Success
T002479,A00068,2025-04-10,Credit,Branch,14937.38,Utility,Success
T002480,A00183,2025-10-28,NEFT,Mobile,6800.46,Education,Success
T002481,A00031,2025-11-07,NEFT,Mobile,58355.33,Investment,Success
T002482,A00360,2025-08-01,Debit,Internet Banking,20782.88,Cash Withdrawal,Success
T002483,A00003,2025-03-09,IMPS,Branch,4047.59,Utility,Success
T002484,A00410,2024-04-22,Credit,Internet Banking,10671.97,Investment,Success
T002485,A00034,2025-06-27,Credit,Mobile,17133.74,Education,Success
T002486,A00184,2025-03-07,Debit,ATM,13628.82,Cash Withdrawal,Success
T002487,A00406,2025-10-07,ATM,ATM,20000.0,Cash Withdrawal,Reversed
T002488,A00518,2024-01-07,Credit,Mobile,4119.79,Cash Withdrawal,Failed
T002489,A00150,2024-11-01,Credit,ATM,4498.0,Education,Success
T002490,A00095,2024-06-08,IMPS,Mobile,30307.43,Education,Success
T002491,A00280,2025-08-06,UPI,Mobile,1059.42,Retail,Success
T002492,A00479,2024-01-01,Credit,ATM,8548.58,Education,Success
T002493,A00327,2024-02-13,Debit,Branch,3657.36,Investment,Success
T002494,A00568,2025-03-26,NEFT,Mobile,34378.04,Utility,Success
T002495,A00287,2025-06-06,UPI,Mobile,4250.4,Retail,Success
T002496,A00482,2025-05-25,Debit,ATM,4266.98,Cash Withdrawal,Success
T002497,A00159,2024-07-21,IMPS,Internet Banking,28482.09,Healthcare,Success
T002498,A00495,2025-09-10,NEFT,Branch,50929.51,Healthcare,Success
T002499,A00396,2025-08-18,Debit,Internet Banking,2944.69,Utility,Success
T002500,A00270,2024-07-09,UPI,Mobile,1548.48,Healthcare,Failed
T002501,A00135,2024-01-12,Debit,Internet Banking,20399.81,Travel,Failed
T002502,A00435,2024-06-30,Debit,ATM,5042.67,Investment,Success
T002503,A00162,2025-08-25,IMPS,Branch,37054.83,Retail,Success
T002504,A00589,2025-05-03,NEFT,Mobile,63031.59,Retail,Success
T002505,A00481,2025-09-17,Debit,Internet Banking,38529.81,Retail,Success
T002506,A00560,2024-06-25,Credit,ATM,11467.35,Education,Success
T002507,A00563,2024-07-13,IMPS,Branch,18928.96,Utility,Success
T002508,A00011,2024-01-31,Credit,Mobile,2198.78,Cash Withdrawal,Success
T002509,A00499,2025-02-12,Credit,Mobile,6424.95,Cash Withdrawal,Success
T002510,A00035,2024-10-18,ATM,ATM,10000.0,Cash Withdrawal,Success
T002511,A00018,2024-07-28,UPI,Mobile,394.32,Healthcare,Success
T002512,A00579,2025-04-26,Credit,Internet Banking,28837.71,Healthcare,Success
T002513,A00167,2025-11-14,IMPS,Internet Banking,60553.25,Education,Success
T002514,A00158,2024-02-26,UPI,Mobile,537.7,Travel,Success
T002515,A00518,2025-03-12,UPI,Mobile,773.76,Retail,Success
T002516,A00426,2024-05-08,IMPS,Branch,35302.04,Retail,Failed
T002517,A00035,2025-10-26,IMPS,Mobile,65781.67,Healthcare,Success
T002518,A00090,2025-04-30,ATM,ATM,1000.0,Cash Withdrawal,Success
T002519,A00437,2025-02-22,Credit,Internet Banking,14961.0,Healthcare,Success
T002520,A00309,2024-01-07,Debit,ATM,14054.04,Loan EMI,Success
T002521,A00338,2024-08-18,IMPS,Branch,38807.17,Investment,Success
T002522,A00430,2024-04-09,Credit,Internet Banking,4696.82,Loan EMI,Success
T002523,A00077,2025-05-23,IMPS,Mobile,35633.74,Utility,Success
T002524,A00188,2024-02-16,Credit,ATM,10542.36,Travel,Success
T002525,A00205,2024-08-03,UPI,Mobile,388.49,Travel,Success
T002526,A00312,2024-11-13,Debit,Internet Banking,28405.37,Cash Withdrawal,Success
T002527,A00286,2025-05-20,UPI,Mobile,914.07,Healthcare,Success
T002528,A00135,2024-08-18,Debit,Mobile,3518.09,Retail,Success
T002529,A00342,2024-03-19,NEFT,Branch,23974.67,Utility,Success
T002530,A00379,2024-04-01,UPI,Mobile,1220.14,Travel,Success
T002531,A00574,2025-08-30,Debit,ATM,10328.88,Healthcare,Failed
T002532,A00038,2025-09-11,NEFT,Branch,27307.82,Education,Success
T002533,A00580,2024-03-21,ATM,ATM,500.0,Cash Withdrawal,Success
T002534,A00274,2024-10-04,ATM,ATM,10000.0,Cash Withdrawal,Success
T002535,A00123,2025-02-11,Credit,Internet Banking,299539.51,Loan EMI,Success
T002536,A00013,2024-11-14,Debit,ATM,11972.06,Travel,Reversed
T002537,A00262,2025-09-10,IMPS,Branch,36063.71,Retail,Success
T002538,A00575,2024-01-25,ATM,ATM,10000.0,Cash Withdrawal,Success
T002539,A00041,2024-09-01,UPI,Mobile,2004.01,Healthcare,Success
T002540,A00022,2025-11-06,UPI,Mobile,2091.15,Retail,Success
T002541,A00359,2024-04-02,IMPS,Mobile,46825.74,Education,Success
T002542,A00218,2024-07-27,ATM,ATM,2000.0,Cash Withdrawal,Success
T002543,A00057,2024-07-13,UPI,Mobile,2516.36,Healthcare,Success
T002544,A00537,2025-06-03,IMPS,Mobile,19287.4,Healthcare,Success
T002545,A00516,2024-02-13,UPI,Mobile,857.17,Retail,Success
T002546,A00097,2025-07-07,NEFT,Branch,65978.61,Education,Success
T002547,A00211,2025-11-28,NEFT,Internet Banking,24542.6,Healthcare,Success
T002548,A00573,2024-10-09,UPI,Mobile,1360.18,Retail,Success
T002549,A00253,2024-07-09,ATM,ATM,500.0,Cash Withdrawal,Success
T002550,A00314,2025-04-10,NEFT,Branch,28664.99,Investment,Success
T002551,A00503,2025-11-25,Credit,Internet Banking,37698.21,Cash Withdrawal,Success
T002552,A00513,2025-12-15,IMPS,Internet Banking,16697.21,Retail,Success
T002553,A00144,2025-10-17,NEFT,Internet Banking,16435.33,Healthcare,Success
T002554,A00077,2025-09-24,UPI,Mobile,1487.41,Travel,Success
T002555,A00519,2025-01-31,IMPS,Internet Banking,29271.77,Healthcare,Success
T002556,A00400,2024-01-03,Debit,Mobile,4462.67,Utility,Success
T002557,A00570,2024-11-04,Credit,ATM,10170.55,Loan EMI,Success
T002558,A00007,2024-08-09,IMPS,Branch,33995.65,Healthcare,Failed
T002559,A00054,2025-02-06,Debit,Internet Banking,7533.73,Investment,Success
T002560,A00394,2024-02-15,Credit,Mobile,9762.22,Investment,Success
T002561,A00581,2025-08-24,Credit,Branch,6116.5,Retail,Reversed
T002562,A00061,2024-08-30,UPI,Mobile,534.0,Travel,Success
T002563,A00276,2024-12-13,Credit,Branch,8059.32,Loan EMI,Success
T002564,A00390,2024-08-24,NEFT,Branch,14587.31,Investment,Success
T002565,A00569,2025-03-16,Credit,Internet Banking,3800.04,Healthcare,Failed
T002566,A00314,2025-11-08,Debit,ATM,2117.8,Utility,Success
T002567,A00299,2025-12-11,Debit,ATM,12523.62,Education,Success
T002568,A00017,2025-10-07,UPI,Mobile,1038.89,Healthcare,Success
T002569,A00223,2024-10-17,NEFT,Mobile,66231.52,Education,Success
T002570,A00176,2025-09-03,NEFT,Mobile,25318.98,Investment,Success
T002571,A00054,2024-11-18,ATM,ATM,778655.23,Cash Withdrawal,Success
T002572,A00450,2024-05-22,Debit,Internet Banking,12484.34,Retail,Success
T002573,A00161,2025-03-07,IMPS,Mobile,20270.86,Utility,Success
T002574,A00065,2025-01-09,UPI,Mobile,1452.53,Retail,Failed
T002575,A00005,2024-03-10,UPI,Mobile,214.85,Retail,Success
T002576,A00336,2025-03-09,Credit,Internet Banking,7974.85,Retail,Success
T002577,A00321,2024-03-17,Debit,ATM,5721.54,Cash Withdrawal,Success
T002578,A00400,2024-09-27,ATM,ATM,2000.0,Cash Withdrawal,Success
T002579,A00340,2025-12-12,IMPS,Mobile,61893.01,Retail,Success
T002580,A00130,2025-08-09,IMPS,Internet Banking,37411.18,Retail,Success
T002581,A00465,2024-11-03,NEFT,Mobile,56342.57,Retail,Success
T002582,A00130,2025-07-21,Debit,ATM,21807.87,Loan EMI,Success
T002583,A00492,2025-02-09,UPI,Mobile,985.58,Retail,Success
T002584,A00195,2024-09-05,IMPS,Branch,36305.11,Healthcare,Success
T002585,A00093,2025-07-09,Debit,Mobile,4676.52,Travel,Success
T002586,A00383,2025-03-18,UPI,Mobile,1958.91,Travel,Success
T002587,A00512,2024-08-05,NEFT,Internet Banking,47590.2,Investment,Success
T002588,A00308,2024-09-22,Credit,Branch,13118.98,Healthcare,Success
T002589,A00420,2025-04-16,Debit,Branch,7513.88,Cash Withdrawal,Success
T002590,A00249,2025-09-28,IMPS,Internet Banking,99379.06,Investment,Success
T002591,A00148,2024-02-17,Credit,Branch,10932.63,Retail,Success
T002592,A00001,2024-03-07,UPI,Mobile,566.59,Travel,Success
T002593,A00551,2024-10-12,Debit,Branch,15878.41,Cash Withdrawal,Success
T002594,A00560,2024-06-01,NEFT,Internet Banking,63092.84,Healthcare,Success
T002595,A00089,2024-12-02,NEFT,Branch,13745.92,Education,Success
T002596,A00473,2024-11-27,UPI,Mobile,1220.82,Retail,Failed
T002597,A00131,2024-01-31,Credit,Internet Banking,3458.6,Cash Withdrawal,Success
T002598,A00162,2024-07-07,NEFT,Mobile,72700.34,Investment,Success
T002599,A00500,2025-04-23,Debit,Mobile,10099.88,Investment,Success
T002600,A00035,2025-02-11,UPI,Mobile,718.65,Utility,Success
T002601,A00473,2024-01-04,Debit,ATM,19677.86,Retail,Success
T002602,A00356,2025-09-21,Debit,ATM,10735.71,Utility,Success
T002603,A00039,2025-10-17,UPI,Mobile,2667.64,Utility,Success
T002604,A00529,2024-10-03,Credit,Internet Banking,14262.13,Loan EMI,Success
T002605,A00176,2025-03-14,UPI,Mobile,634.42,Travel,Failed
T002606,A00460,2024-06-12,Credit,Mobile,7333.32,Education,Success
T002607,A00542,2025-11-09,IMPS,Branch,17235.86,Healthcare,Success
T002608,A00440,2024-03-13,Debit,Internet Banking,4447.81,Cash Withdrawal,Success
T002609,A00220,2024-04-16,UPI,Mobile,292.53,Travel,Success
T002610,A00518,2025-08-11,NEFT,Branch,111923.52,Education,Success
T002611,A00081,2024-09-20,UPI,Mobile,1839.31,Healthcare,Success
T002612,A00335,2024-11-17,Credit,ATM,14205.41,Education,Success
T002613,A00466,2024-10-30,Debit,Branch,21022.72,Education,Success
T002614,A00406,2024-04-13,Credit,Branch,7280.5,Travel,Failed
T002615,A00350,2025-09-22,Debit,ATM,3675.95,Education,Success
T002616,A00076,2024-07-05,ATM,ATM,5000.0,Cash Withdrawal,Reversed
T002617,A00172,2024-05-20,IMPS,Branch,54739.99,Retail,Success
T002618,A00531,2024-11-03,Credit,Branch,4185.25,Healthcare,Success
T002619,A00538,2025-12-13,UPI,Mobile,2467.43,Travel,Success
T002620,A00481,2025-06-22,UPI,Mobile,358.05,Healthcare,Success
T002621,A00309,2024-03-10,Debit,Mobile,3943.92,Investment,Reversed
T002622,A00211,2025-12-15,ATM,ATM,10000.0,Cash Withdrawal,Success
T002623,A00500,2025-08-11,UPI,Mobile,871.62,Utility,Success
T002624,A00345,2025-06-11,UPI,Mobile,2403.45,Healthcare,Success
T002625,A00412,2024-07-16,NEFT,Branch,91203.05,Investment,Success
T002626,A00475,2024-06-06,Debit,Mobile,14190.97,Retail,Success
T002627,A00148,2025-03-03,Credit,Internet Banking,393086.26,Utility,Success
T002628,A00339,2025-04-05,ATM,ATM,5000.0,Cash Withdrawal,Success
T002629,A00558,2025-02-12,Debit,ATM,19010.21,Loan EMI,Reversed
T002630,A00181,2024-09-17,UPI,Mobile,136612.18,Utility,Success
T002631,A00358,2025-06-17,NEFT,Mobile,15699.63,Retail,Success
T002632,A00059,2024-12-31,Credit,Internet Banking,11429.6,Healthcare,Success
T002633,A00184,2024-09-19,NEFT,Mobile,55929.62,Utility,Success
T002634,A00505,2024-10-30,Credit,Branch,9369.0,Education,Failed
T002635,A00456,2024-01-18,UPI,Mobile,1165.25,Travel,Success
T002636,A00043,2024-03-06,UPI,Mobile,1220.47,Travel,Success
T002637,A00317,2024-10-01,Credit,Branch,20908.49,Investment,Success
T002638,A00353,2024-02-19,UPI,Mobile,779.68,Travel,Success
T002639,A00295,2024-03-11,Debit,Mobile,5108.6,Investment,Success
T002640,A00509,2025-09-02,UPI,Mobile,1205.23,Healthcare,Success
T002641,A00160,2025-07-22,Debit,Branch,22686.34,Healthcare,Success
T002642,A00014,2024-11-01,Debit,Mobile,6683.34,Loan EMI,Success
T002643,A00402,2025-12-08,UPI,Mobile,1217.42,Retail,Success
T002644,A00235,2025-08-09,Debit,Mobile,3086.92,Healthcare,Success
T002645,A00584,2024-02-16,Credit,Internet Banking,9289.93,Retail,Success
T002646,A00284,2024-05-30,ATM,ATM,500.0,Cash Withdrawal,Failed
T002647,A00376,2025-06-27,UPI,Mobile,1774.67,Travel,Success
T002648,A00018,2025-04-24,Debit,ATM,4190.45,Utility,Success
T002649,A00470,2025-11-11,UPI,Mobile,3145.28,Utility,Success
T002650,A00389,2024-04-26,ATM,ATM,500.0,Cash Withdrawal,Success
T002651,A00281,2025-12-04,UPI,Mobile,1757.86,Travel,Success
T002652,A00136,2025-09-12,Debit,Internet Banking,7452.07,Cash Withdrawal,Success
T002653,A00257,2025-10-24,ATM,ATM,1000.0,Cash Withdrawal,Success
T002654,A00384,2025-07-15,Debit,ATM,12516.68,Utility,Success
T002655,A00311,2025-06-12,Debit,Internet Banking,14724.08,Education,Success
T002656,A00191,2025-08-27,Debit,Mobile,2391.93,Healthcare,Success
T002657,A00095,2025-04-24,UPI,Mobile,1817.76,Travel,Success
T002658,A00406,2025-01-05,NEFT,Branch,72319.82,Education,Success
T002659,A00024,2025-03-06,IMPS,Internet Banking,17970.05,Investment,Success
T002660,A00507,2024-05-01,UPI,Mobile,992.62,Retail,Success
T002661,A00240,2025-04-27,ATM,ATM,10000.0,Cash Withdrawal,Success
T002662,A00458,2024-11-19,NEFT,Branch,25764.56,Retail,Success
T002663,A00588,2024-10-14,NEFT,Mobile,56344.37,Retail,Success
T002664,A00475,2025-03-06,UPI,Mobile,578.51,Utility,Success
T002665,A00580,2025-07-07,UPI,Mobile,2054.0,Retail,Success
T002666,A00494,2025-06-10,Credit,Mobile,8584.8,Healthcare,Success
T002667,A00321,2025-01-13,UPI,Mobile,4408.87,Healthcare,Success
T002668,A00222,2025-06-01,Debit,Internet Banking,8934.09,Investment,Success
T002669,A00163,2024-01-18,ATM,ATM,5000.0,Cash Withdrawal,Success
T002670,A00424,2025-11-28,Credit,Mobile,1366.53,Retail,Success
T002671,A00093,2025-07-14,NEFT,Branch,51067.38,Utility,Success
T002672,A00575,2025-06-19,UPI,Mobile,1979.9,Retail,Success
T002673,A00028,2025-10-26,NEFT,Internet Banking,37891.77,Healthcare,Success
T002674,A00038,2024-05-01,Credit,Branch,21836.27,Education,Success
T002675,A00591,2024-05-27,Debit,Branch,2714.28,Education,Success
T002676,A00467,2025-11-08,Debit,Internet Banking,5444.75,Retail,Success
T002677,A00450,2025-05-17,Debit,Internet Banking,10496.41,Education,Success
T002678,A00376,2025-12-08,UPI,Mobile,1636.52,Healthcare,Success
T002679,A00179,2025-11-04,NEFT,Internet Banking,29135.26,Utility,Success
T002680,A00044,2025-11-28,NEFT,Mobile,8589.41,Healthcare,Success
T002681,A00134,2025-10-21,Credit,Internet Banking,7618.88,Education,Success
T002682,A00297,2024-09-26,Credit,ATM,27240.2,Education,Success
T002683,A00066,2024-11-11,NEFT,Internet Banking,13208.41,Utility,Failed
T002684,A00343,2024-02-20,Debit,Internet Banking,10341.45,Travel,Success
T002685,A00569,2025-09-08,Credit,Mobile,14330.68,Loan EMI,Success
T002686,A00477,2025-07-04,Credit,Branch,17239.98,Education,Success
T002687,A00281,2024-12-31,UPI,Mobile,2324.28,Utility,Failed
T002688,A00312,2024-01-26,IMPS,Internet Banking,21676.65,Healthcare,Success
T002689,A00317,2024-01-23,Credit,Branch,5426.99,Utility,Success
T002690,A00532,2025-06-02,ATM,ATM,500.0,Cash Withdrawal,Failed
T002691,A00389,2025-04-08,ATM,ATM,1000.0,Cash Withdrawal,Success
T002692,A00154,2025-11-09,UPI,Mobile,4431.95,Retail,Failed
T002693,A00220,2025-12-28,Credit,Mobile,18290.1,Healthcare,Failed
T002694,A00323,2025-10-19,Credit,Branch,11004.95,Education,Success
T002695,A00396,2024-03-11,UPI,Mobile,3680.98,Utility,Success
T002696,A00414,2024-01-25,IMPS,Internet Banking,10349.25,Education,Success
T002697,A00504,2025-12-27,Debit,Branch,1410.07,Travel,Success
T002698,A00379,2025-07-11,Debit,Mobile,11608.12,Loan EMI,Failed
T002699,A00121,2025-03-10,Credit,Mobile,213093.38,Healthcare,Success
T002700,A00547,2025-11-11,Credit,Mobile,3413.24,Cash Withdrawal,Success
T002701,A00319,2024-10-07,ATM,ATM,5000.0,Cash Withdrawal,Success
T002702,A00269,2025-07-29,Debit,Internet Banking,17884.67,Loan EMI,Success
T002703,A00135,2025-08-28,NEFT,Internet Banking,5238.45,Retail,Success
T002704,A00254,2024-07-25,NEFT,Internet Banking,41857.3,Investment,Success
T002705,A00369,2024-01-31,UPI,Mobile,2210.48,Healthcare,Success
T002706,A00199,2025-03-01,Debit,Internet Banking,11517.69,Travel,Success
T002707,A00445,2025-02-27,UPI,Mobile,798167.32,Retail,Success
T002708,A00253,2024-10-11,Credit,Mobile,21695.74,Utility,Success
T002709,A00140,2025-11-27,ATM,ATM,1000.0,Cash Withdrawal,Success
T002710,A00041,2024-03-15,NEFT,Internet Banking,22243.36,Healthcare,Success
T002711,A00451,2025-05-14,Debit,Mobile,7418.75,Travel,Success
T002712,A00075,2024-12-01,Credit,ATM,6405.96,Cash Withdrawal,Success
T002713,A00312,2024-01-28,UPI,Mobile,2380.52,Travel,Success
T002714,A00065,2025-04-13,Debit,Internet Banking,7154.69,Healthcare,Success
T002715,A00401,2024-02-23,Credit,Internet Banking,4266.25,Education,Success
T002716,A00230,2024-03-09,UPI,Mobile,2853.61,Utility,Success
T002717,A00355,2024-12-30,UPI,Mobile,1396.65,Travel,Success
T002718,A00469,2025-01-19,NEFT,Mobile,63316.76,Utility,Success
T002719,A00228,2025-07-14,Debit,Branch,10686.08,Healthcare,Success
T002720,A00220,2024-10-04,NEFT,Branch,17978.81,Education,Success
T002721,A00148,2024-07-03,UPI,Mobile,238.78,Travel,Success
T002722,A00253,2024-08-27,Credit,ATM,11640.51,Cash Withdrawal,Success
T002723,A00087,2025-01-17,ATM,ATM,2000.0,Cash Withdrawal,Success
T002724,A00381,2024-04-05,Credit,Internet Banking,8486.49,Loan EMI,Success
T002725,A00066,2024-05-17,NEFT,Internet Banking,325561.46,Education,Success
T002726,A00529,2025-10-28,UPI,Mobile,894.56,Retail,Success
T002727,A00564,2025-01-17,UPI,Mobile,1933.25,Retail,Success
T002728,A00513,2024-09-06,Credit,Branch,10397.45,Travel,Failed
T002729,A00264,2024-08-22,UPI,Mobile,712.85,Healthcare,Success
T002730,A00016,2025-05-12,NEFT,Internet Banking,21974.06,Retail,Success
T002731,A00433,2025-10-08,UPI,Mobile,414.78,Healthcare,Success
T002732,A00486,2024-02-24,UPI,Mobile,4635.09,Retail,Success
T002733,A00209,2024-09-07,IMPS,Branch,42099.05,Utility,Success
T002734,A00207,2024-01-13,UPI,Mobile,387.22,Retail,Success
T002735,A00536,2025-03-18,NEFT,Branch,95371.07,Education,Success
T002736,A00347,2024-05-21,Credit,Mobile,4553.19,Travel,Success
T002737,A00429,2025-02-22,UPI,Mobile,881.72,Retail,Success
T002738,A00149,2024-01-20,Credit,Internet Banking,8916.56,Investment,Success
T002739,A00554,2024-05-24,Credit,Branch,10566.26,Cash Withdrawal,Reversed
T002740,A00244,2025-08-24,Credit,Branch,16449.57,Retail,Success
T002741,A00029,2024-04-07,IMPS,Branch,4725.02,Retail,Success
T002742,A00120,2024-07-31,Debit,ATM,10677.73,Education,Success
T002743,A00240,2025-10-19,Credit,Branch,8602.56,Investment,Success
T002744,A00226,2024-06-11,Debit,ATM,11777.67,Healthcare,Success
T002745,A00301,2024-12-07,Credit,ATM,8311.21,Utility,Success
T002746,A00317,2025-09-16,UPI,Mobile,990.65,Retail,Success
T002747,A00460,2025-03-15,Debit,Branch,9630.72,Retail,Success
T002748,A00379,2024-09-10,UPI,Mobile,4318.61,Healthcare,Success
T002749,A00255,2024-10-10,ATM,ATM,10000.0,Cash Withdrawal,Success
T002750,A00505,2024-08-25,Debit,Mobile,7657.2,Healthcare,Reversed
T002751,A00429,2025-01-14,NEFT,Branch,68521.2,Utility,Success
T002752,A00415,2024-06-10,Debit,Branch,11454.02,Retail,Success
T002753,A00319,2024-04-17,Debit,ATM,11106.31,Education,Success
T002754,A00394,2024-06-12,Debit,Internet Banking,11851.08,Cash Withdrawal,Success
T002755,A00338,2025-11-13,Debit,Branch,14301.53,Investment,Success
T002756,A00587,2024-12-13,ATM,ATM,1000.0,Cash Withdrawal,Success
T002757,A00413,2025-05-20,IMPS,Internet Banking,24471.56,Education,Success
T002758,A00164,2025-10-18,UPI,Mobile,3027.66,Healthcare,Success
T002759,A00583,2024-08-17,Debit,Branch,14323.86,Cash Withdrawal,Success
T002760,A00459,2024-09-09,ATM,ATM,500.0,Cash Withdrawal,Success
T002761,A00574,2024-05-30,Debit,Internet Banking,3895.66,Education,Success
T002762,A00582,2025-11-04,Credit,Mobile,1379.27,Healthcare,Success
T002763,A00534,2024-03-26,Credit,Branch,27383.77,Loan EMI,Success
T002764,A00531,2024-08-01,UPI,Mobile,1700.51,Healthcare,Success
T002765,A00005,2024-04-07,Debit,Internet Banking,3513.16,Loan EMI,Success
T002766,A00020,2025-07-23,NEFT,Mobile,23054.68,Education,Success
T002767,A00129,2024-10-19,Debit,Branch,18284.71,Cash Withdrawal,Success
T002768,A00193,2024-11-27,UPI,Mobile,1251.3,Travel,Reversed
T002769,A00173,2025-02-01,NEFT,Mobile,30232.98,Education,Success
T002770,A00201,2025-09-04,Credit,Branch,376788.13,Cash Withdrawal,Success
T002771,A00539,2025-11-11,Credit,Mobile,12851.61,Utility,Success
T002772,A00408,2024-10-26,UPI,Mobile,2165.97,Retail,Success
T002773,A00027,2025-02-25,ATM,ATM,10000.0,Cash Withdrawal,Success
T002774,A00117,2024-02-03,Credit,Internet Banking,16129.72,Travel,Success
T002775,A00029,2024-04-26,UPI,Mobile,789.51,Travel,Success
T002776,A00035,2024-03-24,Debit,Branch,6657.49,Cash Withdrawal,Success
T002777,A00449,2025-05-08,ATM,ATM,1000.0,Cash Withdrawal,Success
T002778,A00106,2024-10-15,Credit,ATM,5673.99,Travel,Failed
T002779,A00464,2025-05-20,UPI,Mobile,895.67,Retail,Success
T002780,A00580,2024-04-03,Credit,Mobile,9566.91,Cash Withdrawal,Success
T002781,A00087,2024-01-26,Credit,ATM,10043.72,Utility,Success
T002782,A00565,2025-07-29,NEFT,Mobile,77446.1,Healthcare,Success
T002783,A00580,2024-02-03,ATM,ATM,500.0,Cash Withdrawal,Success
T002784,A00260,2024-10-25,Credit,Branch,12457.57,Cash Withdrawal,Success
T002785,A00350,2024-11-05,UPI,Mobile,1321.22,Travel,Success
T002786,A00209,2024-03-17,UPI,Mobile,577.4,Healthcare,Success
T002787,A00519,2025-08-28,Credit,Internet Banking,8433.2,Retail,Success
T002788,A00105,2025-12-19,NEFT,Mobile,94613.69,Utility,Success
T002789,A00104,2025-08-19,ATM,ATM,500.0,Cash Withdrawal,Success
T002790,A00497,2025-11-16,NEFT,Internet Banking,93672.03,Retail,Success
T002791,A00308,2024-04-04,Credit,Internet Banking,8361.44,Cash Withdrawal,Success
T002792,A00078,2025-09-14,Debit,Internet Banking,2601.36,Loan EMI,Success
T002793,A00405,2024-10-28,NEFT,Internet Banking,22895.49,Retail,Success
T002794,A00083,2024-02-08,IMPS,Mobile,77985.84,Education,Success
T002795,A00404,2024-05-05,NEFT,Mobile,29530.88,Investment,Success
T002796,A00369,2024-10-17,NEFT,Internet Banking,51881.36,Investment,Success
T002797,A00352,2024-02-22,UPI,Mobile,1427.34,Healthcare,Success
T002798,A00069,2025-02-20,UPI,Mobile,366.87,Utility,Reversed
T002799,A00184,2025-11-02,UPI,Mobile,1466.31,Utility,Success
T002800,A00387,2024-10-16,UPI,Mobile,2592.87,Retail,Success
T002801,A00578,2025-09-03,ATM,ATM,2000.0,Cash Withdrawal,Failed
T002802,A00382,2025-03-12,Debit,ATM,6856.44,Education,Success
T002803,A00112,2025-08-28,IMPS,Branch,55521.52,Education,Success
T002804,A00427,2024-08-01,Debit,ATM,11066.76,Utility,Success
T002805,A00091,2025-04-11,Credit,Internet Banking,16747.15,Utility,Success
T002806,A00390,2024-01-27,Debit,Mobile,129983.4,Loan EMI,Success
T002807,A00290,2024-04-23,NEFT,Internet Banking,14544.51,Healthcare,Failed
T002808,A00451,2024-07-03,Debit,Internet Banking,8493.27,Travel,Success
T002809,A00440,2025-02-22,UPI,Mobile,1105.56,Retail,Reversed
T002810,A00106,2025-05-12,Credit,Branch,6622.43,Retail,Success
T002811,A00535,2024-04-23,Credit,Branch,12319.8,Utility,Success
T002812,A00190,2024-06-28,UPI,Mobile,294402.6,Utility,Success
T002813,A00163,2025-06-22,Debit,ATM,164588.61,Retail,Success
T002814,A00590,2024-10-01,UPI,Mobile,3306.54,Retail,Success
T002815,A00108,2025-12-22,Credit,Branch,6330.9,Healthcare,Success
T002816,A00334,2024-07-17,Debit,Internet Banking,22117.98,Utility,Success
T002817,A00138,2024-01-08,NEFT,Mobile,87499.53,Education,Success
T002818,A00383,2025-05-16,UPI,Mobile,783.52,Retail,Success
T002819,A00253,2024-01-30,Credit,Mobile,310071.36,Travel,Success
T002820,A00350,2024-09-05,Debit,ATM,14134.75,Utility,Success
T002821,A00100,2025-11-02,Debit,Internet Banking,8922.0,Investment,Success
T002822,A00135,2025-07-17,Credit,Mobile,255409.12,Education,Success
T002823,A00026,2025-11-20,IMPS,Mobile,46199.13,Retail,Success
T002824,A00153,2024-04-09,Debit,Internet Banking,9334.26,Cash Withdrawal,Success
T002825,A00428,2025-09-02,UPI,Mobile,2933.45,Utility,Success
T002826,A00365,2025-05-19,NEFT,Branch,11034.04,Retail,Success
T002827,A00580,2024-10-11,Debit,Mobile,8279.11,Investment,Success
T002828,A00051,2025-12-07,Debit,Branch,146674.31,Investment,Success
T002829,A00352,2025-03-06,UPI,Mobile,4631.0,Travel,Success
T002830,A00474,2024-02-14,Credit,ATM,20416.05,Utility,Success
T002831,A00235,2025-03-04,ATM,ATM,500.0,Cash Withdrawal,Success
T002832,A00060,2024-05-23,Debit,Mobile,11533.53,Cash Withdrawal,Success
T002833,A00168,2025-10-17,UPI,Mobile,1312.74,Healthcare,Success
T002834,A00532,2024-07-03,Debit,Mobile,8606.73,Cash Withdrawal,Success
T002835,A00148,2024-09-13,Credit,ATM,8642.3,Retail,Success
T002836,A00486,2025-12-27,Credit,Mobile,2305.6,Healthcare,Failed
T002837,A00423,2025-09-06,Credit,ATM,29004.91,Healthcare,Success
T002838,A00030,2025-01-28,Credit,Internet Banking,294285.29,Investment,Success
T002839,A00063,2024-09-01,IMPS,Internet Banking,17343.06,Investment,Success
T002840,A00359,2025-11-22,UPI,Mobile,1967.84,Utility,Success
T002841,A00086,2024-11-25,UPI,Mobile,793.64,Travel,Success
T002842,A00297,2024-01-21,IMPS,Internet Banking,59671.5,Retail,Success
T002843,A00095,2025-03-29,Credit,Internet Banking,6034.03,Cash Withdrawal,Success
T002844,A00138,2024-01-28,Debit,Internet Banking,16914.57,Loan EMI,Success
T002845,A00126,2025-01-02,ATM,ATM,10000.0,Cash Withdrawal,Success
T002846,A00221,2025-05-01,NEFT,Internet Banking,25917.89,Healthcare,Success
T002847,A00377,2024-02-03,IMPS,Internet Banking,39623.76,Investment,Success
T002848,A00321,2025-06-28,NEFT,Mobile,56887.76,Utility,Success
T002849,A00100,2025-11-18,UPI,Mobile,939.27,Retail,Success
T002850,A00223,2025-01-17,UPI,Mobile,2568.5,Healthcare,Success
T002851,A00064,2024-01-03,Credit,Mobile,2402.56,Utility,Success
T002852,A00460,2024-04-11,Debit,Branch,25364.15,Healthcare,Success
T002853,A00298,2025-12-17,UPI,Mobile,2876.27,Utility,Success
T002854,A00003,2025-04-05,UPI,Mobile,1352.96,Travel,Success
T002855,A00365,2024-08-10,Credit,Branch,21439.18,Travel,Success
T002856,A00501,2025-04-21,IMPS,Branch,65072.44,Utility,Success
T002857,A00471,2024-10-21,NEFT,Mobile,32520.8,Utility,Success
T002858,A00314,2024-12-27,Debit,Mobile,10435.16,Travel,Failed
T002859,A00458,2025-03-06,ATM,ATM,2000.0,Cash Withdrawal,Success
T002860,A00504,2025-10-25,NEFT,Mobile,15637.51,Utility,Success
T002861,A00167,2025-07-21,Credit,ATM,10887.61,Loan EMI,Success
T002862,A00077,2025-10-01,Credit,Branch,3188.38,Education,Success
T002863,A00511,2025-10-03,UPI,Mobile,540439.67,Healthcare,Success
T002864,A00457,2024-07-28,Debit,Branch,17009.42,Utility,Success
T002865,A00575,2024-12-30,UPI,Mobile,254.01,Retail,Success
T002866,A00552,2024-10-18,UPI,Mobile,3644.89,Utility,Failed
T002867,A00087,2024-03-26,Debit,Branch,6766.75,Cash Withdrawal,Success
T002868,A00257,2025-04-09,NEFT,Internet Banking,161912.07,Retail,Success
T002869,A00156,2024-09-06,ATM,ATM,500.0,Cash Withdrawal,Success
T002870,A00365,2025-09-05,ATM,ATM,10000.0,Cash Withdrawal,Success
T002871,A00220,2024-05-09,IMPS,Branch,38213.81,Education,Success
T002872,A00213,2025-11-30,UPI,Mobile,3668.59,Utility,Success
T002873,A00362,2024-08-03,IMPS,Internet Banking,15216.41,Utility,Success
T002874,A00032,2025-02-01,NEFT,Internet Banking,25875.25,Healthcare,Success
T002875,A00475,2024-08-13,NEFT,Mobile,21547.17,Utility,Success
T002876,A00297,2024-11-19,IMPS,Internet Banking,8623.23,Investment,Success
T002877,A00417,2024-11-17,IMPS,Mobile,11067.02,Retail,Success
T002878,A00564,2025-03-27,UPI,Mobile,1312.87,Healthcare,Success
T002879,A00305,2025-12-26,Debit,Mobile,13462.1,Retail,Success
T002880,A00335,2024-01-06,IMPS,Branch,13866.53,Investment,Success
T002881,A00408,2025-06-30,IMPS,Internet Banking,24693.7,Investment,Success
T002882,A00451,2024-05-09,ATM,ATM,5000.0,Cash Withdrawal,Success
T002883,A00243,2024-11-23,ATM,ATM,10000.0,Cash Withdrawal,Success
T002884,A00271,2025-12-02,NEFT,Internet Banking,18404.08,Utility,Success
T002885,A00467,2025-11-03,Debit,Mobile,10079.01,Utility,Success
T002886,A00527,2025-04-17,UPI,Mobile,2330.59,Retail,Success
T002887,A00526,2025-08-03,UPI,Mobile,1568.85,Travel,Success
T002888,A00310,2025-12-15,ATM,ATM,261124.77,Cash Withdrawal,Success
T002889,A00141,2024-04-05,Debit,Branch,6969.09,Education,Success
T002890,A00163,2025-12-11,Credit,ATM,19696.15,Healthcare,Failed
T002891,A00521,2025-02-13,ATM,ATM,237991.25,Cash Withdrawal,Success
T002892,A00147,2025-06-16,UPI,Mobile,1874.64,Retail,Reversed
T002893,A00159,2024-01-28,NEFT,Internet Banking,35785.72,Retail,Failed
T002894,A00133,2025-02-01,NEFT,Branch,14017.22,Investment,Success
T002895,A00453,2025-04-07,ATM,ATM,652988.5,Cash Withdrawal,Success
T002896,A00576,2025-09-11,UPI,Mobile,2731.88,Retail,Success
T002897,A00356,2025-10-17,ATM,ATM,10000.0,Cash Withdrawal,Success
T002898,A00140,2024-01-25,UPI,Mobile,2011.65,Utility,Success
T002899,A00054,2024-04-26,NEFT,Internet Banking,45941.19,Education,Success
T002900,A00098,2025-07-31,IMPS,Mobile,27565.01,Utility,Failed
T002901,A00001,2024-03-20,Credit,ATM,7943.58,Cash Withdrawal,Success
T002902,A00566,2025-12-08,NEFT,Branch,96239.57,Utility,Success
T002903,A00559,2025-06-05,UPI,Mobile,1037.4,Retail,Success
T002904,A00063,2024-10-15,Credit,Branch,4126.65,Travel,Success
T002905,A00543,2024-12-14,Credit,Branch,11864.31,Healthcare,Success
T002906,A00109,2024-10-08,UPI,Mobile,1439.82,Travel,Success
T002907,A00374,2025-06-01,Credit,Mobile,20239.55,Retail,Success
T002908,A00338,2025-01-25,Debit,Mobile,9491.27,Loan EMI,Success
T002909,A00276,2024-02-06,Credit,Mobile,15681.08,Utility,Success
T002910,A00109,2025-02-18,NEFT,Branch,81662.19,Retail,Success
T002911,A00109,2025-03-22,Credit,ATM,13519.26,Investment,Success
T002912,A00452,2024-04-25,Credit,Internet Banking,5047.15,Investment,Success
T002913,A00556,2024-07-25,ATM,ATM,1000.0,Cash Withdrawal,Success
T002914,A00043,2024-11-24,NEFT,Mobile,43450.37,Retail,Success
T002915,A00379,2025-10-21,UPI,Mobile,1096.73,Utility,Success
T002916,A00157,2025-07-12,Debit,ATM,12391.31,Education,Success
T002917,A00543,2024-06-16,Debit,Internet Banking,10503.67,Investment,Success
T002918,A00515,2024-12-09,UPI,Mobile,475.02,Retail,Success
T002919,A00282,2025-03-11,UPI,Mobile,1283.82,Healthcare,Success
T002920,A00214,2024-01-07,Credit,ATM,4830.53,Education,Success
T002921,A00188,2025-05-05,ATM,ATM,5000.0,Cash Withdrawal,Success
T002922,A00234,2024-09-18,Debit,ATM,7446.85,Retail,Success
T002923,A00553,2025-01-14,IMPS,Mobile,59253.29,Utility,Success
T002924,A00580,2025-04-23,NEFT,Internet Banking,34328.99,Retail,Failed
T002925,A00132,2024-01-09,UPI,Mobile,2183.92,Travel,Success
T002926,A00175,2025-05-10,NEFT,Mobile,36306.09,Healthcare,Failed
T002927,A00122,2024-05-03,NEFT,Branch,26352.87,Education,Success
T002928,A00514,2025-10-30,UPI,Mobile,1751.12,Healthcare,Success
T002929,A00063,2024-01-09,UPI,Mobile,293.95,Retail,Success
T002930,A00148,2024-10-12,Credit,ATM,16821.19,Cash Withdrawal,Success
T002931,A00054,2024-12-23,ATM,ATM,5000.0,Cash Withdrawal,Success
T002932,A00477,2025-04-25,Credit,Internet Banking,5771.42,Travel,Success
T002933,A00508,2024-04-20,Debit,Internet Banking,14512.69,Healthcare,Success
T002934,A00487,2025-02-20,Debit,Internet Banking,8418.96,Education,Success
T002935,A00017,2024-01-18,UPI,Mobile,475.32,Utility,Failed
T002936,A00299,2024-05-21,IMPS,Mobile,19421.2,Education,Success
T002937,A00212,2025-12-12,Debit,Mobile,14559.76,Travel,Success
T002938,A00014,2025-04-14,Credit,ATM,34775.54,Loan EMI,Success
T002939,A00120,2024-12-08,UPI,Mobile,1379.11,Retail,Failed
T002940,A00039,2025-12-19,Credit,Mobile,32336.84,Investment,Success
T002941,A00449,2024-01-10,Credit,Mobile,2733.25,Utility,Success
T002942,A00220,2025-11-16,Debit,Internet Banking,8869.3,Healthcare,Success
T002943,A00215,2024-08-13,Debit,Branch,10070.41,Healthcare,Success
T002944,A00197,2024-04-20,Debit,Internet Banking,15038.16,Loan EMI,Success
T002945,A00409,2024-09-05,IMPS,Branch,20026.81,Retail,Reversed
T002946,A00412,2024-10-17,ATM,ATM,1000.0,Cash Withdrawal,Success
T002947,A00219,2024-04-03,IMPS,Mobile,41396.09,Investment,Success
T002948,A00388,2024-05-29,NEFT,Internet Banking,28075.13,Education,Success
T002949,A00175,2025-05-25,ATM,ATM,667590.8,Cash Withdrawal,Success
T002950,A00148,2024-01-22,UPI,Mobile,3325.61,Retail,Success
T002951,A00402,2024-01-18,Debit,Mobile,11871.25,Healthcare,Success
T002952,A00529,2024-04-27,UPI,Mobile,7342.47,Travel,Success
T002953,A00209,2024-08-28,Debit,Internet Banking,9222.84,Education,Success
T002954,A00212,2024-01-14,Credit,Mobile,21150.2,Retail,Success
T002955,A00561,2025-09-01,UPI,Mobile,3876.56,Retail,Success
T002956,A00004,2024-11-13,NEFT,Branch,2246.05,Utility,Success
T002957,A00243,2024-12-09,ATM,ATM,2000.0,Cash Withdrawal,Success
T002958,A00189,2025-10-01,ATM,ATM,10000.0,Cash Withdrawal,Success
T002959,A00276,2025-12-24,Debit,Internet Banking,16689.06,Investment,Success
T002960,A00447,2025-02-07,Credit,Mobile,8996.14,Travel,Success
T002961,A00459,2025-06-16,Credit,ATM,4525.53,Loan EMI,Reversed
T002962,A00489,2024-01-04,NEFT,Branch,72467.51,Investment,Success
T002963,A00093,2024-02-07,IMPS,Branch,20954.69,Retail,Success
T002964,A00257,2024-01-09,NEFT,Mobile,6952.49,Healthcare,Success
T002965,A00537,2024-10-24,IMPS,Internet Banking,37706.08,Retail,Success
T002966,A00327,2024-05-23,ATM,ATM,10000.0,Cash Withdrawal,Reversed
T002967,A00378,2025-10-25,Credit,Mobile,24268.65,Investment,Success
T002968,A00104,2025-06-05,UPI,Mobile,548.65,Healthcare,Success
T002969,A00566,2025-07-09,NEFT,Internet Banking,58089.04,Healthcare,Success
T002970,A00561,2025-11-11,ATM,ATM,500.0,Cash Withdrawal,Success
T002971,A00170,2025-04-15,IMPS,Internet Banking,5154.04,Retail,Success
T002972,A00465,2025-03-30,UPI,Mobile,3881.96,Retail,Success
T002973,A00478,2025-10-21,Debit,Internet Banking,13690.48,Healthcare,Success
T002974,A00573,2025-09-15,Credit,ATM,4197.63,Education,Success
T002975,A00112,2024-05-18,Debit,Internet Banking,17053.27,Loan EMI,Success
T002976,A00529,2025-01-24,Debit,Branch,7295.86,Healthcare,Success
T002977,A00337,2024-01-31,IMPS,Branch,15651.72,Education,Success
T002978,A00412,2024-12-03,UPI,Mobile,934.31,Travel,Failed
T002979,A00146,2025-08-27,IMPS,Mobile,51020.63,Healthcare,Success
T002980,A00568,2025-03-27,Credit,Mobile,5109.28,Cash Withdrawal,Success
T002981,A00384,2024-02-14,Credit,Branch,1325.6,Cash Withdrawal,Success
T002982,A00190,2025-06-19,IMPS,Branch,22401.82,Healthcare,Success
T002983,A00051,2025-10-03,Debit,Mobile,22803.17,Utility,Success
T002984,A00108,2024-06-02,Debit,Mobile,22617.81,Travel,Success
T002985,A00037,2025-05-20,Debit,Mobile,7174.86,Investment,Success
T002986,A00156,2024-07-04,Credit,Branch,6991.26,Investment,Success
T002987,A00017,2025-01-28,Credit,Mobile,6680.96,Retail,Success
T002988,A00207,2024-01-21,IMPS,Mobile,19196.36,Investment,Success
T002989,A00453,2024-05-22,Debit,Internet Banking,6796.77,Healthcare,Failed
T002990,A00306,2024-01-26,ATM,ATM,2000.0,Cash Withdrawal,Success
T002991,A00097,2025-10-19,ATM,ATM,2000.0,Cash Withdrawal,Success
T002992,A00391,2025-02-21,ATM,ATM,5000.0,Cash Withdrawal,Success
T002993,A00578,2025-05-19,NEFT,Mobile,38988.01,Education,Success
T002994,A00268,2024-12-04,ATM,ATM,2000.0,Cash Withdrawal,Success
T002995,A00585,2025-07-03,ATM,ATM,5000.0,Cash Withdrawal,Success
T002996,A00210,2025-11-13,ATM,ATM,2000.0,Cash Withdrawal,Success
T002997,A00241,2025-11-08,IMPS,Mobile,75554.57,Retail,Success
T002998,A00446,2025-05-21,Debit,Internet Banking,5102.71,Cash Withdrawal,Success
T002999,A00031,2025-11-09,NEFT,Mobile,17240.18,Education,Success
T003000,A00542,2025-09-15,Debit,Branch,13374.19,Investment,Success
T003001,A00230,2025-11-03,NEFT,Mobile,52993.64,Education,Failed
T003002,A00460,2025-09-03,ATM,ATM,10000.0,Cash Withdrawal,Success
T003003,A00324,2024-11-22,NEFT,Mobile,8775.68,Utility,Success
T003004,A00426,2025-04-19,Credit,Mobile,28390.0,Retail,Success
T003005,A00207,2025-08-03,Credit,Internet Banking,8451.32,Loan EMI,Success
T003006,A00149,2025-08-27,Debit,ATM,3454.22,Retail,Failed
T003007,A00065,2025-03-07,Credit,ATM,3054.38,Travel,Success
T003008,A00005,2024-11-03,IMPS,Internet Banking,7879.79,Investment,Success
T003009,A00221,2024-12-17,Debit,Mobile,20901.67,Utility,Success
T003010,A00245,2024-08-17,ATM,ATM,10000.0,Cash Withdrawal,Success
T003011,A00198,2024-03-21,NEFT,Branch,34531.74,Utility,Success
T003012,A00375,2025-08-12,Credit,Branch,21019.27,Investment,Success
T003013,A00278,2024-06-01,UPI,Mobile,1330.27,Healthcare,Success
T003014,A00365,2024-04-23,ATM,ATM,10000.0,Cash Withdrawal,Success
T003015,A00203,2025-07-21,ATM,ATM,2000.0,Cash Withdrawal,Success
T003016,A00084,2024-09-22,UPI,Mobile,3099.71,Healthcare,Success
T003017,A00084,2025-08-21,Debit,Mobile,9588.04,Travel,Success
T003018,A00323,2024-12-18,NEFT,Mobile,47635.12,Investment,Success
T003019,A00447,2024-05-18,UPI,Mobile,1401.5,Retail,Success
T003020,A00472,2024-09-13,Debit,Branch,9194.69,Travel,Success
T003021,A00398,2025-03-09,ATM,ATM,20000.0,Cash Withdrawal,Success
T003022,A00107,2024-06-26,ATM,ATM,500.0,Cash Withdrawal,Success
T003023,A00545,2025-11-01,UPI,Mobile,535005.38,Travel,Success
T003024,A00246,2024-03-26,UPI,Mobile,2382.57,Healthcare,Success
T003025,A00247,2025-09-25,UPI,Mobile,551.12,Retail,Success
T003026,A00061,2024-11-14,Debit,ATM,16299.07,Utility,Success
T003027,A00448,2025-03-27,Debit,Mobile,11448.03,Utility,Success
T003028,A00241,2025-06-27,IMPS,Branch,52996.83,Utility,Success
T003029,A00095,2025-11-04,Debit,Branch,12106.76,Retail,Success
T003030,A00255,2025-02-14,Debit,Mobile,22056.97,Utility,Success
T003031,A00250,2024-04-19,Debit,Branch,14080.66,Loan EMI,Success
T003032,A00403,2025-04-22,Debit,Mobile,11608.58,Travel,Success
T003033,A00025,2024-10-19,UPI,Mobile,97.82,Travel,Success
T003034,A00214,2025-10-24,Debit,Internet Banking,22605.84,Healthcare,Success
T003035,A00040,2025-12-03,ATM,ATM,1000.0,Cash Withdrawal,Success
T003036,A00517,2024-05-01,ATM,ATM,500.0,Cash Withdrawal,Success
T003037,A00121,2025-11-20,IMPS,Branch,7791.73,Investment,Success
T003038,A00360,2024-03-06,IMPS,Internet Banking,10459.87,Investment,Success
T003039,A00148,2025-12-02,UPI,Mobile,2586.66,Retail,Success
T003040,A00163,2024-06-09,Credit,Branch,10841.5,Investment,Success
T003041,A00342,2025-03-29,Debit,Internet Banking,2978.6,Investment,Success
T003042,A00028,2025-01-02,Credit,Internet Banking,550428.52,Loan EMI,Success
T003043,A00084,2025-01-17,NEFT,Internet Banking,71202.53,Education,Success
T003044,A00186,2024-01-07,Credit,Internet Banking,11870.08,Education,Success
T003045,A00036,2024-08-06,ATM,ATM,2000.0,Cash Withdrawal,Success
T003046,A00179,2025-08-31,Debit,Internet Banking,11021.24,Loan EMI,Success
T003047,A00049,2024-10-05,Credit,Branch,6369.0,Cash Withdrawal,Success
T003048,A00369,2024-10-31,UPI,Mobile,2651.0,Travel,Success
T003049,A00539,2024-04-08,Credit,Branch,9952.11,Utility,Success
T003050,A00334,2024-04-12,Debit,ATM,15900.9,Investment,Success
T003051,A00167,2024-06-01,Credit,Branch,5886.05,Utility,Success
T003052,A00033,2025-07-17,ATM,ATM,20000.0,Cash Withdrawal,Success
T003053,A00412,2025-06-19,Credit,Internet Banking,34888.98,Education,Success
T003054,A00573,2025-08-01,ATM,ATM,20000.0,Cash Withdrawal,Failed
T003055,A00512,2024-09-08,ATM,ATM,624360.32,Cash Withdrawal,Success
T003056,A00325,2025-10-25,UPI,Mobile,3717.17,Healthcare,Success
T003057,A00376,2024-05-12,Credit,Mobile,11786.61,Retail,Failed
T003058,A00488,2024-04-26,UPI,Mobile,1927.93,Utility,Success
T003059,A00029,2025-10-31,ATM,ATM,10000.0,Cash Withdrawal,Success
T003060,A00490,2024-01-07,UPI,Mobile,911.74,Retail,Success
T003061,A00084,2025-09-29,Debit,ATM,16705.7,Healthcare,Success
T003062,A00505,2024-05-25,UPI,Mobile,131.21,Utility,Success
T003063,A00195,2025-04-09,UPI,Mobile,4357.69,Retail,Success
T003064,A00123,2025-12-05,ATM,ATM,10000.0,Cash Withdrawal,Success
T003065,A00455,2024-09-03,UPI,Mobile,2346.68,Healthcare,Success
T003066,A00406,2025-03-27,UPI,Mobile,613.28,Retail,Success
T003067,A00490,2024-04-10,Debit,Internet Banking,27709.89,Cash Withdrawal,Success
T003068,A00147,2024-08-10,ATM,ATM,20000.0,Cash Withdrawal,Success
T003069,A00405,2024-03-11,Debit,Internet Banking,33092.18,Investment,Success
T003070,A00230,2024-01-01,Debit,Mobile,13990.03,Travel,Success
T003071,A00103,2025-12-01,Debit,Mobile,5962.0,Healthcare,Success
T003072,A00119,2025-09-07,Debit,Internet Banking,11137.33,Education,Success
T003073,A00512,2024-01-28,NEFT,Mobile,48636.22,Education,Failed
T003074,A00412,2025-08-30,UPI,Mobile,1884.9,Healthcare,Success
T003075,A00587,2025-07-26,NEFT,Internet Banking,14543.18,Utility,Success
T003076,A00520,2025-11-30,UPI,Mobile,2187.13,Travel,Success
T003077,A00082,2024-12-18,UPI,Mobile,3277.38,Travel,Success
T003078,A00120,2025-11-08,UPI,Mobile,483.54,Healthcare,Success
T003079,A00235,2024-10-13,Credit,ATM,4528.58,Retail,Failed
T003080,A00152,2025-08-15,Credit,Internet Banking,6821.67,Utility,Success
T003081,A00513,2024-05-07,UPI,Mobile,1264.68,Retail,Success
T003082,A00426,2025-10-29,Credit,Internet Banking,18236.48,Healthcare,Success
T003083,A00556,2025-11-02,Debit,Internet Banking,21576.69,Cash Withdrawal,Success
T003084,A00059,2024-11-19,Credit,Branch,5766.59,Travel,Success
T003085,A00582,2025-02-23,NEFT,Mobile,38751.9,Education,Success
T003086,A00570,2025-11-09,Credit,Mobile,21046.47,Investment,Success
T003087,A00333,2025-02-20,NEFT,Internet Banking,120698.76,Healthcare,Success
T003088,A00493,2025-01-10,NEFT,Mobile,38609.36,Investment,Success
T003089,A00109,2025-03-04,UPI,Mobile,1808.9,Healthcare,Failed
T003090,A00541,2024-03-13,Credit,Branch,14045.22,Retail,Failed
T003091,A00175,2025-12-15,Credit,Branch,8658.93,Retail,Success
T003092,A00527,2024-12-22,Debit,Branch,11714.18,Travel,Success
T003093,A00206,2025-03-07,IMPS,Internet Banking,4736.8,Utility,Success
T003094,A00350,2024-10-01,UPI,Mobile,916.02,Retail,Success
T003095,A00058,2024-09-05,UPI,Mobile,2162.88,Travel,Success
T003096,A00395,2025-06-12,NEFT,Branch,16109.84,Investment,Success
T003097,A00247,2025-11-27,UPI,Mobile,2741.95,Retail,Success
T003098,A00230,2025-09-10,UPI,Mobile,266.77,Travel,Success
T003099,A00363,2024-04-18,UPI,Mobile,2669.11,Utility,Success
T003100,A00193,2024-11-26,UPI,Mobile,2664.12,Retail,Success
T003101,A00268,2025-05-20,NEFT,Internet Banking,122056.59,Utility,Reversed
T003102,A00198,2025-02-19,NEFT,Internet Banking,25581.52,Retail,Success
T003103,A00275,2025-01-01,Debit,Branch,10847.89,Cash Withdrawal,Success
T003104,A00414,2024-08-10,NEFT,Branch,640268.73,Investment,Success
T003105,A00425,2025-06-17,ATM,ATM,2000.0,Cash Withdrawal,Success
T003106,A00458,2025-12-13,ATM,ATM,2000.0,Cash Withdrawal,Success
T003107,A00497,2024-05-18,UPI,Mobile,3736.57,Retail,Success
T003108,A00185,2025-12-20,Credit,Internet Banking,20208.25,Education,Failed
T003109,A00098,2025-03-04,UPI,Mobile,1932.41,Retail,Success
T003110,A00503,2024-07-15,IMPS,Mobile,85648.46,Utility,Success
T003111,A00512,2025-11-03,Debit,ATM,44231.87,Retail,Success
T003112,A00139,2025-10-28,Credit,Branch,15858.35,Cash Withdrawal,Success
T003113,A00242,2024-03-03,UPI,Mobile,1558.05,Travel,Success
T003114,A00333,2024-11-11,IMPS,Internet Banking,54682.48,Retail,Success
T003115,A00309,2024-10-01,Credit,ATM,12213.4,Utility,Success
T003116,A00165,2025-12-10,Debit,ATM,8946.19,Retail,Success
T003117,A00440,2024-12-25,ATM,ATM,500.0,Cash Withdrawal,Success
T003118,A00456,2025-11-04,Credit,ATM,18551.06,Investment,Success
T003119,A00302,2024-04-15,Debit,ATM,7569.7,Education,Success
T003120,A00067,2024-07-16,UPI,Mobile,2274.41,Utility,Success
T003121,A00319,2024-11-28,IMPS,Branch,8479.84,Retail,Success
T003122,A00188,2025-01-29,NEFT,Branch,95506.11,Utility,Success
T003123,A00408,2024-11-23,UPI,Mobile,770.81,Travel,Success
T003124,A00184,2024-02-06,UPI,Mobile,421.32,Travel,Success
T003125,A00406,2025-03-19,UPI,Mobile,3650.71,Healthcare,Success
T003126,A00368,2024-08-27,Debit,Internet Banking,26695.41,Travel,Success
T003127,A00067,2025-10-02,NEFT,Internet Banking,42106.24,Retail,Success
T003128,A00243,2024-11-08,Credit,Branch,397247.9,Cash Withdrawal,Success
T003129,A00198,2024-10-03,UPI,Mobile,1145.37,Travel,Success
T003130,A00574,2025-09-11,Debit,Branch,12896.9,Cash Withdrawal,Success
T003131,A00562,2025-01-25,UPI,Mobile,1453.62,Utility,Success
T003132,A00385,2024-10-21,Credit,Branch,9679.45,Utility,Success
T003133,A00140,2025-07-21,Debit,Mobile,5603.3,Loan EMI,Success
T003134,A00023,2025-08-14,NEFT,Internet Banking,12596.28,Retail,Failed
T003135,A00397,2025-09-15,Debit,Internet Banking,11489.96,Retail,Success
T003136,A00452,2024-10-17,Debit,ATM,12640.59,Travel,Success
T003137,A00349,2024-02-15,Debit,Mobile,633415.48,Education,Success
T003138,A00361,2024-10-07,Credit,Internet Banking,7057.23,Education,Reversed
T003139,A00427,2025-11-13,Debit,Internet Banking,12620.76,Investment,Success
T003140,A00272,2025-04-12,Credit,Mobile,5489.5,Loan EMI,Success
T003141,A00023,2025-03-19,UPI,Mobile,3104.82,Retail,Success
T003142,A00086,2024-03-23,Credit,Branch,15259.81,Cash Withdrawal,Failed
T003143,A00478,2024-04-15,Debit,Internet Banking,6316.62,Healthcare,Success
T003144,A00001,2025-10-30,Debit,Internet Banking,14769.26,Retail,Success
T003145,A00311,2024-09-24,UPI,Mobile,697.13,Travel,Success
T003146,A00391,2025-09-17,NEFT,Mobile,58152.73,Retail,Success
T003147,A00295,2024-11-27,ATM,ATM,500.0,Cash Withdrawal,Success
T003148,A00437,2025-12-25,UPI,Mobile,722.54,Travel,Success
T003149,A00142,2025-12-30,ATM,ATM,2000.0,Cash Withdrawal,Success
T003150,A00465,2024-03-14,UPI,Mobile,1370.89,Travel,Success
T003151,A00131,2024-11-03,IMPS,Internet Banking,37366.28,Education,Success
T003152,A00253,2025-07-05,Debit,Internet Banking,26450.39,Investment,Success
T003153,A00320,2025-06-10,IMPS,Internet Banking,17867.29,Healthcare,Success
T003154,A00305,2025-08-09,Debit,Internet Banking,5868.38,Retail,Success
T003155,A00546,2024-12-25,Debit,Mobile,3265.49,Retail,Success
T003156,A00148,2025-03-25,UPI,Mobile,4887.09,Healthcare,Success
T003157,A00220,2024-01-02,ATM,ATM,20000.0,Cash Withdrawal,Success
T003158,A00154,2025-12-26,UPI,Mobile,1540.81,Utility,Success
T003159,A00050,2024-08-09,Debit,Internet Banking,20997.52,Utility,Success
T003160,A00452,2024-08-08,Debit,ATM,7149.84,Education,Success
T003161,A00542,2025-09-04,Debit,Branch,7645.84,Education,Success
T003162,A00158,2024-07-19,Debit,Internet Banking,10498.81,Investment,Success
T003163,A00049,2025-04-04,NEFT,Internet Banking,33194.18,Healthcare,Success
T003164,A00493,2025-04-17,NEFT,Internet Banking,53362.07,Healthcare,Success
T003165,A00417,2025-03-31,UPI,Mobile,1575.18,Retail,Success
T003166,A00590,2025-09-11,UPI,Mobile,1108.17,Healthcare,Success
T003167,A00398,2025-09-19,Debit,ATM,31579.13,Education,Success
T003168,A00355,2024-05-21,UPI,Mobile,689.68,Travel,Success
T003169,A00267,2024-01-29,IMPS,Internet Banking,17949.17,Healthcare,Success
T003170,A00508,2024-10-15,Credit,Branch,5605.51,Retail,Success
T003171,A00500,2024-12-29,Credit,Internet Banking,17089.1,Healthcare,Success
T003172,A00337,2025-04-27,ATM,ATM,20000.0,Cash Withdrawal,Success
T003173,A00060,2024-02-03,UPI,Mobile,2083.76,Retail,Success
T003174,A00035,2025-02-22,Debit,ATM,9707.92,Utility,Success
T003175,A00277,2024-12-17,Debit,ATM,5384.16,Investment,Success
T003176,A00189,2024-07-24,NEFT,Internet Banking,37252.11,Healthcare,Success
T003177,A00014,2024-02-07,Debit,Mobile,18596.79,Travel,Success
T003178,A00327,2025-08-21,IMPS,Branch,89332.93,Education,Success
T003179,A00535,2025-08-04,UPI,Mobile,895.56,Healthcare,Reversed
T003180,A00091,2025-07-14,Credit,ATM,9684.56,Education,Success
T003181,A00294,2025-02-15,UPI,Mobile,2069.23,Utility,Success
T003182,A00455,2024-04-05,UPI,Mobile,1098.98,Healthcare,Success
T003183,A00298,2025-04-17,ATM,ATM,5000.0,Cash Withdrawal,Success
T003184,A00408,2025-07-14,NEFT,Branch,361004.76,Retail,Success
T003185,A00429,2024-12-17,IMPS,Branch,549332.71,Education,Success
T003186,A00173,2025-12-19,Debit,Branch,4144.64,Retail,Success
T003187,A00195,2025-05-23,UPI,Mobile,2922.27,Utility,Success
T003188,A00514,2025-11-27,Debit,Internet Banking,8737.23,Utility,Success
T003189,A00057,2024-12-29,Credit,Mobile,10389.86,Investment,Success
T003190,A00326,2025-04-06,NEFT,Internet Banking,18344.34,Retail,Success
T003191,A00485,2025-05-27,Debit,ATM,10664.57,Loan EMI,Success
T003192,A00135,2024-01-03,Debit,ATM,23230.94,Cash Withdrawal,Failed
T003193,A00175,2024-08-19,NEFT,Mobile,67891.02,Investment,Reversed
T003194,A00573,2025-11-29,ATM,ATM,5000.0,Cash Withdrawal,Failed
T003195,A00530,2025-05-05,Debit,Branch,4685.48,Travel,Failed
T003196,A00080,2025-06-01,ATM,ATM,500.0,Cash Withdrawal,Success
T003197,A00207,2024-09-30,IMPS,Mobile,1299.64,Education,Success
T003198,A00222,2025-09-28,IMPS,Branch,30056.88,Education,Success
T003199,A00522,2025-07-17,UPI,Mobile,1178.9,Utility,Success
T003200,A00060,2025-08-14,UPI,Mobile,1121.07,Retail,Failed
T003201,A00590,2025-01-19,Debit,Mobile,7255.93,Investment,Success
T003202,A00187,2024-08-08,UPI,Mobile,552.25,Retail,Success
T003203,A00096,2025-07-14,NEFT,Internet Banking,127355.86,Utility,Failed
T003204,A00067,2024-09-21,NEFT,Internet Banking,103628.22,Education,Success
T003205,A00182,2024-11-15,IMPS,Internet Banking,24702.4,Retail,Success
T003206,A00254,2024-02-23,NEFT,Branch,36878.25,Utility,Success
T003207,A00162,2025-04-28,IMPS,Mobile,64068.05,Utility,Success
T003208,A00427,2024-03-31,Debit,Mobile,11786.5,Healthcare,Success
T003209,A00207,2024-02-25,IMPS,Mobile,23190.12,Investment,Success
T003210,A00326,2024-10-30,Credit,Internet Banking,3789.07,Travel,Success
T003211,A00049,2025-09-23,IMPS,Branch,33901.51,Healthcare,Success
T003212,A00333,2024-11-23,UPI,Mobile,494.96,Healthcare,Success
T003213,A00346,2024-11-06,Credit,Branch,22274.16,Travel,Failed
T003214,A00281,2024-12-15,Credit,Internet Banking,10597.51,Cash Withdrawal,Failed
T003215,A00109,2024-01-24,UPI,Mobile,2190.07,Retail,Success
T003216,A00405,2025-12-07,UPI,Mobile,1150.45,Retail,Success
T003217,A00562,2025-10-13,Credit,ATM,18155.05,Utility,Success
T003218,A00571,2024-05-24,UPI,Mobile,879.28,Travel,Success
T003219,A00533,2024-12-30,IMPS,Mobile,41282.3,Investment,Success
T003220,A00406,2024-05-29,Credit,Branch,8371.77,Cash Withdrawal,Success
T003221,A00091,2024-01-04,Credit,Branch,9281.67,Utility,Success
T003222,A00374,2025-05-19,Credit,Branch,19648.42,Loan EMI,Success
T003223,A00153,2024-02-01,Credit,Internet Banking,6167.77,Cash Withdrawal,Success
T003224,A00135,2024-09-17,NEFT,Branch,43266.59,Healthcare,Success
T003225,A00371,2024-03-31,Debit,Branch,23897.82,Retail,Reversed
T003226,A00024,2025-12-24,IMPS,Branch,62013.55,Retail,Success
T003227,A00045,2024-10-21,UPI,Mobile,901.22,Travel,Success
T003228,A00276,2024-01-14,UPI,Mobile,2155.9,Utility,Success
T003229,A00277,2025-04-06,IMPS,Mobile,6783.64,Retail,Success
T003230,A00024,2024-09-20,NEFT,Branch,64932.38,Retail,Success
T003231,A00351,2025-03-22,Debit,ATM,44154.26,Education,Success
T003232,A00350,2025-10-04,NEFT,Mobile,41584.06,Investment,Success
T003233,A00566,2025-06-04,IMPS,Mobile,80676.47,Healthcare,Success
T003234,A00250,2024-03-16,Debit,Mobile,3642.59,Investment,Success
T003235,A00145,2025-08-28,Credit,Mobile,4999.26,Travel,Success
T003236,A00407,2024-01-10,IMPS,Mobile,26092.17,Retail,Success
T003237,A00083,2025-08-14,UPI,Mobile,1323.98,Travel,Success
T003238,A00128,2024-09-19,NEFT,Branch,41766.29,Retail,Success
T003239,A00259,2025-07-27,Credit,ATM,6988.16,Cash Withdrawal,Success
T003240,A00128,2024-09-22,UPI,Mobile,1668.18,Retail,Success
T003241,A00471,2024-05-11,UPI,Mobile,2927.75,Utility,Failed
T003242,A00437,2025-04-30,Debit,Mobile,14890.76,Healthcare,Success
T003243,A00419,2025-05-20,Credit,ATM,8379.37,Investment,Success
T003244,A00443,2024-12-05,Debit,Branch,17261.52,Utility,Success
T003245,A00570,2025-11-10,Debit,Branch,8128.03,Utility,Success
T003246,A00117,2025-06-23,Debit,Branch,11467.42,Healthcare,Success
T003247,A00544,2025-06-10,Debit,ATM,19008.03,Investment,Success
T003248,A00529,2025-05-29,Credit,Internet Banking,9537.96,Cash Withdrawal,Success
T003249,A00513,2024-10-02,ATM,ATM,10000.0,Cash Withdrawal,Success
T003250,A00355,2024-05-30,Credit,ATM,4148.37,Education,Success
T003251,A00365,2025-12-01,NEFT,Mobile,35014.84,Retail,Failed
T003252,A00522,2024-10-08,UPI,Mobile,2842.74,Healthcare,Success
T003253,A00066,2025-12-23,UPI,Mobile,3022.66,Healthcare,Reversed
T003254,A00164,2025-03-14,UPI,Mobile,586.94,Retail,Success
T003255,A00526,2025-03-10,Debit,Branch,16833.32,Cash Withdrawal,Success
T003256,A00338,2024-03-14,ATM,ATM,20000.0,Cash Withdrawal,Success
T003257,A00428,2025-03-27,UPI,Mobile,1236.61,Healthcare,Success
T003258,A00052,2025-08-02,IMPS,Mobile,84120.65,Retail,Success
T003259,A00116,2025-02-09,NEFT,Internet Banking,11997.69,Utility,Success
T003260,A00508,2025-10-29,UPI,Mobile,2434.89,Travel,Success
T003261,A00559,2024-10-14,ATM,ATM,20000.0,Cash Withdrawal,Success
T003262,A00176,2025-05-06,Debit,Mobile,8476.34,Cash Withdrawal,Success
T003263,A00086,2025-10-10,NEFT,Internet Banking,242786.89,Education,Success
T003264,A00589,2024-01-06,Credit,ATM,19533.14,Education,Success
T003265,A00562,2025-02-12,UPI,Mobile,3228.78,Healthcare,Success
T003266,A00275,2024-10-06,UPI,Mobile,184.37,Retail,Success
T003267,A00418,2024-02-11,UPI,Mobile,2948.27,Healthcare,Success
T003268,A00428,2025-10-10,ATM,ATM,5000.0,Cash Withdrawal,Success
T003269,A00218,2025-02-08,IMPS,Mobile,31944.67,Retail,Success
T003270,A00160,2025-12-28,UPI,Mobile,1533.68,Utility,Success
T003271,A00161,2025-05-28,Debit,Mobile,4031.55,Utility,Success
T003272,A00379,2024-11-24,ATM,ATM,20000.0,Cash Withdrawal,Success
T003273,A00259,2024-01-21,ATM,ATM,5000.0,Cash Withdrawal,Success
T003274,A00146,2024-04-01,IMPS,Mobile,50874.83,Investment,Success
T003275,A00394,2025-02-11,UPI,Mobile,6146.7,Utility,Success
T003276,A00476,2025-07-28,UPI,Mobile,965.53,Retail,Success
T003277,A00086,2025-11-13,NEFT,Branch,73976.08,Retail,Success
T003278,A00067,2025-04-12,UPI,Mobile,1491.08,Utility,Success
T003279,A00294,2024-11-02,Credit,ATM,7603.31,Utility,Success
T003280,A00459,2024-10-09,UPI,Mobile,384.5,Travel,Success
T003281,A00257,2025-06-13,NEFT,Mobile,80776.82,Retail,Success
T003282,A00464,2024-12-24,Debit,ATM,11671.98,Retail,Success
T003283,A00322,2025-09-19,Debit,Branch,7887.52,Cash Withdrawal,Success
T003284,A00572,2025-04-27,ATM,ATM,500.0,Cash Withdrawal,Success
T003285,A00183,2024-05-24,ATM,ATM,10000.0,Cash Withdrawal,Success
T003286,A00056,2025-05-13,UPI,Mobile,1189.07,Travel,Success
T003287,A00222,2025-01-03,UPI,Mobile,2454.49,Healthcare,Success
T003288,A00049,2024-04-22,Credit,ATM,7878.33,Cash Withdrawal,Success
T003289,A00305,2025-09-21,IMPS,Internet Banking,15586.21,Utility,Success
T003290,A00572,2025-05-10,Credit,ATM,10018.12,Healthcare,Success
T003291,A00426,2024-09-17,Credit,ATM,9810.05,Cash Withdrawal,Success
T003292,A00521,2024-11-12,Credit,ATM,9663.23,Healthcare,Success
T003293,A00334,2024-06-04,Debit,Branch,7953.03,Healthcare,Success
T003294,A00019,2025-11-21,ATM,ATM,2000.0,Cash Withdrawal,Success
T003295,A00521,2025-01-05,IMPS,Internet Banking,75624.22,Healthcare,Success
T003296,A00566,2024-09-25,UPI,Mobile,7603.2,Retail,Success
T003297,A00251,2024-08-06,ATM,ATM,20000.0,Cash Withdrawal,Success
T003298,A00474,2024-01-02,Debit,Internet Banking,4848.93,Travel,Success
T003299,A00475,2025-10-10,ATM,ATM,2000.0,Cash Withdrawal,Success
T003300,A00522,2025-12-11,Debit,ATM,1609.41,Travel,Success
T003301,A00361,2024-02-12,UPI,Mobile,1242.91,Travel,Success
T003302,A00428,2024-02-07,Credit,Mobile,1813.96,Education,Success
T003303,A00020,2024-03-20,UPI,Mobile,345.37,Retail,Success
T003304,A00111,2025-03-24,ATM,ATM,5000.0,Cash Withdrawal,Success
T003305,A00284,2025-08-11,Credit,Internet Banking,7481.75,Utility,Success
T003306,A00104,2025-02-11,IMPS,Internet Banking,53358.31,Utility,Success
T003307,A00249,2025-11-11,UPI,Mobile,1231.6,Healthcare,Success
T003308,A00375,2024-07-21,NEFT,Mobile,2832.98,Investment,Success
T003309,A00378,2025-12-21,UPI,Mobile,1218.81,Healthcare,Success
T003310,A00135,2024-05-16,UPI,Mobile,1292.14,Travel,Success
T003311,A00225,2024-08-24,NEFT,Internet Banking,29552.45,Investment,Success
T003312,A00200,2024-02-18,UPI,Mobile,3172.55,Utility,Success
T003313,A00239,2025-03-18,UPI,Mobile,2819.09,Travel,Success
T003314,A00443,2025-03-28,ATM,ATM,500.0,Cash Withdrawal,Success
T003315,A00023,2024-07-19,ATM,ATM,136084.71,Cash Withdrawal,Success
T003316,A00240,2025-01-07,NEFT,Mobile,35408.38,Education,Success
T003317,A00026,2025-06-09,Credit,ATM,34132.35,Utility,Success
T003318,A00249,2025-04-27,NEFT,Mobile,22456.26,Utility,Success
T003319,A00558,2025-02-03,UPI,Mobile,1357.75,Retail,Success
T003320,A00135,2024-07-19,NEFT,Internet Banking,33003.54,Utility,Success
T003321,A00343,2024-06-11,NEFT,Internet Banking,9356.25,Utility,Success
T003322,A00582,2025-08-04,NEFT,Internet Banking,33506.53,Education,Success
T003323,A00419,2024-11-22,UPI,Mobile,307.17,Utility,Success
T003324,A00396,2025-12-17,Debit,ATM,6640.96,Healthcare,Failed
T003325,A00116,2025-06-17,Credit,ATM,11716.13,Travel,Failed
T003326,A00198,2025-06-07,IMPS,Branch,10863.56,Education,Success
T003327,A00575,2024-04-12,ATM,ATM,1000.0,Cash Withdrawal,Failed
T003328,A00459,2025-06-09,Debit,Mobile,13449.06,Cash Withdrawal,Failed
T003329,A00274,2025-01-26,ATM,ATM,1000.0,Cash Withdrawal,Success
T003330,A00557,2024-09-06,Debit,ATM,5878.87,Cash Withdrawal,Success
T003331,A00117,2024-07-08,UPI,Mobile,1113.97,Travel,Success
T003332,A00002,2025-06-04,UPI,Mobile,2165.51,Healthcare,Success
T003333,A00516,2024-02-17,ATM,ATM,500.0,Cash Withdrawal,Success
T003334,A00516,2025-03-21,Credit,Branch,10239.17,Loan EMI,Success
T003335,A00397,2024-01-03,UPI,Mobile,1884.98,Healthcare,Success
T003336,A00446,2024-07-08,IMPS,Mobile,45608.45,Investment,Success
T003337,A00551,2025-02-08,UPI,Mobile,1388.65,Utility,Success
T003338,A00234,2024-02-15,Debit,Branch,13744.04,Investment,Success
T003339,A00426,2024-09-19,UPI,Mobile,840.38,Healthcare,Success
T003340,A00087,2025-02-14,Credit,Branch,14867.74,Retail,Failed
T003341,A00034,2025-08-01,ATM,ATM,5000.0,Cash Withdrawal,Success
T003342,A00137,2024-12-10,NEFT,Internet Banking,28275.29,Retail,Success
T003343,A00588,2024-03-11,ATM,ATM,2000.0,Cash Withdrawal,Success
T003344,A00422,2025-07-11,Credit,Internet Banking,23526.1,Loan EMI,Success
T003345,A00184,2024-04-30,IMPS,Internet Banking,37100.45,Utility,Success
T003346,A00423,2024-05-21,NEFT,Mobile,21797.02,Investment,Success
T003347,A00183,2024-04-25,UPI,Mobile,2173.56,Retail,Success
T003348,A00390,2024-10-09,UPI,Mobile,3684.76,Travel,Failed
T003349,A00244,2024-07-22,NEFT,Mobile,23382.28,Retail,Success
T003350,A00317,2024-07-15,ATM,ATM,10000.0,Cash Withdrawal,Success
T003351,A00385,2025-04-04,Debit,ATM,6833.9,Travel,Success
T003352,A00267,2025-01-21,UPI,Mobile,51.02,Utility,Success
T003353,A00085,2024-11-07,Credit,Mobile,11859.08,Utility,Success
T003354,A00091,2025-08-08,Debit,Internet Banking,8605.33,Retail,Success
T003355,A00485,2024-04-12,UPI,Mobile,2167.09,Healthcare,Success
T003356,A00028,2024-07-15,Credit,Internet Banking,15200.98,Loan EMI,Success
T003357,A00322,2024-03-16,Credit,Internet Banking,3508.57,Retail,Failed
T003358,A00267,2025-07-07,NEFT,Branch,61012.38,Retail,Success
T003359,A00478,2025-01-29,UPI,Mobile,774.38,Retail,Success
T003360,A00429,2025-04-13,UPI,Mobile,1025.35,Healthcare,Success
T003361,A00297,2024-08-17,Debit,Internet Banking,13498.89,Education,Success
T003362,A00505,2024-08-30,Credit,Branch,4593.37,Utility,Success
T003363,A00482,2024-12-07,IMPS,Mobile,20558.19,Education,Success
T003364,A00001,2024-11-05,UPI,Mobile,503.15,Retail,Success
T003365,A00469,2024-08-10,NEFT,Branch,64527.53,Utility,Success
T003366,A00362,2024-10-23,Credit,Mobile,8265.68,Loan EMI,Success
T003367,A00383,2025-08-16,ATM,ATM,2000.0,Cash Withdrawal,Success
T003368,A00124,2024-04-17,Credit,Internet Banking,3918.85,Loan EMI,Success
T003369,A00385,2024-10-23,ATM,ATM,2000.0,Cash Withdrawal,Success
T003370,A00546,2025-08-01,NEFT,Internet Banking,11790.41,Investment,Success
T003371,A00315,2025-06-03,Debit,Mobile,17945.99,Education,Success
T003372,A00272,2025-12-02,Debit,ATM,403711.28,Investment,Success
T003373,A00191,2025-10-27,ATM,ATM,5000.0,Cash Withdrawal,Success
T003374,A00438,2025-07-15,UPI,Mobile,1005.9,Healthcare,Success
T003375,A00469,2025-09-02,Debit,Mobile,11112.24,Education,Success
T003376,A00434,2024-05-27,Debit,Internet Banking,8678.4,Loan EMI,Success
T003377,A00474,2024-03-12,ATM,ATM,500.0,Cash Withdrawal,Success
T003378,A00251,2025-01-01,Credit,Internet Banking,2176.19,Utility,Success
T003379,A00434,2025-07-06,IMPS,Branch,51138.81,Investment,Success
T003380,A00203,2025-12-01,IMPS,Internet Banking,27948.9,Utility,Success
T003381,A00242,2024-09-15,Debit,Mobile,13150.39,Investment,Success
T003382,A00402,2025-08-02,IMPS,Mobile,53693.93,Investment,Success
T003383,A00365,2025-11-01,Credit,ATM,1713.66,Loan EMI,Success
T003384,A00147,2025-09-05,Debit,Branch,16876.05,Healthcare,Success
T003385,A00050,2024-02-03,NEFT,Mobile,140105.9,Education,Success
T003386,A00357,2024-10-21,UPI,Mobile,2017.62,Utility,Success
T003387,A00555,2024-01-11,Debit,ATM,23753.99,Healthcare,Success
T003388,A00565,2024-01-07,Debit,Internet Banking,19524.18,Investment,Success
T003389,A00139,2025-01-08,Debit,Mobile,16487.47,Loan EMI,Failed
T003390,A00454,2025-07-17,UPI,Mobile,2982.69,Healthcare,Success
T003391,A00189,2024-02-13,Debit,Branch,22067.62,Utility,Success
T003392,A00514,2024-02-05,IMPS,Internet Banking,73721.15,Retail,Success
T003393,A00426,2025-02-28,IMPS,Branch,11761.06,Retail,Success
T003394,A00505,2025-08-02,UPI,Mobile,3109.59,Healthcare,Success
T003395,A00530,2024-07-26,NEFT,Branch,27645.11,Utility,Success
T003396,A00329,2025-08-04,Debit,Internet Banking,23108.87,Utility,Success
T003397,A00417,2024-11-13,Debit,Internet Banking,14867.44,Retail,Success
T003398,A00577,2025-07-24,UPI,Mobile,326926.98,Healthcare,Success
T003399,A00188,2025-06-23,UPI,Mobile,3838.79,Utility,Success
T003400,A00022,2024-05-30,ATM,ATM,20000.0,Cash Withdrawal,Success
T003401,A00086,2025-05-15,Debit,ATM,6139.32,Cash Withdrawal,Success
T003402,A00532,2025-09-26,Credit,Mobile,8733.6,Retail,Success
T003403,A00445,2024-05-14,NEFT,Mobile,94768.63,Utility,Success
T003404,A00433,2025-11-28,ATM,ATM,5000.0,Cash Withdrawal,Success
T003405,A00053,2024-08-23,NEFT,Mobile,37275.82,Utility,Success
T003406,A00362,2024-10-26,ATM,ATM,1000.0,Cash Withdrawal,Success
T003407,A00396,2025-06-03,IMPS,Internet Banking,25744.57,Investment,Success
T003408,A00570,2025-12-25,UPI,Mobile,1414.62,Healthcare,Success
T003409,A00273,2024-12-09,UPI,Mobile,1111.17,Travel,Success
T003410,A00079,2024-10-01,ATM,ATM,10000.0,Cash Withdrawal,Success
T003411,A00492,2024-01-08,Credit,Mobile,17924.71,Travel,Success
T003412,A00516,2025-11-16,Credit,Branch,8523.04,Healthcare,Success
T003413,A00126,2025-07-29,Credit,ATM,10531.94,Utility,Success
T003414,A00480,2024-01-04,NEFT,Branch,49943.04,Investment,Success
T003415,A00539,2024-06-14,UPI,Mobile,2100.53,Retail,Failed
T003416,A00395,2024-11-26,NEFT,Internet Banking,19401.01,Healthcare,Success
T003417,A00474,2024-03-26,Debit,Branch,18061.49,Retail,Success
T003418,A00491,2024-11-05,ATM,ATM,500.0,Cash Withdrawal,Failed
T003419,A00192,2024-11-02,UPI,Mobile,976.26,Healthcare,Success
T003420,A00166,2025-01-29,Credit,Mobile,4912.68,Education,Success
T003421,A00503,2025-04-05,Debit,Internet Banking,2380.98,Loan EMI,Success
T003422,A00272,2024-10-31,Debit,ATM,9578.83,Education,Success
T003423,A00323,2025-09-29,NEFT,Branch,7802.57,Healthcare,Failed
T003424,A00401,2025-01-05,UPI,Mobile,736.25,Utility,Success
T003425,A00326,2024-08-16,NEFT,Branch,33202.61,Utility,Success
T003426,A00049,2024-08-19,Debit,Mobile,21772.61,Cash Withdrawal,Success
T003427,A00448,2024-02-21,UPI,Mobile,1197.12,Retail,Success
T003428,A00068,2025-03-05,ATM,ATM,5000.0,Cash Withdrawal,Success
T003429,A00305,2024-06-20,UPI,Mobile,389.14,Travel,Success
T003430,A00161,2024-02-03,Debit,Branch,10056.78,Retail,Success
T003431,A00282,2025-10-06,IMPS,Internet Banking,69041.27,Education,Success
T003432,A00120,2025-04-16,Debit,Branch,8753.56,Investment,Success
T003433,A00525,2024-12-02,UPI,Mobile,3670.6,Retail,Success
T003434,A00557,2024-09-29,Credit,Branch,10673.27,Education,Success
T003435,A00288,2025-04-04,NEFT,Internet Banking,54166.38,Investment,Success
T003436,A00343,2025-09-23,UPI,Mobile,1768.32,Healthcare,Success
T003437,A00510,2024-03-25,IMPS,Internet Banking,218167.51,Retail,Success
T003438,A00172,2024-11-04,UPI,Mobile,5621.8,Travel,Success
T003439,A00214,2024-05-26,UPI,Mobile,1017.71,Retail,Success
T003440,A00057,2025-03-18,Debit,Internet Banking,12044.26,Investment,Success
T003441,A00332,2024-11-04,Credit,Internet Banking,21762.92,Education,Success
T003442,A00338,2024-09-23,ATM,ATM,500.0,Cash Withdrawal,Success
T003443,A00262,2024-05-07,UPI,Mobile,1814.55,Healthcare,Success
T003444,A00063,2025-03-19,UPI,Mobile,232.32,Utility,Success
T003445,A00237,2025-09-28,Debit,Branch,8849.55,Investment,Success
T003446,A00224,2025-11-18,UPI,Mobile,1803.1,Travel,Success
T003447,A00183,2025-06-09,UPI,Mobile,4219.3,Travel,Success
T003448,A00545,2024-04-10,NEFT,Internet Banking,36211.14,Utility,Success
T003449,A00361,2024-09-11,UPI,Mobile,692.25,Travel,Reversed
T003450,A00453,2024-11-13,Credit,Branch,12937.67,Utility,Success
T003451,A00267,2024-01-23,UPI,Mobile,3937.8,Utility,Success
T003452,A00165,2024-02-26,Debit,ATM,6868.6,Retail,Success
T003453,A00050,2024-05-08,Debit,Branch,7529.53,Healthcare,Success
T003454,A00094,2025-01-09,IMPS,Mobile,20759.11,Retail,Success
T003455,A00281,2025-10-11,IMPS,Internet Banking,10818.56,Education,Success
T003456,A00318,2024-12-15,Debit,Mobile,11269.23,Travel,Success
T003457,A00396,2024-03-30,Credit,Branch,10400.19,Retail,Success
T003458,A00079,2025-08-23,Credit,Branch,2515.61,Healthcare,Success
T003459,A00235,2025-12-06,Debit,ATM,5899.89,Travel,Success
T003460,A00116,2024-12-07,ATM,ATM,2000.0,Cash Withdrawal,Failed
T003461,A00417,2025-03-18,NEFT,Internet Banking,38433.36,Retail,Success
T003462,A00295,2025-02-23,Debit,Internet Banking,16665.32,Travel,Success
T003463,A00078,2025-11-18,ATM,ATM,10000.0,Cash Withdrawal,Success
T003464,A00462,2024-08-31,Debit,Mobile,19573.36,Retail,Failed
T003465,A00333,2024-02-12,Debit,Mobile,17520.41,Healthcare,Success
T003466,A00534,2025-01-02,ATM,ATM,5000.0,Cash Withdrawal,Success
T003467,A00081,2024-11-09,Debit,Branch,753290.09,Investment,Success
T003468,A00039,2024-04-21,Credit,ATM,3319.84,Investment,Success
T003469,A00228,2025-09-06,Credit,Mobile,9258.58,Education,Success
T003470,A00416,2025-11-03,Credit,Branch,1064.07,Travel,Success
T003471,A00571,2024-12-26,Credit,ATM,12313.97,Investment,Success
T003472,A00371,2025-10-04,Credit,Internet Banking,6694.84,Healthcare,Success
T003473,A00572,2024-06-13,Debit,Branch,764472.47,Retail,Success
T003474,A00164,2024-01-02,ATM,ATM,10000.0,Cash Withdrawal,Success
T003475,A00309,2025-04-03,Credit,Branch,13821.57,Loan EMI,Success
T003476,A00019,2025-04-22,UPI,Mobile,3906.15,Retail,Success
T003477,A00425,2025-09-10,UPI,Mobile,316.14,Utility,Success
T003478,A00301,2025-09-14,UPI,Mobile,2096.41,Healthcare,Success
T003479,A00412,2025-05-07,Debit,Mobile,8188.38,Investment,Success
T003480,A00447,2025-04-05,Debit,ATM,6135.14,Loan EMI,Success
T003481,A00323,2024-12-28,UPI,Mobile,778.63,Utility,Success
T003482,A00427,2024-07-31,IMPS,Internet Banking,24819.86,Utility,Failed
T003483,A00469,2024-08-02,UPI,Mobile,122660.69,Travel,Success
T003484,A00367,2025-03-14,Debit,Branch,10530.97,Education,Success
T003485,A00515,2024-09-04,Credit,Branch,5687.65,Travel,Success
T003486,A00514,2024-04-20,UPI,Mobile,848.88,Travel,Success
T003487,A00300,2025-07-14,UPI,Mobile,172447.49,Travel,Success
T003488,A00059,2024-05-21,IMPS,Mobile,15429.03,Education,Success
T003489,A00363,2024-10-29,UPI,Mobile,1819.19,Retail,Success
T003490,A00038,2025-11-12,UPI,Mobile,1134.3,Travel,Success
T003491,A00490,2024-08-30,UPI,Mobile,951.62,Healthcare,Success
T003492,A00417,2024-08-07,Credit,ATM,30459.69,Education,Success
T003493,A00061,2024-01-29,Credit,Mobile,3919.5,Cash Withdrawal,Success
T003494,A00326,2025-09-25,IMPS,Internet Banking,87305.69,Healthcare,Success
T003495,A00112,2025-03-24,IMPS,Branch,58536.7,Healthcare,Success
T003496,A00412,2024-06-05,UPI,Mobile,880.42,Healthcare,Success
T003497,A00557,2025-09-12,NEFT,Internet Banking,59650.72,Investment,Success
T003498,A00348,2025-10-09,UPI,Mobile,40.87,Retail,Success
T003499,A00136,2024-08-17,NEFT,Mobile,18821.72,Utility,Success
T003500,A00482,2024-04-14,Debit,Mobile,5356.3,Healthcare,Success
T003501,A00276,2024-04-14,IMPS,Branch,44007.45,Investment,Success
T003502,A00013,2024-12-10,Credit,Internet Banking,16871.3,Investment,Success
T003503,A00121,2024-07-03,Debit,Branch,13782.5,Loan EMI,Success
T003504,A00292,2025-05-12,UPI,Mobile,1649.09,Retail,Success
T003505,A00205,2025-03-02,Credit,Branch,19286.04,Loan EMI,Success
T003506,A00587,2024-10-15,Debit,Branch,17616.49,Retail,Success
T003507,A00273,2025-12-11,UPI,Mobile,862.06,Utility,Success
T003508,A00201,2024-03-13,Debit,Internet Banking,7269.87,Education,Success
T003509,A00043,2024-08-19,IMPS,Internet Banking,54435.39,Retail,Success
T003510,A00405,2025-10-08,UPI,Mobile,1441.39,Retail,Success
T003511,A00262,2025-11-16,UPI,Mobile,1518.81,Retail,Success
T003512,A00486,2024-04-04,NEFT,Branch,37248.94,Utility,Success
T003513,A00132,2024-11-18,NEFT,Mobile,6278.89,Retail,Success
T003514,A00519,2025-02-23,UPI,Mobile,828.61,Travel,Failed
T003515,A00232,2024-09-25,Credit,Mobile,14702.03,Education,Success
T003516,A00117,2025-07-29,UPI,Mobile,788291.39,Utility,Failed
T003517,A00244,2024-06-09,Debit,Mobile,9175.68,Loan EMI,Success
T003518,A00329,2024-11-15,UPI,Mobile,2109.83,Utility,Success
T003519,A00290,2024-02-18,NEFT,Mobile,64568.79,Healthcare,Success
T003520,A00537,2025-04-14,UPI,Mobile,173196.53,Retail,Success
T003521,A00376,2025-02-03,Debit,Internet Banking,22176.61,Utility,Success
T003522,A00348,2025-11-08,IMPS,Branch,30116.33,Education,Success
T003523,A00282,2024-01-28,Debit,Internet Banking,9099.71,Cash Withdrawal,Success
T003524,A00560,2025-04-05,Credit,Branch,4330.09,Education,Success
T003525,A00418,2025-09-21,Debit,Branch,25552.23,Investment,Success
T003526,A00410,2024-01-18,Debit,Internet Banking,8833.17,Loan EMI,Failed
T003527,A00047,2024-12-22,UPI,Mobile,3859.88,Healthcare,Success
T003528,A00038,2024-03-24,Credit,Internet Banking,13067.12,Healthcare,Success
T003529,A00174,2024-11-25,Debit,Mobile,20526.23,Investment,Success
T003530,A00298,2025-03-27,Debit,Internet Banking,10247.58,Loan EMI,Success
T003531,A00403,2025-10-12,UPI,Mobile,2261.89,Utility,Success
T003532,A00500,2024-01-13,NEFT,Internet Banking,68023.99,Healthcare,Success
T003533,A00055,2025-04-11,NEFT,Internet Banking,22758.99,Utility,Failed
T003534,A00234,2025-10-31,UPI,Mobile,3365.25,Utility,Success
T003535,A00038,2025-03-30,UPI,Mobile,584.06,Retail,Success
T003536,A00113,2025-08-10,ATM,ATM,5000.0,Cash Withdrawal,Reversed
T003537,A00295,2025-09-22,Credit,Mobile,29980.84,Cash Withdrawal,Success
T003538,A00379,2024-12-08,NEFT,Mobile,37354.19,Healthcare,Success
T003539,A00554,2024-11-06,ATM,ATM,20000.0,Cash Withdrawal,Success
T003540,A00363,2025-01-18,IMPS,Internet Banking,19489.5,Retail,Success
T003541,A00028,2024-08-04,ATM,ATM,2000.0,Cash Withdrawal,Success
T003542,A00057,2024-11-14,UPI,Mobile,2654.59,Travel,Success
T003543,A00369,2024-08-07,ATM,ATM,20000.0,Cash Withdrawal,Success
T003544,A00511,2025-10-25,NEFT,Internet Banking,42441.63,Utility,Success
T003545,A00322,2025-03-13,ATM,ATM,1000.0,Cash Withdrawal,Success
T003546,A00159,2024-07-19,NEFT,Branch,6646.22,Education,Success
T003547,A00350,2025-11-08,Debit,Branch,8190.16,Loan EMI,Success
T003548,A00485,2025-11-10,Credit,Mobile,5008.6,Education,Success
T003549,A00131,2025-05-08,IMPS,Mobile,15640.82,Healthcare,Success
T003550,A00389,2025-01-07,UPI,Mobile,641.76,Retail,Success
T003551,A00340,2025-04-18,UPI,Mobile,2186.27,Retail,Success
T003552,A00143,2024-12-13,Credit,Branch,18837.42,Healthcare,Success
T003553,A00426,2024-08-01,NEFT,Branch,18057.99,Retail,Success
T003554,A00315,2025-11-09,IMPS,Branch,4898.4,Education,Success
T003555,A00243,2025-09-05,ATM,ATM,2000.0,Cash Withdrawal,Success
T003556,A00105,2025-07-07,IMPS,Mobile,114222.58,Retail,Success
T003557,A00133,2025-09-10,NEFT,Branch,37639.87,Utility,Success
T003558,A00182,2025-02-02,IMPS,Internet Banking,58060.22,Utility,Success
T003559,A00117,2025-11-14,NEFT,Internet Banking,29018.42,Utility,Success
T003560,A00445,2024-03-13,NEFT,Mobile,3757.82,Investment,Success
T003561,A00548,2024-03-24,Credit,Mobile,570810.16,Education,Success
T003562,A00147,2025-11-01,ATM,ATM,10000.0,Cash Withdrawal,Success
T003563,A00400,2025-08-09,UPI,Mobile,4351.22,Healthcare,Success
T003564,A00230,2024-03-16,Credit,ATM,6830.96,Travel,Success
T003565,A00499,2025-10-05,Debit,Internet Banking,1336.49,Healthcare,Success
T003566,A00073,2025-09-12,Credit,Mobile,4309.62,Utility,Success
T003567,A00225,2024-03-24,UPI,Mobile,2758.67,Healthcare,Success
T003568,A00409,2024-03-05,UPI,Mobile,1908.87,Travel,Success
T003569,A00443,2024-09-25,ATM,ATM,20000.0,Cash Withdrawal,Success
T003570,A00453,2025-06-02,Debit,Mobile,22305.49,Investment,Success
T003571,A00016,2024-09-06,Credit,Mobile,10898.14,Education,Failed
T003572,A00147,2025-06-30,Credit,Internet Banking,16691.88,Loan EMI,Success
T003573,A00253,2025-04-17,UPI,Mobile,1061.9,Utility,Success
T003574,A00195,2024-11-16,Debit,Internet Banking,4591.27,Cash Withdrawal,Success
T003575,A00296,2024-09-11,NEFT,Branch,53499.51,Healthcare,Success
T003576,A00465,2025-06-03,Credit,Mobile,18793.03,Travel,Failed
T003577,A00233,2024-02-17,UPI,Mobile,899.27,Retail,Success
T003578,A00341,2025-07-29,UPI,Mobile,4093.15,Retail,Success
T003579,A00369,2025-08-31,ATM,ATM,20000.0,Cash Withdrawal,Success
T003580,A00413,2025-12-16,NEFT,Mobile,89001.09,Retail,Success
T003581,A00180,2024-12-30,UPI,Mobile,610814.85,Travel,Failed
T003582,A00248,2025-04-24,Credit,Internet Banking,5435.66,Utility,Failed
T003583,A00420,2024-01-24,Debit,Branch,5637.58,Healthcare,Success
T003584,A00007,2024-06-28,UPI,Mobile,1357.73,Utility,Success
T003585,A00523,2025-04-24,ATM,ATM,20000.0,Cash Withdrawal,Failed
T003586,A00207,2025-09-08,NEFT,Mobile,25182.9,Retail,Success
T003587,A00153,2024-09-17,ATM,ATM,2000.0,Cash Withdrawal,Success
T003588,A00512,2025-11-22,Debit,Internet Banking,597338.8,Loan EMI,Success
T003589,A00377,2025-02-06,IMPS,Mobile,16926.9,Healthcare,Success
T003590,A00591,2024-10-25,ATM,ATM,1000.0,Cash Withdrawal,Success
T003591,A00015,2025-07-10,Credit,Internet Banking,1548.73,Education,Failed
T003592,A00153,2025-08-14,IMPS,Branch,4743.6,Education,Success
T003593,A00545,2025-04-22,Debit,Branch,3179.92,Travel,Success
T003594,A00557,2025-06-21,Debit,Branch,33102.5,Loan EMI,Success
T003595,A00375,2024-10-24,UPI,Mobile,4799.0,Travel,Success
T003596,A00007,2024-03-06,UPI,Mobile,2549.88,Retail,Success
T003597,A00503,2024-09-16,NEFT,Internet Banking,20944.2,Healthcare,Success
T003598,A00460,2024-08-02,UPI,Mobile,346.96,Utility,Success
T003599,A00348,2024-12-27,Debit,Mobile,10743.07,Retail,Success
T003600,A00034,2025-06-09,Credit,ATM,14425.66,Cash Withdrawal,Success
T003601,A00182,2024-07-31,ATM,ATM,500.0,Cash Withdrawal,Success
T003602,A00482,2024-05-17,Credit,ATM,6194.21,Retail,Success
T003603,A00243,2024-01-03,ATM,ATM,1000.0,Cash Withdrawal,Success
T003604,A00290,2024-07-21,IMPS,Mobile,44013.93,Investment,Reversed
T003605,A00148,2025-07-27,Credit,Mobile,4276.0,Investment,Success
T003606,A00452,2025-03-12,UPI,Mobile,923.57,Healthcare,Success
T003607,A00262,2024-07-30,NEFT,Mobile,27645.91,Education,Success
T003608,A00020,2025-02-02,Credit,Internet Banking,31263.04,Cash Withdrawal,Success
T003609,A00582,2024-10-21,Debit,ATM,5700.17,Retail,Success
T003610,A00100,2025-05-16,UPI,Mobile,2067.38,Travel,Success
T003611,A00179,2025-06-12,Credit,Branch,5042.66,Cash Withdrawal,Success
T003612,A00338,2024-01-19,ATM,ATM,5000.0,Cash Withdrawal,Failed
T003613,A00445,2024-04-11,ATM,ATM,1000.0,Cash Withdrawal,Success
T003614,A00352,2025-01-16,Credit,Branch,4502.56,Utility,Success
T003615,A00588,2024-02-19,Debit,Branch,6173.26,Loan EMI,Success
T003616,A00247,2024-12-24,IMPS,Branch,34152.38,Utility,Success
T003617,A00325,2025-05-23,IMPS,Internet Banking,94827.58,Education,Success
T003618,A00387,2024-02-17,NEFT,Internet Banking,20575.25,Utility,Success
T003619,A00345,2024-11-23,UPI,Mobile,2804.9,Healthcare,Success
T003620,A00579,2025-07-19,UPI,Mobile,5054.32,Healthcare,Success
T003621,A00475,2024-10-09,UPI,Mobile,1818.53,Retail,Success
T003622,A00382,2025-06-30,NEFT,Branch,68355.83,Utility,Success
T003623,A00124,2025-07-10,UPI,Mobile,744.89,Utility,Success
T003624,A00232,2025-01-11,IMPS,Mobile,44697.41,Education,Success
T003625,A00190,2024-02-16,Debit,ATM,16517.51,Investment,Success
T003626,A00093,2024-04-19,ATM,ATM,5000.0,Cash Withdrawal,Success
T003627,A00235,2024-01-19,ATM,ATM,2000.0,Cash Withdrawal,Failed
T003628,A00472,2024-09-13,Debit,Mobile,3635.32,Travel,Success
T003629,A00379,2025-06-27,UPI,Mobile,679.29,Retail,Success
T003630,A00369,2025-11-06,IMPS,Internet Banking,26731.58,Investment,Success
T003631,A00404,2025-12-27,UPI,Mobile,802.44,Healthcare,Failed
T003632,A00207,2024-10-05,UPI,Mobile,1290.93,Retail,Success
T003633,A00551,2025-08-23,UPI,Mobile,791872.52,Travel,Success
T003634,A00415,2024-04-18,ATM,ATM,20000.0,Cash Withdrawal,Success
T003635,A00512,2025-08-14,NEFT,Branch,100436.76,Investment,Success
T003636,A00349,2025-12-13,Debit,Mobile,20105.85,Education,Success
T003637,A00576,2025-06-15,ATM,ATM,1000.0,Cash Withdrawal,Success
T003638,A00546,2025-02-10,UPI,Mobile,10471.49,Retail,Success
T003639,A00247,2025-08-12,UPI,Mobile,468.9,Travel,Success
T003640,A00009,2025-10-22,Credit,Branch,14492.66,Loan EMI,Success
T003641,A00316,2024-10-10,Debit,ATM,6350.23,Cash Withdrawal,Success
T003642,A00045,2025-04-07,UPI,Mobile,535.41,Travel,Success
T003643,A00364,2024-10-18,ATM,ATM,2000.0,Cash Withdrawal,Success
T003644,A00115,2025-12-06,Debit,ATM,19402.5,Education,Success
T003645,A00550,2024-08-02,IMPS,Branch,34970.9,Education,Success
T003646,A00056,2025-04-18,NEFT,Branch,25354.34,Retail,Success
T003647,A00334,2025-04-06,UPI,Mobile,1859.54,Travel,Success
T003648,A00446,2025-11-12,IMPS,Branch,16583.47,Utility,Success
T003649,A00230,2024-11-09,ATM,ATM,5000.0,Cash Withdrawal,Success
T003650,A00059,2025-03-29,ATM,ATM,500.0,Cash Withdrawal,Success
T003651,A00498,2025-02-01,Credit,Branch,5511.92,Healthcare,Success
T003652,A00003,2025-05-18,UPI,Mobile,835.36,Travel,Success
T003653,A00201,2024-07-21,ATM,ATM,10000.0,Cash Withdrawal,Success
T003654,A00199,2025-02-22,UPI,Mobile,3298.41,Utility,Success
T003655,A00045,2024-07-10,Debit,Branch,20756.89,Investment,Success
T003656,A00250,2024-11-17,ATM,ATM,20000.0,Cash Withdrawal,Success
T003657,A00481,2024-06-08,Debit,Mobile,3857.39,Education,Success
T003658,A00282,2025-05-08,UPI,Mobile,4592.71,Utility,Success
T003659,A00035,2025-08-22,Debit,ATM,10603.02,Healthcare,Success
T003660,A00043,2024-06-01,Credit,Internet Banking,14337.08,Travel,Success
T003661,A00448,2024-11-12,Debit,ATM,6365.86,Cash Withdrawal,Success
T003662,A00117,2024-06-12,Credit,Branch,10989.31,Travel,Success
T003663,A00015,2025-03-04,Debit,Internet Banking,4459.05,Investment,Success
T003664,A00157,2025-07-08,UPI,Mobile,762.25,Retail,Success
T003665,A00449,2025-07-24,ATM,ATM,1000.0,Cash Withdrawal,Failed
T003666,A00394,2025-01-13,Debit,ATM,18403.74,Healthcare,Failed
T003667,A00224,2025-12-23,Debit,Mobile,18675.4,Loan EMI,Success
T003668,A00332,2024-08-09,Debit,Branch,14769.46,Loan EMI,Reversed
T003669,A00064,2024-09-26,ATM,ATM,5000.0,Cash Withdrawal,Success
T003670,A00257,2025-02-13,UPI,Mobile,1054.14,Travel,Success
T003671,A00018,2024-07-07,IMPS,Internet Banking,10684.77,Investment,Success
T003672,A00358,2025-11-23,Credit,Mobile,23493.99,Loan EMI,Success
T003673,A00494,2024-01-25,IMPS,Internet Banking,63181.71,Education,Success
T003674,A00058,2024-07-31,UPI,Mobile,217.42,Travel,Success
T003675,A00489,2025-03-22,UPI,Mobile,2804.21,Travel,Success
T003676,A00077,2025-07-18,UPI,Mobile,1111.97,Travel,Success
T003677,A00076,2025-09-02,Credit,Internet Banking,16870.05,Utility,Success
T003678,A00236,2024-01-26,UPI,Mobile,360.52,Travel,Success
T003679,A00057,2025-07-26,Credit,Branch,6620.78,Education,Success
T003680,A00297,2024-07-05,UPI,Mobile,1612.53,Retail,Success
T003681,A00344,2025-05-17,ATM,ATM,10000.0,Cash Withdrawal,Success
T003682,A00583,2024-05-28,Credit,Branch,30303.57,Utility,Success
T003683,A00027,2024-03-22,IMPS,Internet Banking,36046.4,Healthcare,Success
T003684,A00310,2024-09-21,UPI,Mobile,3207.51,Healthcare,Success
T003685,A00144,2024-10-04,UPI,Mobile,1786.15,Retail,Success
T003686,A00020,2025-10-24,UPI,Mobile,1738.27,Utility,Success
T003687,A00271,2024-12-16,Credit,Internet Banking,15290.08,Education,Success
T003688,A00264,2025-04-25,UPI,Mobile,102522.47,Utility,Success
T003689,A00288,2025-03-02,Debit,Internet Banking,18124.74,Loan EMI,Success
T003690,A00464,2024-03-29,Credit,Internet Banking,4729.18,Utility,Success
T003691,A00557,2024-03-03,NEFT,Internet Banking,32348.31,Retail,Success
T003692,A00426,2025-12-04,ATM,ATM,20000.0,Cash Withdrawal,Success
T003693,A00126,2025-03-24,Credit,ATM,31877.64,Education,Success
T003694,A00551,2025-03-10,Credit,Internet Banking,21857.42,Investment,Success
T003695,A00213,2024-03-17,ATM,ATM,20000.0,Cash Withdrawal,Success
T003696,A00505,2025-08-14,NEFT,Branch,42128.57,Utility,Success
T003697,A00201,2024-05-06,NEFT,Mobile,64765.77,Investment,Success
T003698,A00397,2025-11-19,ATM,ATM,500.0,Cash Withdrawal,Success
T003699,A00089,2025-08-13,UPI,Mobile,4141.24,Utility,Success
T003700,A00003,2025-12-20,Credit,Mobile,1882.69,Investment,Success
T003701,A00390,2024-06-23,Credit,Internet Banking,8920.59,Travel,Success
T003702,A00303,2024-02-29,Debit,Branch,6603.49,Investment,Success
T003703,A00473,2025-09-03,Debit,Branch,3442.93,Cash Withdrawal,Success
T003704,A00348,2024-03-09,Credit,Mobile,34661.52,Retail,Success
T003705,A00112,2025-05-23,UPI,Mobile,2292.28,Utility,Success
T003706,A00396,2024-02-19,Credit,ATM,19571.64,Loan EMI,Success
T003707,A00242,2025-12-21,ATM,ATM,1000.0,Cash Withdrawal,Success
T003708,A00181,2025-09-26,IMPS,Mobile,20351.11,Education,Success
T003709,A00506,2024-10-02,UPI,Mobile,1179.85,Utility,Success
T003710,A00452,2024-11-25,UPI,Mobile,1494.07,Healthcare,Success
T003711,A00176,2024-12-20,Credit,ATM,14041.15,Utility,Success
T003712,A00302,2024-04-25,Debit,Branch,17700.57,Loan EMI,Failed
T003713,A00390,2024-04-05,IMPS,Internet Banking,54420.85,Investment,Success
T003714,A00242,2025-03-30,NEFT,Mobile,28173.63,Retail,Success
T003715,A00478,2025-01-23,UPI,Mobile,4251.18,Healthcare,Success
T003716,A00565,2024-11-23,Debit,Mobile,24159.46,Loan EMI,Success
T003717,A00386,2025-06-17,Debit,Internet Banking,13122.44,Travel,Success
T003718,A00036,2025-06-11,Credit,ATM,11071.94,Investment,Success
T003719,A00378,2025-03-30,Debit,ATM,8714.16,Retail,Success
T003720,A00467,2024-08-02,Debit,ATM,14094.24,Education,Failed
T003721,A00115,2024-04-09,IMPS,Internet Banking,76376.22,Utility,Success
T003722,A00074,2025-07-01,Debit,Internet Banking,11244.69,Healthcare,Success
T003723,A00080,2024-09-05,Debit,Internet Banking,7230.51,Travel,Success
T003724,A00485,2025-12-12,Debit,ATM,11075.33,Retail,Success
T003725,A00163,2024-05-31,ATM,ATM,5000.0,Cash Withdrawal,Success
T003726,A00529,2025-11-09,IMPS,Internet Banking,41828.32,Education,Success
T003727,A00172,2025-08-11,UPI,Mobile,534.47,Healthcare,Success
T003728,A00108,2025-09-16,Credit,Mobile,3575.75,Cash Withdrawal,Success
T003729,A00575,2024-10-13,UPI,Mobile,222153.45,Healthcare,Success
T003730,A00487,2024-04-16,UPI,Mobile,4245.23,Utility,Reversed
T003731,A00189,2024-03-23,Debit,Mobile,22568.63,Loan EMI,Success
T003732,A00049,2024-10-04,Debit,Branch,2895.41,Utility,Success
T003733,A00458,2025-09-26,IMPS,Branch,15490.89,Retail,Reversed
T003734,A00560,2025-04-17,IMPS,Mobile,56191.3,Education,Success
T003735,A00482,2024-10-28,IMPS,Internet Banking,742647.11,Education,Failed
T003736,A00143,2025-08-18,IMPS,Internet Banking,46253.99,Healthcare,Failed
T003737,A00349,2025-09-08,UPI,Mobile,335.37,Healthcare,Reversed
T003738,A00220,2024-09-14,Debit,Branch,10923.15,Retail,Success
T003739,A00563,2024-10-20,NEFT,Mobile,31367.33,Retail,Success
T003740,A00370,2025-02-20,Credit,Mobile,19631.19,Healthcare,Success
T003741,A00143,2025-12-23,Credit,Branch,14043.15,Retail,Success
T003742,A00029,2025-11-04,UPI,Mobile,1672.35,Utility,Success
T003743,A00244,2024-04-14,Debit,Branch,2448.52,Utility,Failed
T003744,A00254,2024-09-11,Credit,Internet Banking,32502.85,Utility,Failed
T003745,A00525,2024-03-10,UPI,Mobile,2448.11,Travel,Success
T003746,A00374,2025-03-04,Debit,Mobile,6396.26,Travel,Success
T003747,A00579,2025-12-16,Credit,Branch,11718.41,Loan EMI,Success
T003748,A00420,2025-03-02,Credit,ATM,8243.43,Healthcare,Success
T003749,A00547,2025-02-14,Debit,ATM,9388.4,Investment,Success
T003750,A00083,2025-06-19,IMPS,Internet Banking,72833.8,Retail,Success
T003751,A00146,2024-03-18,IMPS,Branch,15426.05,Retail,Success
T003752,A00043,2024-11-19,NEFT,Branch,55004.69,Education,Failed
T003753,A00561,2024-11-13,Credit,Branch,22937.76,Cash Withdrawal,Success
T003754,A00161,2024-02-15,Debit,Branch,15487.66,Utility,Success
T003755,A00492,2024-04-03,NEFT,Internet Banking,29896.84,Investment,Failed
T003756,A00219,2025-03-18,IMPS,Branch,17846.62,Healthcare,Success
T003757,A00473,2025-05-07,UPI,Mobile,862.91,Travel,Success
T003758,A00359,2024-07-09,UPI,Mobile,1666.22,Healthcare,Reversed
T003759,A00256,2024-06-02,Credit,Internet Banking,11228.55,Loan EMI,Success
T003760,A00468,2024-03-22,IMPS,Internet Banking,59688.28,Healthcare,Success
T003761,A00234,2024-09-29,UPI,Mobile,362.53,Utility,Success
T003762,A00392,2025-05-06,Debit,Internet Banking,22178.63,Utility,Success
T003763,A00483,2025-05-26,UPI,Mobile,7368.51,Retail,Success
T003764,A00360,2025-06-27,Debit,Internet Banking,10370.92,Education,Success
T003765,A00494,2024-08-13,ATM,ATM,20000.0,Cash Withdrawal,Success
T003766,A00365,2025-04-03,IMPS,Internet Banking,28474.42,Education,Success
T003767,A00043,2024-06-05,Debit,ATM,9922.44,Cash Withdrawal,Success
T003768,A00235,2025-08-15,NEFT,Mobile,36188.07,Utility,Success
T003769,A00510,2025-07-25,UPI,Mobile,1179.92,Retail,Success
T003770,A00303,2025-02-13,NEFT,Mobile,4943.52,Investment,Success
T003771,A00364,2025-01-24,UPI,Mobile,1333.06,Utility,Success
T003772,A00278,2025-11-18,UPI,Mobile,1697.93,Travel,Success
T003773,A00074,2025-12-07,Credit,ATM,23668.13,Healthcare,Failed
T003774,A00468,2024-01-30,Credit,Internet Banking,5243.5,Utility,Success
T003775,A00333,2025-08-19,NEFT,Branch,97787.37,Education,Success
T003776,A00033,2025-05-14,UPI,Mobile,1114.47,Utility,Success
T003777,A00049,2024-08-18,NEFT,Internet Banking,16878.87,Retail,Success
T003778,A00254,2025-05-31,UPI,Mobile,2448.57,Healthcare,Success
T003779,A00378,2025-03-10,UPI,Mobile,1010.48,Retail,Success
T003780,A00079,2024-02-09,UPI,Mobile,1448.77,Retail,Success
T003781,A00230,2024-07-30,UPI,Mobile,1526.98,Travel,Success
T003782,A00136,2025-10-13,ATM,ATM,5000.0,Cash Withdrawal,Success
T003783,A00074,2024-11-22,IMPS,Mobile,51430.16,Retail,Success
T003784,A00494,2025-12-14,IMPS,Branch,31804.61,Education,Success
T003785,A00364,2025-09-18,UPI,Mobile,1295.63,Utility,Success
T003786,A00252,2025-12-05,UPI,Mobile,1090.58,Travel,Success
T003787,A00473,2024-04-27,Debit,ATM,15093.36,Cash Withdrawal,Success
T003788,A00366,2024-06-13,ATM,ATM,1000.0,Cash Withdrawal,Success
T003789,A00390,2024-05-26,NEFT,Internet Banking,22216.05,Healthcare,Success
T003790,A00534,2024-06-16,NEFT,Internet Banking,79069.12,Healthcare,Success
T003791,A00069,2025-09-16,UPI,Mobile,1540.17,Travel,Success
T003792,A00398,2025-05-18,Debit,ATM,2573.87,Healthcare,Success
T003793,A00042,2025-11-11,Credit,Internet Banking,13276.48,Cash Withdrawal,Success
T003794,A00583,2024-05-24,Debit,Mobile,14725.55,Education,Success
T003795,A00254,2024-06-25,ATM,ATM,500.0,Cash Withdrawal,Success
T003796,A00302,2024-10-19,Credit,Branch,24322.33,Education,Success
T003797,A00308,2025-10-21,NEFT,Internet Banking,18526.69,Retail,Success
T003798,A00093,2025-07-18,IMPS,Mobile,16322.46,Investment,Success
T003799,A00063,2025-12-25,Credit,Internet Banking,16457.44,Cash Withdrawal,Success
T003800,A00249,2024-06-06,Debit,Internet Banking,21900.72,Retail,Success
T003801,A00092,2024-04-26,Debit,ATM,6071.74,Education,Success
T003802,A00390,2025-04-29,Credit,Branch,12963.0,Investment,Success
T003803,A00457,2025-07-13,UPI,Mobile,1434.44,Travel,Success
T003804,A00135,2024-04-28,ATM,ATM,1000.0,Cash Withdrawal,Success
T003805,A00091,2025-12-13,ATM,ATM,10000.0,Cash Withdrawal,Success
T003806,A00097,2024-10-23,UPI,Mobile,792.2,Utility,Success
T003807,A00561,2025-09-08,Credit,Mobile,10001.85,Investment,Success
T003808,A00384,2024-06-10,Debit,Mobile,20943.99,Retail,Success
T003809,A00229,2024-07-15,Debit,Branch,11119.58,Travel,Success
T003810,A00461,2025-10-03,Debit,Mobile,9640.47,Cash Withdrawal,Success
T003811,A00072,2025-05-10,Credit,Branch,15911.03,Travel,Success
T003812,A00512,2024-10-24,Credit,Mobile,22129.03,Travel,Success
T003813,A00166,2024-01-24,ATM,ATM,1000.0,Cash Withdrawal,Success
T003814,A00391,2025-03-16,Credit,Internet Banking,5171.06,Travel,Success
T003815,A00416,2024-12-19,Credit,Internet Banking,13316.29,Loan EMI,Success
T003816,A00381,2025-12-25,NEFT,Mobile,25522.79,Investment,Success
T003817,A00220,2024-04-30,Debit,Branch,11153.13,Loan EMI,Success
T003818,A00080,2024-04-05,ATM,ATM,20000.0,Cash Withdrawal,Success
T003819,A00336,2025-12-07,ATM,ATM,500.0,Cash Withdrawal,Success
T003820,A00404,2024-07-29,Credit,Internet Banking,341758.99,Loan EMI,Success
T003821,A00428,2025-09-03,NEFT,Mobile,27106.51,Healthcare,Success
T003822,A00144,2024-09-10,Debit,Internet Banking,10241.72,Retail,Success
T003823,A00338,2025-06-19,NEFT,Internet Banking,64345.98,Retail,Failed
T003824,A00289,2025-11-02,Credit,Internet Banking,14495.6,Education,Success
T003825,A00227,2024-02-01,NEFT,Mobile,31098.34,Education,Success
T003826,A00312,2024-10-19,NEFT,Branch,37152.75,Retail,Success
T003827,A00180,2024-09-06,UPI,Mobile,1576.83,Retail,Success
T003828,A00149,2025-06-21,NEFT,Mobile,6373.94,Retail,Success
T003829,A00397,2025-07-17,IMPS,Branch,37606.14,Education,Reversed
T003830,A00119,2024-08-04,UPI,Mobile,455.18,Retail,Failed
T003831,A00025,2024-08-07,IMPS,Branch,70748.16,Investment,Success
T003832,A00529,2025-07-09,UPI,Mobile,444.47,Travel,Success
T003833,A00421,2025-07-30,NEFT,Internet Banking,24552.29,Investment,Success
T003834,A00034,2024-09-21,ATM,ATM,5000.0,Cash Withdrawal,Success
T003835,A00331,2025-02-27,UPI,Mobile,912.45,Utility,Success
T003836,A00280,2024-04-10,Debit,Internet Banking,26783.58,Travel,Success
T003837,A00112,2025-04-13,Debit,Branch,21190.38,Loan EMI,Success
T003838,A00274,2025-01-01,UPI,Mobile,105.43,Retail,Success
T003839,A00283,2024-09-16,NEFT,Mobile,33304.69,Healthcare,Success
T003840,A00332,2025-12-29,Debit,Internet Banking,4501.12,Travel,Success
T003841,A00125,2024-04-14,Debit,Mobile,12059.22,Education,Success
T003842,A00551,2025-09-14,Credit,Mobile,16474.99,Healthcare,Success
T003843,A00284,2025-01-23,IMPS,Mobile,39995.69,Investment,Success
T003844,A00260,2025-01-23,UPI,Mobile,2512.84,Utility,Failed
T003845,A00244,2025-05-26,UPI,Mobile,1220.72,Utility,Success
T003846,A00288,2025-10-09,ATM,ATM,2000.0,Cash Withdrawal,Success
T003847,A00376,2025-11-21,UPI,Mobile,1846.15,Healthcare,Success
T003848,A00008,2024-03-29,Credit,Internet Banking,16728.77,Utility,Success
T003849,A00232,2025-06-19,Debit,Internet Banking,7885.47,Cash Withdrawal,Success
T003850,A00475,2024-07-31,Debit,Branch,5686.08,Healthcare,Success
T003851,A00345,2025-11-26,UPI,Mobile,869.92,Retail,Success
T003852,A00272,2024-01-31,NEFT,Branch,30788.81,Retail,Success
T003853,A00384,2024-02-03,UPI,Mobile,1517.53,Retail,Success
T003854,A00273,2024-01-20,Debit,ATM,13501.53,Cash Withdrawal,Success
T003855,A00507,2025-04-19,Credit,Internet Banking,6263.93,Utility,Failed
T003856,A00351,2025-12-30,ATM,ATM,2000.0,Cash Withdrawal,Success
T003857,A00190,2025-08-31,IMPS,Mobile,54571.0,Education,Success
T003858,A00350,2024-10-27,Credit,Mobile,30503.93,Loan EMI,Success
T003859,A00376,2025-03-21,Credit,ATM,7076.36,Utility,Failed
T003860,A00118,2025-02-28,IMPS,Branch,137191.76,Utility,Success
T003861,A00286,2024-11-09,UPI,Mobile,5186.74,Utility,Success
T003862,A00193,2024-08-27,Debit,Mobile,10921.01,Investment,Success
T003863,A00171,2025-03-08,Debit,Internet Banking,9786.1,Travel,Success
T003864,A00048,2024-02-24,Credit,Mobile,6683.69,Loan EMI,Failed
T003865,A00132,2025-11-30,ATM,ATM,2000.0,Cash Withdrawal,Success
T003866,A00430,2024-03-17,ATM,ATM,1000.0,Cash Withdrawal,Success
T003867,A00320,2025-07-26,Debit,ATM,18622.81,Utility,Success
T003868,A00259,2024-11-16,ATM,ATM,1000.0,Cash Withdrawal,Success
T003869,A00577,2024-07-25,UPI,Mobile,1593.0,Healthcare,Success
T003870,A00505,2025-12-31,Debit,Internet Banking,12236.72,Loan EMI,Success
T003871,A00220,2024-02-19,IMPS,Mobile,16975.75,Education,Success
T003872,A00505,2024-04-08,NEFT,Mobile,61130.81,Retail,Success
T003873,A00067,2025-06-21,NEFT,Mobile,28347.12,Utility,Success
T003874,A00295,2024-03-15,IMPS,Internet Banking,13763.91,Healthcare,Success
T003875,A00446,2024-05-02,Credit,Internet Banking,10346.03,Cash Withdrawal,Success
T003876,A00085,2024-04-15,IMPS,Branch,17917.89,Investment,Success
T003877,A00386,2024-11-06,Credit,ATM,24343.85,Loan EMI,Success
T003878,A00551,2025-07-13,NEFT,Mobile,108897.41,Investment,Reversed
T003879,A00516,2024-10-26,UPI,Mobile,1454.98,Healthcare,Success
T003880,A00127,2025-10-09,Credit,Branch,20829.97,Utility,Success
T003881,A00091,2025-10-27,ATM,ATM,10000.0,Cash Withdrawal,Success
T003882,A00172,2024-06-18,UPI,Mobile,3075.52,Retail,Success
T003883,A00440,2024-01-20,Credit,Internet Banking,392.85,Healthcare,Success
T003884,A00585,2024-08-08,NEFT,Branch,20160.14,Education,Success
T003885,A00428,2025-11-15,UPI,Mobile,1646.56,Retail,Success
T003886,A00015,2024-07-12,ATM,ATM,20000.0,Cash Withdrawal,Success
T003887,A00022,2025-04-02,Credit,Branch,8033.14,Loan EMI,Success
T003888,A00546,2025-03-02,IMPS,Branch,18896.63,Healthcare,Failed
T003889,A00237,2024-06-17,Credit,Mobile,21361.07,Education,Success
T003890,A00162,2025-11-19,ATM,ATM,5000.0,Cash Withdrawal,Success
T003891,A00470,2025-02-23,IMPS,Internet Banking,23573.54,Retail,Success
T003892,A00508,2024-10-20,ATM,ATM,2000.0,Cash Withdrawal,Success
T003893,A00472,2024-05-16,UPI,Mobile,1929.36,Healthcare,Success
T003894,A00544,2024-06-13,UPI,Mobile,3027.69,Healthcare,Success
T003895,A00510,2025-08-14,Debit,Mobile,25216.13,Education,Success
T003896,A00156,2024-03-03,Debit,Branch,4796.61,Investment,Failed
T003897,A00060,2024-08-09,Credit,Internet Banking,5137.38,Cash Withdrawal,Failed
T003898,A00395,2025-03-29,Debit,Mobile,12566.38,Retail,Success
T003899,A00272,2024-02-10,ATM,ATM,1000.0,Cash Withdrawal,Success
T003900,A00364,2024-05-30,UPI,Mobile,184.6,Utility,Success
T003901,A00391,2024-05-05,Credit,Branch,5337.19,Loan EMI,Success
T003902,A00026,2024-03-04,ATM,ATM,2000.0,Cash Withdrawal,Success
T003903,A00425,2025-02-21,UPI,Mobile,3458.21,Travel,Success
T003904,A00243,2024-08-10,IMPS,Internet Banking,51771.44,Investment,Success
T003905,A00425,2024-06-12,NEFT,Branch,30788.52,Investment,Success
T003906,A00231,2025-05-24,ATM,ATM,1000.0,Cash Withdrawal,Success
T003907,A00108,2024-02-06,Debit,Branch,14715.45,Loan EMI,Success
T003908,A00055,2024-01-08,UPI,Mobile,2481.5,Utility,Success
T003909,A00035,2024-07-28,ATM,ATM,500.0,Cash Withdrawal,Success
T003910,A00208,2025-11-30,Credit,Branch,3535.38,Cash Withdrawal,Success
T003911,A00086,2024-05-10,Debit,Internet Banking,7707.93,Retail,Success
T003912,A00107,2025-08-29,UPI,Mobile,3775.68,Utility,Success
T003913,A00120,2025-05-03,IMPS,Branch,39904.27,Healthcare,Success
T003914,A00411,2024-10-29,Debit,ATM,13206.48,Cash Withdrawal,Success
T003915,A00151,2024-04-08,Debit,Branch,10566.34,Loan EMI,Success
T003916,A00308,2024-01-31,Debit,Branch,2416.46,Loan EMI,Failed
T003917,A00458,2025-06-18,UPI,Mobile,905.58,Travel,Failed
T003918,A00561,2025-07-23,Debit,Mobile,14156.86,Education,Success
T003919,A00501,2025-11-24,ATM,ATM,1000.0,Cash Withdrawal,Success
T003920,A00396,2024-01-24,Debit,Mobile,7839.73,Healthcare,Success
T003921,A00450,2024-12-19,NEFT,Internet Banking,14269.05,Utility,Success
T003922,A00466,2025-03-20,NEFT,Branch,15964.15,Retail,Success
T003923,A00038,2025-02-16,UPI,Mobile,3827.56,Travel,Success
T003924,A00504,2024-04-05,NEFT,Branch,22688.32,Retail,Success
T003925,A00149,2025-07-26,UPI,Mobile,3328.94,Retail,Success
T003926,A00563,2024-12-08,Debit,Branch,13246.23,Loan EMI,Success
T003927,A00346,2024-12-26,UPI,Mobile,1247.23,Healthcare,Success
T003928,A00314,2024-07-29,UPI,Mobile,779.15,Healthcare,Success
T003929,A00357,2025-09-02,Debit,Branch,16488.45,Healthcare,Success
T003930,A00444,2025-01-05,UPI,Mobile,3058.18,Utility,Success
T003931,A00547,2025-05-17,Debit,Mobile,17487.31,Utility,Success
T003932,A00153,2025-04-23,IMPS,Mobile,10860.4,Healthcare,Success
T003933,A00176,2024-12-25,ATM,ATM,20000.0,Cash Withdrawal,Success
T003934,A00195,2024-06-23,IMPS,Internet Banking,22638.75,Education,Success
T003935,A00225,2025-09-04,IMPS,Mobile,167226.75,Healthcare,Success
T003936,A00011,2024-11-05,UPI,Mobile,195.54,Healthcare,Failed
T003937,A00024,2025-03-28,Debit,Branch,14621.93,Investment,Failed
T003938,A00478,2025-07-25,NEFT,Branch,50916.84,Investment,Success
T003939,A00386,2025-10-07,IMPS,Internet Banking,49735.66,Healthcare,Success
T003940,A00024,2025-09-05,Debit,Mobile,14026.14,Investment,Failed
T003941,A00389,2025-10-15,IMPS,Internet Banking,26482.12,Utility,Success
T003942,A00260,2024-10-05,UPI,Mobile,752.2,Utility,Success
T003943,A00225,2025-12-06,IMPS,Internet Banking,26410.71,Retail,Success
T003944,A00059,2025-12-29,Debit,Mobile,13315.39,Healthcare,Success
T003945,A00092,2025-07-20,Debit,ATM,23282.63,Loan EMI,Success
T003946,A00575,2025-05-29,Debit,Internet Banking,11417.65,Cash Withdrawal,Success
T003947,A00045,2025-09-12,NEFT,Branch,34695.31,Education,Success
T003948,A00420,2024-06-10,ATM,ATM,500.0,Cash Withdrawal,Success
T003949,A00415,2024-10-14,Debit,Branch,2160.86,Cash Withdrawal,Success
T003950,A00244,2025-01-01,Debit,Internet Banking,13889.37,Healthcare,Success
T003951,A00108,2025-12-03,Debit,Mobile,24311.45,Education,Success
T003952,A00556,2025-07-13,Credit,ATM,10044.71,Cash Withdrawal,Success
T003953,A00457,2024-01-01,IMPS,Branch,29273.09,Utility,Success
T003954,A00471,2024-10-09,UPI,Mobile,1104.64,Retail,Success
T003955,A00456,2024-03-24,Debit,Mobile,16839.72,Healthcare,Success
T003956,A00430,2025-12-16,Debit,ATM,2063.76,Investment,Success
T003957,A00073,2025-10-15,UPI,Mobile,3331.16,Retail,Success
T003958,A00129,2024-11-17,UPI,Mobile,1251.47,Travel,Success
T003959,A00579,2025-03-01,ATM,ATM,20000.0,Cash Withdrawal,Success
T003960,A00235,2025-06-11,Debit,Mobile,14051.97,Retail,Success
T003961,A00515,2024-07-16,NEFT,Internet Banking,56734.92,Utility,Success
T003962,A00072,2024-07-07,NEFT,Mobile,15797.49,Healthcare,Success
T003963,A00398,2025-07-26,Credit,Mobile,10687.4,Cash Withdrawal,Success
T003964,A00122,2024-07-13,IMPS,Branch,27865.2,Education,Success
T003965,A00127,2025-08-12,Credit,Branch,4446.42,Investment,Success
T003966,A00463,2025-11-07,UPI,Mobile,108027.69,Healthcare,Success
T003967,A00155,2025-09-03,NEFT,Branch,26192.37,Investment,Failed
T003968,A00389,2024-01-18,UPI,Mobile,509.38,Retail,Success
T003969,A00232,2024-07-31,NEFT,Internet Banking,34586.16,Investment,Success
T003970,A00142,2024-02-13,UPI,Mobile,379.76,Utility,Success
T003971,A00225,2025-05-04,NEFT,Internet Banking,23684.46,Healthcare,Success
T003972,A00370,2025-01-29,Credit,Internet Banking,13143.95,Cash Withdrawal,Success
T003973,A00112,2024-03-10,ATM,ATM,1000.0,Cash Withdrawal,Success
T003974,A00138,2024-02-03,UPI,Mobile,339.02,Retail,Success
T003975,A00394,2024-03-16,UPI,Mobile,2358.9,Healthcare,Success
T003976,A00124,2025-07-21,UPI,Mobile,1608.44,Retail,Success
T003977,A00138,2025-11-15,ATM,ATM,1000.0,Cash Withdrawal,Success
T003978,A00233,2024-07-19,Credit,ATM,17731.41,Healthcare,Success
T003979,A00529,2025-08-17,ATM,ATM,1000.0,Cash Withdrawal,Success
T003980,A00233,2024-04-27,NEFT,Branch,56532.94,Education,Success
T003981,A00539,2025-12-18,UPI,Mobile,1005.05,Retail,Success
T003982,A00412,2025-10-10,Credit,Internet Banking,7799.92,Retail,Success
T003983,A00365,2024-06-16,Credit,Branch,14721.79,Retail,Success
T003984,A00007,2025-06-15,Credit,ATM,4771.84,Travel,Success
T003985,A00014,2024-09-16,Debit,Internet Banking,4797.17,Retail,Success
T003986,A00533,2024-04-14,Debit,Branch,6898.49,Cash Withdrawal,Success
T003987,A00298,2025-08-02,NEFT,Internet Banking,576073.16,Healthcare,Success
T003988,A00353,2025-05-28,Credit,Branch,4258.89,Loan EMI,Success
T003989,A00232,2025-12-01,UPI,Mobile,520.34,Utility,Success
T003990,A00272,2024-05-25,UPI,Mobile,1155.1,Utility,Success
T003991,A00017,2024-10-24,UPI,Mobile,1112.49,Healthcare,Reversed
T003992,A00473,2025-03-17,Credit,Branch,19417.0,Cash Withdrawal,Success
T003993,A00090,2025-09-06,NEFT,Internet Banking,26623.43,Utility,Failed
T003994,A00303,2025-05-22,Credit,Internet Banking,10146.68,Travel,Success
T003995,A00400,2025-06-15,Debit,Mobile,29209.94,Utility,Failed
T003996,A00412,2024-05-12,UPI,Mobile,111.28,Healthcare,Success
T003997,A00415,2025-01-31,Credit,Internet Banking,232748.69,Investment,Success
T003998,A00134,2024-10-03,NEFT,Mobile,28354.0,Retail,Success
T003999,A00441,2025-05-09,ATM,ATM,500.0,Cash Withdrawal,Success
T004000,A00531,2025-05-17,NEFT,Mobile,41403.98,Utility,Success
T004001,A00531,2024-05-15,Debit,Branch,7219.18,Healthcare,Success
T004002,A00214,2024-12-14,Credit,Internet Banking,324720.36,Retail,Success
T004003,A00328,2025-09-06,Debit,Mobile,22627.75,Loan EMI,Success
T004004,A00058,2024-12-13,NEFT,Internet Banking,46262.53,Education,Success
T004005,A00351,2024-07-22,ATM,ATM,1000.0,Cash Withdrawal,Success
T004006,A00395,2025-02-27,Credit,Branch,9001.88,Cash Withdrawal,Success
T004007,A00133,2025-12-29,Credit,Mobile,6075.95,Utility,Success
T004008,A00272,2024-08-19,ATM,ATM,2000.0,Cash Withdrawal,Success
T004009,A00078,2024-10-14,NEFT,Branch,13702.86,Healthcare,Success
T004010,A00208,2025-11-28,NEFT,Mobile,22737.72,Healthcare,Success
T004011,A00323,2024-02-16,ATM,ATM,500.0,Cash Withdrawal,Success
T004012,A00566,2024-05-30,Debit,Branch,9564.41,Loan EMI,Success
T004013,A00552,2024-03-23,UPI,Mobile,4531.17,Retail,Success
T004014,A00408,2024-06-03,NEFT,Internet Banking,36686.44,Healthcare,Success
T004015,A00465,2024-08-10,ATM,ATM,2000.0,Cash Withdrawal,Success
T004016,A00300,2024-12-21,NEFT,Mobile,19715.47,Investment,Success
T004017,A00558,2025-06-29,Credit,Internet Banking,1292.61,Utility,Success
T004018,A00195,2024-05-11,UPI,Mobile,749.02,Travel,Success
T004019,A00499,2025-06-23,ATM,ATM,1000.0,Cash Withdrawal,Success
T004020,A00263,2024-09-14,Debit,Branch,7560.24,Utility,Success
T004021,A00008,2024-09-25,UPI,Mobile,1766.79,Healthcare,Failed
T004022,A00046,2025-06-29,Credit,Internet Banking,7760.12,Cash Withdrawal,Success
T004023,A00534,2025-04-02,Credit,Branch,29966.09,Retail,Success
T004024,A00075,2025-12-01,NEFT,Internet Banking,27876.92,Healthcare,Success
T004025,A00109,2025-01-15,NEFT,Branch,64126.59,Investment,Success
T004026,A00036,2025-05-07,NEFT,Branch,7743.17,Utility,Failed
T004027,A00232,2024-01-04,UPI,Mobile,371382.8,Retail,Success
T004028,A00304,2024-12-30,Credit,Internet Banking,5993.4,Cash Withdrawal,Success
T004029,A00286,2024-07-28,Debit,Internet Banking,20162.56,Travel,Success
T004030,A00386,2024-08-20,Debit,Branch,8127.47,Cash Withdrawal,Failed
T004031,A00173,2025-09-29,UPI,Mobile,3493.65,Healthcare,Success
T004032,A00047,2024-07-29,NEFT,Mobile,51161.49,Investment,Success
T004033,A00530,2025-01-08,ATM,ATM,10000.0,Cash Withdrawal,Success
T004034,A00443,2025-10-03,Credit,Mobile,7387.79,Loan EMI,Success
T004035,A00137,2024-04-28,Debit,Branch,4688.2,Loan EMI,Success
T004036,A00467,2024-08-12,UPI,Mobile,797.01,Healthcare,Success
T004037,A00047,2024-08-03,Debit,Branch,8702.25,Utility,Success
T004038,A00342,2024-09-27,UPI,Mobile,415328.27,Healthcare,Success
T004039,A00332,2025-06-21,Debit,Internet Banking,10542.13,Loan EMI,Success
T004040,A00530,2024-09-18,Credit,Mobile,17800.18,Education,Success
T004041,A00375,2025-02-15,Credit,Internet Banking,24105.25,Investment,Success
T004042,A00585,2024-06-07,Credit,Branch,10920.88,Utility,Success
T004043,A00224,2025-05-30,UPI,Mobile,624.65,Travel,Success
T004044,A00470,2024-05-16,UPI,Mobile,1933.64,Travel,Success
T004045,A00012,2024-11-02,ATM,ATM,2000.0,Cash Withdrawal,Reversed
T004046,A00461,2025-08-06,Credit,Mobile,31957.1,Investment,Failed
T004047,A00034,2024-10-06,UPI,Mobile,2729.21,Travel,Success
T004048,A00278,2024-07-29,IMPS,Branch,40527.71,Education,Reversed
T004049,A00096,2024-04-25,IMPS,Branch,16455.37,Education,Success
T004050,A00372,2024-04-10,Credit,ATM,9336.14,Utility,Success
T004051,A00247,2025-04-23,UPI,Mobile,330.95,Retail,Success
T004052,A00326,2025-07-26,ATM,ATM,1000.0,Cash Withdrawal,Success
T004053,A00564,2024-04-07,Credit,Internet Banking,4469.14,Healthcare,Failed
T004054,A00588,2025-10-02,ATM,ATM,10000.0,Cash Withdrawal,Success
T004055,A00260,2025-05-26,UPI,Mobile,1962.54,Travel,Success
T004056,A00438,2024-07-17,IMPS,Mobile,6559.16,Education,Success
T004057,A00425,2025-04-17,UPI,Mobile,1120.92,Healthcare,Success
T004058,A00221,2025-01-04,NEFT,Mobile,11580.73,Utility,Success
T004059,A00094,2025-05-12,Debit,Mobile,4646.17,Healthcare,Success
T004060,A00591,2024-01-25,IMPS,Branch,34338.11,Retail,Success
T004061,A00525,2024-05-13,Debit,Mobile,6275.27,Loan EMI,Success
T004062,A00029,2024-02-03,Credit,Mobile,3453.71,Education,Success
T004063,A00561,2024-01-01,Debit,Branch,7201.59,Education,Success
T004064,A00164,2024-03-17,Debit,Mobile,608285.56,Travel,Failed
T004065,A00103,2025-01-28,NEFT,Mobile,72152.5,Healthcare,Success
T004066,A00094,2024-12-16,IMPS,Mobile,52825.6,Investment,Failed
T004067,A00406,2025-04-10,UPI,Mobile,2408.99,Healthcare,Success
T004068,A00482,2024-07-04,IMPS,Branch,17154.46,Healthcare,Success
T004069,A00205,2025-04-14,Debit,ATM,14020.19,Education,Success
T004070,A00543,2025-01-31,UPI,Mobile,1706.0,Healthcare,Success
T004071,A00386,2025-09-27,IMPS,Internet Banking,18234.51,Education,Success
T004072,A00207,2024-06-09,ATM,ATM,5000.0,Cash Withdrawal,Success
T004073,A00356,2024-11-11,ATM,ATM,500.0,Cash Withdrawal,Success
T004074,A00533,2024-07-29,UPI,Mobile,1384.6,Travel,Success
T004075,A00005,2025-08-23,UPI,Mobile,314.15,Utility,Success
T004076,A00571,2025-10-18,ATM,ATM,5000.0,Cash Withdrawal,Success
T004077,A00559,2024-12-17,ATM,ATM,5000.0,Cash Withdrawal,Success
T004078,A00403,2025-05-05,NEFT,Branch,13793.19,Education,Failed
T004079,A00206,2025-02-24,Debit,Internet Banking,9912.23,Retail,Success
T004080,A00523,2025-02-09,NEFT,Branch,22570.69,Healthcare,Success
T004081,A00372,2025-08-31,Debit,ATM,13242.28,Healthcare,Success
T004082,A00412,2025-01-29,UPI,Mobile,800.68,Utility,Success
T004083,A00370,2024-12-28,NEFT,Branch,25187.49,Investment,Success
T004084,A00266,2024-11-23,UPI,Mobile,1443.98,Travel,Success
T004085,A00254,2025-03-29,UPI,Mobile,743.68,Retail,Success
T004086,A00559,2025-09-17,Debit,Branch,8199.45,Cash Withdrawal,Success
T004087,A00471,2024-12-23,Debit,Mobile,12076.2,Loan EMI,Success
T004088,A00567,2024-08-09,Debit,ATM,25982.05,Investment,Success
T004089,A00127,2024-09-10,UPI,Mobile,747.6,Healthcare,Success
T004090,A00044,2025-12-14,IMPS,Internet Banking,22654.93,Healthcare,Success
T004091,A00290,2024-03-30,Debit,Internet Banking,18312.63,Education,Reversed
T004092,A00271,2024-01-31,Debit,Mobile,21133.19,Utility,Success
T004093,A00568,2025-04-07,UPI,Mobile,2147.34,Healthcare,Success
T004094,A00420,2025-04-23,Debit,Internet Banking,20803.9,Cash Withdrawal,Reversed
T004095,A00419,2025-03-18,ATM,ATM,1000.0,Cash Withdrawal,Success
T004096,A00143,2025-05-12,Debit,Internet Banking,5688.11,Cash Withdrawal,Success
T004097,A00055,2025-12-26,IMPS,Branch,63370.04,Education,Success
T004098,A00093,2024-01-22,Credit,Internet Banking,16887.88,Investment,Success
T004099,A00116,2025-11-29,NEFT,Mobile,13190.06,Utility,Failed
T004100,A00276,2025-08-29,NEFT,Mobile,25468.17,Retail,Success
T004101,A00208,2024-08-29,NEFT,Internet Banking,4084.35,Healthcare,Success
T004102,A00342,2025-04-02,NEFT,Mobile,35846.77,Education,Success
T004103,A00222,2024-12-15,Credit,ATM,19386.27,Utility,Success
T004104,A00500,2024-01-30,ATM,ATM,10000.0,Cash Withdrawal,Success
T004105,A00503,2024-03-02,UPI,Mobile,945.22,Retail,Success
T004106,A00251,2025-02-12,IMPS,Internet Banking,14558.36,Retail,Success
T004107,A00493,2024-09-16,Debit,ATM,4758.87,Travel,Failed
T004108,A00262,2025-05-25,UPI,Mobile,741666.48,Healthcare,Success
T004109,A00012,2025-05-16,UPI,Mobile,2133.78,Retail,Success
T004110,A00387,2024-05-01,NEFT,Mobile,86554.65,Education,Success
T004111,A00486,2025-06-24,Debit,ATM,1491.29,Loan EMI,Success
T004112,A00207,2024-01-11,Debit,ATM,24396.63,Loan EMI,Failed
T004113,A00349,2025-11-06,Debit,Mobile,11912.74,Cash Withdrawal,Success
T004114,A00512,2024-07-08,UPI,Mobile,2795.53,Retail,Success
T004115,A00590,2025-06-02,Debit,Internet Banking,16277.53,Cash Withdrawal,Failed
T004116,A00458,2025-05-19,ATM,ATM,2000.0,Cash Withdrawal,Success
T004117,A00281,2024-09-24,IMPS,Internet Banking,33499.94,Retail,Success
T004118,A00336,2025-08-24,Debit,Branch,10532.5,Utility,Success
T004119,A00395,2025-03-22,Credit,ATM,13484.91,Utility,Success
T004120,A00056,2024-05-07,ATM,ATM,1000.0,Cash Withdrawal,Failed
T004121,A00039,2024-05-13,UPI,Mobile,1187.67,Healthcare,Success
T004122,A00174,2024-09-08,Debit,Internet Banking,9329.85,Healthcare,Success
T004123,A00257,2024-01-31,UPI,Mobile,2208.1,Retail,Success
T004124,A00062,2024-07-03,ATM,ATM,1000.0,Cash Withdrawal,Success
T004125,A00153,2025-10-05,UPI,Mobile,745.23,Travel,Failed
T004126,A00347,2024-01-05,Credit,Branch,19923.14,Education,Failed
T004127,A00147,2025-12-17,Credit,Internet Banking,18923.1,Utility,Success
T004128,A00564,2024-05-07,NEFT,Internet Banking,22745.08,Retail,Failed
T004129,A00367,2024-10-31,UPI,Mobile,2223.55,Healthcare,Success
T004130,A00474,2025-05-12,UPI,Mobile,2028.14,Travel,Success
T004131,A00157,2024-10-04,NEFT,Mobile,20952.91,Education,Success
T004132,A00398,2024-03-27,UPI,Mobile,2339.29,Healthcare,Success
T004133,A00550,2024-05-21,UPI,Mobile,3906.52,Utility,Success
T004134,A00104,2025-05-31,Debit,ATM,20338.09,Healthcare,Success
T004135,A00563,2025-06-22,ATM,ATM,500.0,Cash Withdrawal,Success
T004136,A00043,2024-09-06,Credit,Mobile,3420.53,Investment,Success
T004137,A00349,2024-11-06,Debit,Internet Banking,14448.64,Investment,Success
T004138,A00016,2025-12-26,ATM,ATM,10000.0,Cash Withdrawal,Success
T004139,A00121,2025-12-31,NEFT,Branch,59164.24,Utility,Success
T004140,A00269,2024-10-22,UPI,Mobile,858.78,Utility,Failed
T004141,A00028,2025-03-30,IMPS,Mobile,64473.76,Retail,Success
T004142,A00374,2025-09-07,ATM,ATM,1000.0,Cash Withdrawal,Success
T004143,A00545,2024-03-20,NEFT,Branch,18132.25,Investment,Success
T004144,A00350,2024-11-03,UPI,Mobile,1178.03,Healthcare,Failed
T004145,A00287,2025-01-16,UPI,Mobile,804.11,Travel,Success
T004146,A00124,2024-05-09,Debit,Internet Banking,5572.89,Utility,Success
T004147,A00262,2025-05-09,UPI,Mobile,143486.95,Retail,Success
T004148,A00351,2025-01-07,UPI,Mobile,423.03,Utility,Success
T004149,A00446,2025-04-17,NEFT,Branch,27877.01,Utility,Success
T004150,A00362,2025-03-07,ATM,ATM,5000.0,Cash Withdrawal,Success
T004151,A00233,2024-12-17,IMPS,Internet Banking,42479.34,Healthcare,Success
T004152,A00022,2025-01-19,Debit,Branch,6381.97,Utility,Success
T004153,A00422,2025-01-04,Debit,Mobile,22026.6,Cash Withdrawal,Failed
T004154,A00213,2024-10-09,Credit,Mobile,9615.83,Retail,Failed
T004155,A00357,2025-07-23,Debit,ATM,27902.43,Healthcare,Failed
T004156,A00387,2025-03-21,NEFT,Internet Banking,9260.88,Healthcare,Failed
T004157,A00226,2024-07-27,Debit,Internet Banking,13813.9,Investment,Success
T004158,A00378,2024-01-08,Debit,Mobile,12105.47,Retail,Success
T004159,A00053,2024-10-27,Debit,Internet Banking,8122.75,Travel,Success
T004160,A00504,2025-07-26,Debit,Branch,10846.55,Travel,Success
T004161,A00244,2024-08-16,Debit,Internet Banking,15127.6,Retail,Success
T004162,A00255,2024-03-11,ATM,ATM,5000.0,Cash Withdrawal,Success
T004163,A00553,2025-06-02,UPI,Mobile,2484.46,Retail,Success
T004164,A00395,2025-07-19,Debit,Mobile,9831.46,Travel,Success
T004165,A00182,2024-02-14,Credit,ATM,13927.26,Retail,Success
T004166,A00250,2025-12-25,Debit,Internet Banking,5899.07,Education,Success
T004167,A00003,2025-11-12,ATM,ATM,1000.0,Cash Withdrawal,Success
T004168,A00554,2024-06-22,IMPS,Internet Banking,54933.71,Retail,Success
T004169,A00316,2024-10-17,IMPS,Mobile,80771.62,Retail,Success
T004170,A00483,2025-03-18,UPI,Mobile,2651.73,Utility,Success
T004171,A00009,2025-07-10,Debit,Mobile,6326.29,Utility,Success
T004172,A00430,2025-03-21,Debit,ATM,5210.4,Utility,Success
T004173,A00290,2024-01-31,Debit,Branch,38409.28,Utility,Success
T004174,A00464,2025-02-20,Debit,ATM,23670.01,Travel,Success
T004175,A00474,2024-11-05,Debit,Branch,16976.4,Cash Withdrawal,Success
T004176,A00093,2024-11-09,IMPS,Mobile,84169.08,Healthcare,Success
T004177,A00355,2024-09-12,Credit,ATM,10612.13,Healthcare,Success
T004178,A00151,2024-07-19,UPI,Mobile,2459.19,Retail,Success
T004179,A00012,2025-07-22,IMPS,Mobile,71227.36,Education,Success
T004180,A00415,2025-03-04,ATM,ATM,10000.0,Cash Withdrawal,Success
T004181,A00573,2024-07-05,NEFT,Branch,26951.45,Investment,Success
T004182,A00143,2024-09-29,Debit,Internet Banking,14441.95,Utility,Success
T004183,A00500,2024-07-31,Debit,ATM,20432.36,Retail,Success
T004184,A00066,2024-07-27,UPI,Mobile,600.3,Healthcare,Success
T004185,A00556,2024-11-30,UPI,Mobile,1094.62,Travel,Success
T004186,A00350,2024-12-01,UPI,Mobile,3015.8,Utility,Success
T004187,A00424,2025-10-29,NEFT,Mobile,38584.35,Healthcare,Success
T004188,A00003,2024-02-25,NEFT,Mobile,35089.47,Utility,Success
T004189,A00421,2025-10-14,ATM,ATM,20000.0,Cash Withdrawal,Success
T004190,A00278,2024-08-07,IMPS,Internet Banking,32197.62,Investment,Success
T004191,A00113,2024-09-18,IMPS,Mobile,69666.7,Investment,Success
T004192,A00186,2024-02-13,Credit,Branch,5351.6,Travel,Success
T004193,A00473,2024-09-13,UPI,Mobile,1035.36,Retail,Success
T004194,A00263,2024-11-29,Credit,Mobile,3659.41,Healthcare,Success
T004195,A00361,2025-02-22,Debit,Mobile,8645.84,Education,Success
T004196,A00583,2024-11-23,Credit,Mobile,11930.51,Cash Withdrawal,Failed
T004197,A00195,2025-12-27,UPI,Mobile,218.97,Healthcare,Success
T004198,A00216,2024-07-09,NEFT,Branch,17580.29,Retail,Success
T004199,A00296,2024-05-11,Debit,Mobile,12307.86,Retail,Failed
T004200,A00539,2025-09-22,IMPS,Branch,45261.91,Healthcare,Success
T004201,A00133,2025-09-09,Credit,ATM,29106.74,Healthcare,Success
T004202,A00314,2025-08-17,NEFT,Mobile,49883.6,Education,Success
T004203,A00139,2025-04-29,Credit,Branch,9575.23,Healthcare,Success
T004204,A00119,2024-10-23,Debit,Branch,11722.01,Retail,Success
T004205,A00517,2025-05-05,ATM,ATM,20000.0,Cash Withdrawal,Success
T004206,A00042,2025-03-14,Credit,Branch,11986.31,Utility,Success
T004207,A00487,2024-10-21,Debit,Branch,7855.2,Loan EMI,Reversed
T004208,A00251,2024-06-07,Credit,Branch,12650.51,Travel,Success
T004209,A00262,2024-03-30,Credit,Internet Banking,7588.05,Investment,Success
T004210,A00184,2024-08-14,Debit,Mobile,13059.53,Investment,Success
T004211,A00023,2025-03-04,ATM,ATM,2000.0,Cash Withdrawal,Success
T004212,A00157,2025-03-07,UPI,Mobile,1432.68,Travel,Success
T004213,A00430,2025-10-06,NEFT,Branch,28454.3,Utility,Success
T004214,A00119,2024-01-08,Credit,ATM,9469.97,Investment,Success
T004215,A00003,2024-11-22,UPI,Mobile,2542.11,Retail,Failed
T004216,A00087,2025-12-15,UPI,Mobile,2376.33,Healthcare,Success
T004217,A00214,2024-07-03,IMPS,Mobile,27382.03,Investment,Success
T004218,A00243,2024-01-18,UPI,Mobile,2474.84,Utility,Success
T004219,A00340,2024-03-24,NEFT,Mobile,31722.27,Education,Success
T004220,A00472,2025-08-18,Debit,Branch,10377.01,Travel,Success
T004221,A00155,2024-10-04,Credit,ATM,7860.06,Investment,Success
T004222,A00351,2024-04-23,UPI,Mobile,4216.49,Travel,Success
T004223,A00067,2024-11-26,ATM,ATM,10000.0,Cash Withdrawal,Success
T004224,A00104,2024-02-21,UPI,Mobile,3927.69,Travel,Success
T004225,A00261,2024-08-17,IMPS,Internet Banking,437395.75,Investment,Success
T004226,A00321,2024-07-17,UPI,Mobile,673742.23,Retail,Success
T004227,A00126,2025-02-19,NEFT,Mobile,43260.31,Investment,Success
T004228,A00154,2024-04-08,NEFT,Internet Banking,48748.11,Education,Success
T004229,A00193,2024-12-15,ATM,ATM,10000.0,Cash Withdrawal,Success
T004230,A00236,2024-08-05,IMPS,Branch,14510.52,Retail,Success
T004231,A00575,2025-01-18,Debit,Mobile,5679.99,Loan EMI,Success
T004232,A00038,2024-12-29,UPI,Mobile,2225.89,Healthcare,Success
T004233,A00251,2024-02-01,ATM,ATM,500.0,Cash Withdrawal,Success
T004234,A00386,2025-08-26,Credit,Internet Banking,3395.51,Education,Success
T004235,A00521,2025-08-25,Debit,Internet Banking,6757.82,Cash Withdrawal,Success
T004236,A00271,2024-11-03,Credit,ATM,18477.37,Cash Withdrawal,Success
T004237,A00156,2024-12-08,UPI,Mobile,2652.13,Utility,Success
T004238,A00407,2025-01-12,Credit,ATM,26403.41,Investment,Success
T004239,A00573,2025-10-25,Debit,Branch,31735.07,Utility,Success
T004240,A00167,2025-02-24,Credit,Branch,47746.77,Investment,Success
T004241,A00067,2024-05-04,UPI,Mobile,1124.94,Retail,Success
T004242,A00232,2025-03-22,NEFT,Branch,21222.1,Utility,Success
T004243,A00004,2025-07-23,Credit,Internet Banking,14043.61,Retail,Success
T004244,A00143,2025-05-26,ATM,ATM,20000.0,Cash Withdrawal,Success
T004245,A00559,2025-04-17,UPI,Mobile,429.59,Healthcare,Success
T004246,A00089,2024-10-11,ATM,ATM,5000.0,Cash Withdrawal,Success
T004247,A00136,2024-04-12,Credit,ATM,9169.45,Investment,Success
T004248,A00426,2024-11-09,UPI,Mobile,1670.61,Healthcare,Success
T004249,A00385,2025-02-03,ATM,ATM,10000.0,Cash Withdrawal,Reversed
T004250,A00176,2024-06-01,Credit,Mobile,14721.1,Education,Success
T004251,A00491,2024-10-16,ATM,ATM,20000.0,Cash Withdrawal,Success
T004252,A00050,2025-05-22,Debit,Internet Banking,15729.89,Loan EMI,Success
T004253,A00560,2025-03-02,UPI,Mobile,1209.52,Travel,Success
T004254,A00137,2024-04-25,UPI,Mobile,496.33,Healthcare,Success
T004255,A00299,2025-05-26,UPI,Mobile,604.24,Travel,Reversed
T004256,A00354,2025-11-01,UPI,Mobile,187.81,Travel,Success
T004257,A00502,2024-05-07,Credit,Branch,7273.42,Retail,Success
T004258,A00064,2025-12-14,Debit,ATM,3660.71,Investment,Success
T004259,A00406,2025-05-17,Credit,Mobile,7637.56,Investment,Success
T004260,A00222,2025-01-13,Debit,Mobile,13954.33,Education,Success
T004261,A00591,2025-05-04,UPI,Mobile,507.71,Retail,Success
T004262,A00139,2025-06-11,NEFT,Branch,35749.27,Healthcare,Success
T004263,A00352,2024-07-01,UPI,Mobile,1199.25,Travel,Success
T004264,A00294,2025-07-16,IMPS,Mobile,42531.81,Healthcare,Success
T004265,A00165,2025-02-16,UPI,Mobile,2256.57,Travel,Success
T004266,A00482,2024-08-24,UPI,Mobile,1140.67,Travel,Success
T004267,A00233,2024-03-25,UPI,Mobile,1502.59,Healthcare,Success
T004268,A00009,2024-09-07,UPI,Mobile,1202.99,Utility,Success
T004269,A00469,2025-01-17,NEFT,Branch,23563.42,Utility,Failed
T004270,A00528,2025-05-09,NEFT,Branch,19342.47,Utility,Success
T004271,A00132,2025-11-16,Debit,ATM,14652.87,Healthcare,Success
T004272,A00080,2024-03-11,ATM,ATM,5000.0,Cash Withdrawal,Success
T004273,A00148,2025-04-15,Credit,ATM,23625.17,Retail,Success
T004274,A00397,2025-04-06,UPI,Mobile,3313.61,Healthcare,Success
T004275,A00208,2024-07-23,UPI,Mobile,462.46,Healthcare,Success
T004276,A00492,2024-01-05,NEFT,Branch,76322.76,Education,Success
T004277,A00287,2024-08-21,NEFT,Branch,15877.96,Education,Success
T004278,A00071,2024-01-17,Debit,Internet Banking,11912.23,Loan EMI,Success
T004279,A00296,2025-08-21,Credit,Mobile,13310.2,Travel,Success
T004280,A00539,2025-07-12,NEFT,Branch,8717.25,Healthcare,Failed
T004281,A00120,2024-08-07,IMPS,Branch,29485.35,Retail,Success
T004282,A00341,2024-08-03,UPI,Mobile,3700.36,Retail,Success
T004283,A00533,2024-02-08,NEFT,Mobile,3243.36,Healthcare,Success
T004284,A00097,2025-02-25,Debit,Branch,40166.19,Investment,Success
T004285,A00355,2024-11-27,Debit,Branch,1836.13,Retail,Failed
T004286,A00243,2024-12-15,ATM,ATM,5000.0,Cash Withdrawal,Success
T004287,A00151,2025-11-10,Debit,ATM,13094.44,Retail,Success
T004288,A00475,2024-09-09,ATM,ATM,1000.0,Cash Withdrawal,Success
T004289,A00064,2025-10-01,IMPS,Mobile,9130.57,Healthcare,Success
T004290,A00052,2025-03-03,Credit,Branch,14448.27,Travel,Success
T004291,A00381,2024-04-20,Debit,ATM,21354.92,Utility,Success
T004292,A00090,2024-06-30,Credit,Branch,17909.56,Utility,Success
T004293,A00359,2025-02-12,Credit,Mobile,19741.64,Healthcare,Success
T004294,A00090,2025-06-25,ATM,ATM,2000.0,Cash Withdrawal,Success
T004295,A00208,2025-03-21,Debit,Mobile,8962.8,Utility,Reversed
T004296,A00069,2024-12-02,IMPS,Branch,79024.33,Education,Success
T004297,A00105,2025-11-13,Debit,Internet Banking,34794.53,Utility,Success
T004298,A00186,2024-11-07,UPI,Mobile,1608.62,Travel,Success
T004299,A00122,2025-10-20,ATM,ATM,20000.0,Cash Withdrawal,Success
T004300,A00284,2025-05-30,Credit,Mobile,158863.53,Cash Withdrawal,Success
T004301,A00385,2025-12-11,ATM,ATM,10000.0,Cash Withdrawal,Success
T004302,A00302,2024-06-21,UPI,Mobile,184494.4,Travel,Success
T004303,A00032,2024-04-20,UPI,Mobile,2526.76,Retail,Success
T004304,A00540,2025-10-24,Debit,ATM,20322.36,Investment,Success
T004305,A00556,2025-02-04,UPI,Mobile,1100.35,Utility,Success
T004306,A00154,2025-04-19,Debit,Mobile,27355.46,Education,Success
T004307,A00347,2025-09-13,IMPS,Mobile,52079.15,Education,Success
T004308,A00130,2024-11-16,Debit,Branch,11432.2,Travel,Success
T004309,A00100,2024-04-10,Debit,ATM,13371.13,Utility,Success
T004310,A00569,2024-06-23,NEFT,Internet Banking,14690.6,Education,Success
T004311,A00013,2024-05-08,Credit,ATM,17073.61,Investment,Success
T004312,A00085,2025-10-06,Debit,Branch,5333.95,Retail,Success
T004313,A00267,2024-06-11,Debit,Internet Banking,7530.5,Loan EMI,Success
T004314,A00507,2025-01-29,Credit,Branch,10305.91,Education,Success
T004315,A00571,2025-05-20,UPI,Mobile,4940.07,Healthcare,Success
T004316,A00321,2024-02-23,IMPS,Branch,39804.22,Healthcare,Success
T004317,A00041,2025-04-04,ATM,ATM,1000.0,Cash Withdrawal,Success
T004318,A00054,2024-01-21,Debit,Branch,5748.81,Retail,Success
T004319,A00076,2024-01-20,ATM,ATM,10000.0,Cash Withdrawal,Success
T004320,A00152,2024-10-17,NEFT,Internet Banking,42236.2,Education,Success
T004321,A00308,2024-03-07,UPI,Mobile,2280.73,Travel,Success
T004322,A00464,2025-12-27,ATM,ATM,10000.0,Cash Withdrawal,Success
T004323,A00231,2025-07-22,ATM,ATM,10000.0,Cash Withdrawal,Failed
T004324,A00201,2025-01-25,UPI,Mobile,3389.32,Travel,Success
T004325,A00456,2025-06-12,Credit,Mobile,10655.57,Cash Withdrawal,Success
T004326,A00374,2025-04-12,NEFT,Internet Banking,19032.23,Utility,Success
T004327,A00247,2024-03-13,NEFT,Branch,122512.88,Healthcare,Success
T004328,A00084,2025-10-28,Debit,Branch,13422.56,Cash Withdrawal,Success
T004329,A00367,2024-01-08,NEFT,Branch,16962.44,Utility,Success
T004330,A00587,2024-10-31,UPI,Mobile,1461.95,Healthcare,Success
T004331,A00402,2025-05-31,UPI,Mobile,987.61,Healthcare,Success
T004332,A00582,2024-01-12,NEFT,Branch,75841.6,Education,Success
T004333,A00271,2025-07-19,Debit,ATM,15597.79,Cash Withdrawal,Success
T004334,A00394,2025-08-19,Debit,Mobile,8690.18,Education,Success
T004335,A00036,2024-12-01,UPI,Mobile,3044.95,Utility,Success
T004336,A00220,2025-11-06,ATM,ATM,500.0,Cash Withdrawal,Success
T004337,A00105,2024-01-27,UPI,Mobile,1371.88,Healthcare,Success
T004338,A00242,2025-03-15,Debit,ATM,10427.45,Retail,Success
T004339,A00032,2024-09-14,Credit,Branch,6284.91,Loan EMI,Success
T004340,A00148,2024-08-30,Debit,Internet Banking,6247.58,Loan EMI,Success
T004341,A00499,2024-02-10,IMPS,Internet Banking,117408.39,Investment,Success
T004342,A00118,2024-05-23,UPI,Mobile,2947.15,Healthcare,Success
T004343,A00561,2025-09-29,ATM,ATM,10000.0,Cash Withdrawal,Success
T004344,A00326,2025-11-21,UPI,Mobile,226.04,Utility,Failed
T004345,A00126,2024-03-13,IMPS,Mobile,15223.57,Education,Success
T004346,A00531,2024-08-10,Credit,ATM,4414.91,Education,Reversed
T004347,A00017,2025-07-01,UPI,Mobile,1570.69,Travel,Success
T004348,A00462,2024-12-08,NEFT,Branch,24394.17,Education,Success
T004349,A00247,2025-06-29,Credit,Mobile,26073.44,Education,Success
T004350,A00396,2024-04-04,ATM,ATM,500.0,Cash Withdrawal,Success
T004351,A00323,2024-03-18,ATM,ATM,500.0,Cash Withdrawal,Success
T004352,A00141,2025-06-14,Debit,Internet Banking,8602.93,Travel,Success
T004353,A00568,2025-04-01,UPI,Mobile,5191.39,Travel,Success
T004354,A00511,2024-01-12,Debit,Branch,10228.33,Retail,Success
T004355,A00529,2024-09-18,Debit,Branch,37331.19,Cash Withdrawal,Success
T004356,A00440,2025-01-04,Credit,Mobile,9411.35,Retail,Success
T004357,A00068,2024-01-13,UPI,Mobile,1297.0,Retail,Success
T004358,A00390,2024-12-07,IMPS,Mobile,62915.0,Retail,Success
T004359,A00505,2024-05-30,ATM,ATM,1000.0,Cash Withdrawal,Success
T004360,A00379,2025-03-09,ATM,ATM,20000.0,Cash Withdrawal,Success
T004361,A00522,2025-01-21,NEFT,Internet Banking,56981.05,Retail,Success
T004362,A00590,2025-05-23,ATM,ATM,5000.0,Cash Withdrawal,Success
T004363,A00468,2025-01-14,NEFT,Internet Banking,10776.55,Retail,Success
T004364,A00135,2024-08-06,UPI,Mobile,1599.58,Retail,Success
T004365,A00488,2025-10-20,UPI,Mobile,1059.61,Travel,Success
T004366,A00237,2024-02-09,Debit,Mobile,7617.31,Cash Withdrawal,Success
T004367,A00438,2025-06-06,NEFT,Internet Banking,35581.73,Healthcare,Success
T004368,A00120,2025-07-05,UPI,Mobile,1189.49,Retail,Failed
T004369,A00428,2024-11-15,ATM,ATM,500.0,Cash Withdrawal,Success
T004370,A00113,2024-12-22,NEFT,Mobile,38304.73,Retail,Success
T004371,A00112,2025-07-06,UPI,Mobile,617.72,Travel,Success
T004372,A00034,2025-01-05,IMPS,Mobile,8534.06,Retail,Success
T004373,A00192,2025-04-03,Credit,ATM,19937.97,Cash Withdrawal,Success
T004374,A00551,2024-11-17,NEFT,Mobile,71141.5,Utility,Success
T004375,A00501,2025-10-12,Credit,ATM,19174.05,Education,Success
T004376,A00195,2024-02-26,ATM,ATM,2000.0,Cash Withdrawal,Success
T004377,A00357,2024-08-12,ATM,ATM,2000.0,Cash Withdrawal,Success
T004378,A00037,2025-04-05,ATM,ATM,10000.0,Cash Withdrawal,Success
T004379,A00487,2025-04-24,ATM,ATM,10000.0,Cash Withdrawal,Success
T004380,A00173,2025-10-21,ATM,ATM,20000.0,Cash Withdrawal,Failed
T004381,A00112,2024-02-02,ATM,ATM,5000.0,Cash Withdrawal,Success
T004382,A00010,2024-10-10,Credit,ATM,11087.99,Loan EMI,Success
T004383,A00131,2024-06-26,Debit,Mobile,8378.43,Loan EMI,Success
T004384,A00016,2024-10-13,Credit,Mobile,6889.84,Cash Withdrawal,Success
T004385,A00085,2025-06-18,UPI,Mobile,753.01,Utility,Success
T004386,A00311,2024-11-03,NEFT,Mobile,31607.0,Utility,Success
T004387,A00444,2025-04-26,Credit,Mobile,21531.56,Travel,Success
T004388,A00015,2024-08-24,Debit,ATM,6468.73,Loan EMI,Success
T004389,A00312,2024-08-17,NEFT,Internet Banking,70081.89,Healthcare,Success
T004390,A00401,2025-11-06,UPI,Mobile,363.32,Healthcare,Success
T004391,A00062,2024-08-06,UPI,Mobile,1790.12,Retail,Failed
T004392,A00547,2024-04-13,NEFT,Mobile,45634.62,Retail,Success
T004393,A00150,2024-09-24,UPI,Mobile,972.46,Travel,Success
T004394,A00563,2024-05-04,Credit,Branch,4795.53,Retail,Success
T004395,A00306,2024-09-07,Credit,Mobile,18330.0,Cash Withdrawal,Success
T004396,A00395,2024-04-09,UPI,Mobile,1549.21,Retail,Success
T004397,A00084,2025-05-01,Credit,Branch,44131.49,Cash Withdrawal,Success
T004398,A00286,2024-07-21,ATM,ATM,1000.0,Cash Withdrawal,Success
T004399,A00502,2024-10-30,Credit,ATM,21733.59,Education,Success
T004400,A00162,2024-07-29,Credit,ATM,21839.96,Cash Withdrawal,Success
T004401,A00028,2025-10-17,Credit,Internet Banking,1036.65,Retail,Success
T004402,A00427,2025-10-27,UPI,Mobile,841.32,Retail,Success
T004403,A00135,2024-06-29,Credit,ATM,4352.6,Cash Withdrawal,Success
T004404,A00468,2025-10-31,IMPS,Internet Banking,4635.74,Education,Success
T004405,A00143,2024-11-19,NEFT,Internet Banking,32666.3,Utility,Success
T004406,A00333,2025-11-15,ATM,ATM,10000.0,Cash Withdrawal,Success
T004407,A00149,2025-02-27,NEFT,Internet Banking,58025.74,Retail,Success
T004408,A00335,2024-08-02,UPI,Mobile,635.99,Utility,Success
T004409,A00565,2024-05-10,ATM,ATM,10000.0,Cash Withdrawal,Success
T004410,A00284,2025-09-18,UPI,Mobile,188.79,Utility,Success
T004411,A00202,2024-05-16,Debit,ATM,5519.94,Education,Success
T004412,A00218,2025-11-16,ATM,ATM,20000.0,Cash Withdrawal,Success
T004413,A00542,2025-06-14,Credit,Mobile,9699.64,Loan EMI,Success
T004414,A00542,2024-03-31,UPI,Mobile,1245.98,Healthcare,Success
T004415,A00313,2024-05-14,Debit,ATM,10911.13,Loan EMI,Success
T004416,A00303,2024-10-07,UPI,Mobile,2040.98,Utility,Success
T004417,A00325,2025-03-13,Debit,Mobile,10730.82,Retail,Success
T004418,A00567,2025-06-07,IMPS,Mobile,60184.72,Education,Success
T004419,A00489,2025-01-07,NEFT,Internet Banking,15284.58,Healthcare,Success
T004420,A00374,2025-10-29,NEFT,Branch,170473.09,Healthcare,Success
T004421,A00268,2024-01-25,UPI,Mobile,2287.58,Utility,Failed
T004422,A00209,2025-09-09,UPI,Mobile,1851.01,Retail,Success
T004423,A00234,2024-05-24,NEFT,Branch,101820.25,Education,Success
T004424,A00150,2025-02-10,IMPS,Mobile,15843.85,Utility,Success
T004425,A00131,2025-12-03,Debit,Mobile,15915.42,Education,Success
T004426,A00243,2025-11-27,IMPS,Branch,20365.15,Education,Success
T004427,A00542,2025-06-27,Debit,ATM,6278.59,Utility,Success
T004428,A00163,2025-12-03,IMPS,Mobile,67950.02,Utility,Success
T004429,A00278,2025-08-06,UPI,Mobile,1470.92,Utility,Success
T004430,A00376,2025-12-29,UPI,Mobile,1827.8,Healthcare,Success
T004431,A00182,2025-04-04,ATM,ATM,20000.0,Cash Withdrawal,Success
T004432,A00305,2025-11-28,ATM,ATM,20000.0,Cash Withdrawal,Success
T004433,A00113,2025-06-25,Debit,Branch,7219.16,Cash Withdrawal,Success
T004434,A00220,2025-02-07,NEFT,Internet Banking,22658.92,Healthcare,Success
T004435,A00286,2025-12-28,Credit,ATM,3055.63,Retail,Failed
T004436,A00357,2025-11-10,Debit,Mobile,12229.57,Utility,Success
T004437,A00083,2024-05-05,IMPS,Mobile,14019.71,Utility,Success
T004438,A00138,2025-06-28,ATM,ATM,1000.0,Cash Withdrawal,Success
T004439,A00310,2025-11-26,UPI,Mobile,1341.3,Utility,Failed
T004440,A00561,2024-05-18,UPI,Mobile,2768.58,Healthcare,Success
T004441,A00191,2024-07-30,UPI,Mobile,240.78,Utility,Success
T004442,A00241,2025-10-16,IMPS,Mobile,174022.89,Investment,Success
T004443,A00471,2025-06-16,IMPS,Branch,18272.09,Healthcare,Success
T004444,A00083,2024-12-18,Credit,Mobile,10018.64,Utility,Success
T004445,A00174,2024-03-10,Debit,ATM,12882.42,Investment,Success
T004446,A00407,2024-12-17,Debit,Internet Banking,6026.23,Travel,Success
T004447,A00262,2024-04-24,IMPS,Mobile,497456.34,Investment,Success
T004448,A00485,2024-08-15,Credit,ATM,21357.47,Retail,Success
T004449,A00245,2025-04-23,UPI,Mobile,2562.72,Travel,Success
T004450,A00509,2024-07-16,NEFT,Mobile,27762.33,Utility,Success
T004451,A00053,2024-06-12,ATM,ATM,5000.0,Cash Withdrawal,Reversed
T004452,A00028,2025-06-22,Credit,Mobile,10819.88,Retail,Success
T004453,A00181,2024-01-29,UPI,Mobile,1668.59,Healthcare,Success
T004454,A00128,2025-06-18,UPI,Mobile,2245.33,Utility,Success
T004455,A00344,2025-08-06,UPI,Mobile,2361.0,Retail,Success
T004456,A00348,2025-09-27,IMPS,Branch,50752.07,Retail,Failed
T004457,A00121,2025-04-16,Debit,Mobile,8087.13,Education,Success
T004458,A00587,2025-06-22,UPI,Mobile,1628.65,Healthcare,Success
T004459,A00300,2024-03-09,UPI,Mobile,2984.44,Retail,Success
T004460,A00297,2024-05-04,IMPS,Internet Banking,122315.68,Utility,Success
T004461,A00453,2025-05-20,UPI,Mobile,1594.46,Healthcare,Success
T004462,A00359,2024-01-06,UPI,Mobile,955.67,Retail,Success
T004463,A00468,2024-06-29,IMPS,Mobile,17492.4,Healthcare,Success
T004464,A00135,2025-04-01,Credit,Internet Banking,15993.18,Healthcare,Failed
T004465,A00305,2025-12-07,Credit,ATM,2932.16,Education,Success
T004466,A00344,2024-02-17,ATM,ATM,20000.0,Cash Withdrawal,Success
T004467,A00112,2025-05-13,NEFT,Mobile,51366.18,Investment,Success
T004468,A00213,2025-08-10,IMPS,Internet Banking,51975.52,Healthcare,Failed
T004469,A00402,2025-04-04,Debit,Mobile,7516.04,Loan EMI,Success
T004470,A00449,2025-07-31,UPI,Mobile,1796.33,Utility,Success
T004471,A00079,2024-03-29,Credit,Internet Banking,9288.66,Loan EMI,Failed
T004472,A00308,2024-04-03,UPI,Mobile,423.26,Travel,Success
T004473,A00337,2024-08-09,UPI,Mobile,2225.95,Retail,Success
T004474,A00224,2024-04-22,UPI,Mobile,2085.14,Utility,Success
T004475,A00557,2024-05-30,IMPS,Mobile,24043.82,Investment,Success
T004476,A00015,2024-10-03,UPI,Mobile,5742.43,Utility,Success
T004477,A00212,2025-02-02,Debit,Internet Banking,10880.37,Healthcare,Success
T004478,A00462,2025-12-14,IMPS,Internet Banking,5561.92,Utility,Success
T004479,A00232,2025-11-15,IMPS,Branch,66839.23,Investment,Success
T004480,A00363,2025-05-23,Credit,ATM,17732.3,Investment,Reversed
T004481,A00076,2024-06-07,NEFT,Internet Banking,61465.5,Utility,Success
T004482,A00540,2025-08-12,Debit,Mobile,5071.65,Healthcare,Success
T004483,A00190,2024-12-14,NEFT,Mobile,477756.48,Utility,Success
T004484,A00001,2024-12-07,IMPS,Branch,33346.05,Investment,Success
T004485,A00217,2024-02-01,Debit,ATM,9603.38,Travel,Failed
T004486,A00433,2024-12-12,ATM,ATM,1000.0,Cash Withdrawal,Success
T004487,A00571,2024-09-30,UPI,Mobile,3654.78,Healthcare,Success
T004488,A00029,2025-05-25,NEFT,Mobile,290649.03,Utility,Success
T004489,A00295,2024-09-02,Debit,Internet Banking,8149.08,Retail,Success
T004490,A00083,2025-11-07,UPI,Mobile,1072.89,Utility,Success
T004491,A00412,2025-07-27,UPI,Mobile,577.11,Healthcare,Failed
T004492,A00490,2025-03-23,Debit,Mobile,11701.49,Healthcare,Success
T004493,A00320,2024-01-07,ATM,ATM,2000.0,Cash Withdrawal,Success
T004494,A00467,2025-03-15,Credit,Branch,25099.47,Cash Withdrawal,Success
T004495,A00326,2024-03-09,Debit,Internet Banking,8624.7,Healthcare,Success
T004496,A00264,2024-04-21,ATM,ATM,10000.0,Cash Withdrawal,Success
T004497,A00448,2024-07-31,ATM,ATM,20000.0,Cash Withdrawal,Success
T004498,A00168,2024-05-19,Debit,Branch,12934.62,Utility,Success
T004499,A00025,2024-01-15,UPI,Mobile,1290.74,Retail,Failed
T004500,A00007,2024-10-23,ATM,ATM,10000.0,Cash Withdrawal,Success
T004501,A00449,2025-04-09,IMPS,Mobile,31521.13,Utility,Success
T004502,A00280,2024-04-23,ATM,ATM,5000.0,Cash Withdrawal,Success
T004503,A00008,2024-10-30,Debit,Branch,18229.5,Travel,Success
T004504,A00329,2025-01-14,UPI,Mobile,570.0,Healthcare,Success
T004505,A00480,2025-02-13,IMPS,Mobile,8797.0,Healthcare,Success
T004506,A00514,2025-02-07,Credit,ATM,569849.99,Utility,Failed
T004507,A00147,2025-08-23,UPI,Mobile,962.77,Utility,Failed
T004508,A00074,2025-05-17,Debit,ATM,8217.81,Loan EMI,Success
T004509,A00535,2025-05-14,IMPS,Mobile,137663.62,Education,Success
T004510,A00175,2024-01-06,UPI,Mobile,2603.56,Utility,Success
T004511,A00179,2025-09-01,NEFT,Mobile,16511.82,Investment,Success
T004512,A00292,2024-02-05,Credit,Internet Banking,21524.92,Utility,Success
T004513,A00462,2024-07-26,UPI,Mobile,2646.04,Travel,Success
T004514,A00271,2024-09-10,Credit,Mobile,401.87,Education,Success
T004515,A00251,2024-09-04,NEFT,Internet Banking,37469.36,Utility,Success
T004516,A00542,2024-09-26,ATM,ATM,5000.0,Cash Withdrawal,Success
T004517,A00344,2024-12-17,UPI,Mobile,597.22,Utility,Success
T004518,A00378,2024-06-06,UPI,Mobile,1399.64,Retail,Success
T004519,A00440,2025-09-15,UPI,Mobile,5813.69,Utility,Success
T004520,A00558,2024-08-04,Debit,Internet Banking,18711.75,Education,Success
T004521,A00094,2025-11-03,Debit,ATM,20291.37,Investment,Failed
T004522,A00462,2024-09-10,ATM,ATM,0.0,Cash Withdrawal,Success
T004523,A00377,2025-12-28,NEFT,Branch,29202.7,Healthcare,Success
T004524,A00569,2024-05-24,Debit,Internet Banking,20349.33,Retail,Success
T004525,A00117,2025-03-18,Credit,Internet Banking,6343.23,Cash Withdrawal,Success
T004526,A00177,2025-08-29,Debit,ATM,11887.76,Utility,Success
T004527,A00123,2025-05-11,IMPS,Mobile,58477.65,Investment,Success
T004528,A00050,2024-04-02,NEFT,Internet Banking,57296.94,Investment,Failed
T004529,A00528,2024-03-19,UPI,Mobile,379.16,Retail,Reversed
T004530,A00333,2025-11-23,NEFT,Internet Banking,105945.5,Investment,Success
T004531,A00166,2024-04-13,IMPS,Internet Banking,15931.15,Education,Success
T004532,A00289,2024-12-26,ATM,ATM,5000.0,Cash Withdrawal,Success
T004533,A00286,2025-03-03,ATM,ATM,1000.0,Cash Withdrawal,Success
T004534,A00455,2025-02-21,Debit,Branch,45299.15,Education,Success
T004535,A00557,2024-06-08,Debit,Branch,18516.7,Investment,Success
T004536,A00574,2024-04-03,IMPS,Internet Banking,56286.55,Investment,Success
T004537,A00333,2025-09-01,ATM,ATM,2000.0,Cash Withdrawal,Success
T004538,A00167,2024-03-03,Credit,ATM,5823.81,Cash Withdrawal,Failed
T004539,A00051,2025-05-14,Debit,Mobile,7595.43,Education,Success
T004540,A00193,2025-06-11,Credit,Internet Banking,30326.1,Retail,Success
T004541,A00321,2024-07-26,Credit,Mobile,27960.79,Loan EMI,Success
T004542,A00183,2024-08-29,ATM,ATM,20000.0,Cash Withdrawal,Failed
T004543,A00136,2025-05-15,UPI,Mobile,1321.59,Travel,Success
T004544,A00271,2025-03-27,Debit,Internet Banking,9138.82,Utility,Success
T004545,A00237,2024-12-11,Debit,Mobile,9325.46,Cash Withdrawal,Success
T004546,A00414,2025-02-20,UPI,Mobile,3259.31,Utility,Success
T004547,A00229,2025-08-13,ATM,ATM,1000.0,Cash Withdrawal,Success
T004548,A00053,2024-05-22,IMPS,Mobile,65882.23,Utility,Success
T004549,A00268,2024-08-15,UPI,Mobile,1997.75,Retail,Success
T004550,A00575,2025-09-19,UPI,Mobile,1679.59,Utility,Success
T004551,A00477,2025-04-29,Debit,Mobile,9621.17,Utility,Success
T004552,A00045,2024-08-14,UPI,Mobile,6949.56,Retail,Success
T004553,A00472,2024-12-20,UPI,Mobile,424.49,Utility,Success
T004554,A00092,2024-10-21,NEFT,Internet Banking,25166.9,Utility,Success
T004555,A00186,2024-02-04,NEFT,Branch,41987.76,Healthcare,Success
T004556,A00346,2025-09-04,Credit,Mobile,3095.9,Cash Withdrawal,Success
T004557,A00265,2024-08-08,Debit,ATM,7230.85,Cash Withdrawal,Success
T004558,A00448,2025-08-25,Credit,Branch,36323.07,Utility,Reversed
T004559,A00008,2025-10-08,Credit,Branch,19499.23,Utility,Failed
T004560,A00423,2025-05-27,Debit,Branch,7188.37,Loan EMI,Success
T004561,A00541,2025-04-01,IMPS,Mobile,21030.03,Healthcare,Success
T004562,A00230,2024-07-11,UPI,Mobile,427.79,Utility,Success
T004563,A00045,2024-03-02,ATM,ATM,1000.0,Cash Withdrawal,Success
T004564,A00548,2025-03-10,UPI,Mobile,1048.39,Healthcare,Success
T004565,A00301,2025-02-16,Debit,Internet Banking,15580.51,Travel,Success
T004566,A00328,2025-04-18,ATM,ATM,1000.0,Cash Withdrawal,Success
T004567,A00228,2024-08-13,Debit,ATM,13903.01,Investment,Success
T004568,A00443,2025-06-25,Debit,Mobile,8233.4,Healthcare,Success
T004569,A00212,2024-12-06,Credit,ATM,5394.62,Loan EMI,Failed
T004570,A00071,2025-06-11,Debit,Internet Banking,9532.82,Investment,Success
T004571,A00384,2025-08-16,UPI,Mobile,649948.74,Healthcare,Success
T004572,A00241,2025-12-23,Debit,ATM,17951.6,Utility,Success
T004573,A00287,2025-06-12,Debit,Branch,211829.1,Travel,Failed
T004574,A00134,2024-11-29,Credit,ATM,11529.45,Healthcare,Failed
T004575,A00392,2024-07-21,UPI,Mobile,3457.06,Travel,Success
T004576,A00047,2024-10-06,Credit,Branch,27804.61,Investment,Success
T004577,A00505,2024-02-17,UPI,Mobile,1972.75,Travel,Success
T004578,A00150,2024-05-04,Credit,Branch,14016.24,Healthcare,Success
T004579,A00200,2025-09-12,Credit,ATM,9993.65,Retail,Reversed
T004580,A00324,2025-08-04,Debit,Branch,5765.18,Cash Withdrawal,Success
T004581,A00349,2024-07-21,UPI,Mobile,2800.12,Healthcare,Success
T004582,A00313,2025-05-25,UPI,Mobile,2431.08,Retail,Failed
T004583,A00539,2024-06-08,Debit,Internet Banking,10558.32,Investment,Success
T004584,A00328,2025-12-05,UPI,Mobile,1788.46,Healthcare,Success
T004585,A00328,2024-08-03,UPI,Mobile,3301.58,Travel,Success
T004586,A00017,2025-06-26,Debit,Branch,24145.76,Healthcare,Success
T004587,A00510,2024-07-07,Debit,Branch,1085.48,Education,Success
T004588,A00348,2025-04-03,ATM,ATM,1000.0,Cash Withdrawal,Success
T004589,A00323,2025-02-26,IMPS,Branch,20417.25,Retail,Success
T004590,A00057,2025-11-29,Debit,Branch,10534.97,Education,Success
T004591,A00267,2025-10-15,Debit,Internet Banking,4763.97,Investment,Success
T004592,A00106,2024-11-01,UPI,Mobile,1823.84,Healthcare,Success
T004593,A00403,2025-06-09,Debit,Internet Banking,7110.7,Loan EMI,Success
T004594,A00178,2024-10-05,IMPS,Branch,41393.5,Education,Success
T004595,A00383,2024-03-26,UPI,Mobile,947.48,Healthcare,Success
T004596,A00091,2024-08-23,ATM,ATM,2000.0,Cash Withdrawal,Success
T004597,A00576,2024-08-21,ATM,ATM,1000.0,Cash Withdrawal,Success
T004598,A00580,2024-01-29,Credit,Branch,7496.28,Cash Withdrawal,Success
T004599,A00142,2025-10-22,NEFT,Internet Banking,41171.52,Healthcare,Success
T004600,A00261,2025-10-08,IMPS,Branch,62562.2,Utility,Success
T004601,A00165,2024-06-12,IMPS,Internet Banking,51057.28,Utility,Success
T004602,A00390,2024-07-03,Credit,Branch,10595.87,Education,Success
T004603,A00228,2024-03-15,IMPS,Internet Banking,6087.93,Healthcare,Success
T004604,A00069,2024-10-25,ATM,ATM,10000.0,Cash Withdrawal,Success
T004605,A00518,2024-02-16,Debit,Mobile,7364.97,Investment,Success
T004606,A00119,2024-07-06,UPI,Mobile,875.06,Retail,Failed
T004607,A00104,2025-11-10,NEFT,Mobile,55316.78,Education,Success
T004608,A00015,2024-01-08,ATM,ATM,20000.0,Cash Withdrawal,Success
T004609,A00083,2025-04-19,Debit,ATM,12035.4,Education,Success
T004610,A00313,2024-11-12,UPI,Mobile,1738.11,Utility,Success
T004611,A00544,2025-05-07,Credit,Mobile,5969.21,Healthcare,Success
T004612,A00465,2025-09-25,Credit,Internet Banking,24741.51,Retail,Success
T004613,A00483,2024-01-12,Credit,Branch,12277.31,Utility,Success
T004614,A00055,2024-02-17,UPI,Mobile,712.45,Retail,Success
T004615,A00213,2024-10-16,UPI,Mobile,759.13,Retail,Success
T004616,A00119,2025-01-24,ATM,ATM,500.0,Cash Withdrawal,Success
T004617,A00226,2024-07-01,Debit,Mobile,13468.27,Education,Success
T004618,A00371,2024-07-10,ATM,ATM,5000.0,Cash Withdrawal,Success
T004619,A00044,2024-06-16,Credit,Mobile,5534.72,Travel,Success
T004620,A00309,2024-06-18,UPI,Mobile,884.83,Travel,Success
T004621,A00028,2024-04-13,ATM,ATM,500.0,Cash Withdrawal,Success
T004622,A00119,2025-03-19,IMPS,Mobile,13141.66,Retail,Success
T004623,A00008,2024-07-02,Debit,ATM,17164.61,Education,Success
T004624,A00178,2025-03-18,UPI,Mobile,703.12,Retail,Success
T004625,A00318,2024-03-26,UPI,Mobile,4208.53,Utility,Success
T004626,A00300,2025-11-20,Credit,Branch,14569.3,Travel,Success
T004627,A00078,2024-03-03,ATM,ATM,500.0,Cash Withdrawal,Success
T004628,A00003,2025-06-24,Debit,ATM,4566.98,Utility,Success
T004629,A00523,2025-04-02,Credit,Internet Banking,15911.67,Cash Withdrawal,Success
T004630,A00051,2024-01-08,UPI,Mobile,3788.74,Travel,Success
T004631,A00418,2024-10-06,ATM,ATM,500.0,Cash Withdrawal,Success
T004632,A00342,2024-12-01,ATM,ATM,500.0,Cash Withdrawal,Success
T004633,A00472,2024-06-20,UPI,Mobile,1413.78,Healthcare,Success
T004634,A00584,2024-07-10,UPI,Mobile,4089.54,Retail,Success
T004635,A00248,2024-05-13,Credit,Mobile,14747.14,Travel,Success
T004636,A00203,2024-09-18,Credit,Branch,7116.17,Investment,Success
T004637,A00041,2025-01-07,Credit,ATM,36668.41,Retail,Success
T004638,A00502,2025-10-15,ATM,ATM,2000.0,Cash Withdrawal,Success
T004639,A00081,2024-03-31,UPI,Mobile,415.8,Healthcare,Success
T004640,A00470,2025-08-03,UPI,Mobile,1156.35,Healthcare,Success
T004641,A00094,2024-06-16,NEFT,Mobile,32807.52,Utility,Success
T004642,A00026,2024-11-11,UPI,Mobile,5186.93,Retail,Success
T004643,A00556,2024-05-03,UPI,Mobile,2562.96,Retail,Success
T004644,A00289,2024-12-09,ATM,ATM,5000.0,Cash Withdrawal,Success
T004645,A00469,2025-03-02,IMPS,Branch,49694.02,Education,Success
T004646,A00030,2024-04-08,UPI,Mobile,806.64,Travel,Success
T004647,A00325,2024-12-05,Credit,Internet Banking,10021.67,Loan EMI,Success
T004648,A00160,2025-11-12,Debit,Mobile,7238.98,Cash Withdrawal,Success
T004649,A00242,2024-11-08,UPI,Mobile,2212.13,Travel,Success
T004650,A00343,2024-07-13,ATM,ATM,500.0,Cash Withdrawal,Success
T004651,A00191,2025-06-28,Debit,Internet Banking,22389.91,Education,Success
T004652,A00183,2025-04-14,IMPS,Branch,140553.53,Retail,Success
T004653,A00360,2025-12-18,UPI,Mobile,1034.06,Retail,Success
T004654,A00031,2025-09-19,Debit,Internet Banking,3546.64,Investment,Success
T004655,A00564,2024-11-11,ATM,ATM,2000.0,Cash Withdrawal,Success
T004656,A00486,2024-09-11,UPI,Mobile,1172.17,Travel,Success
T004657,A00368,2024-05-14,ATM,ATM,10000.0,Cash Withdrawal,Success
T004658,A00446,2025-11-08,UPI,Mobile,3077.26,Travel,Success
T004659,A00262,2024-12-07,IMPS,Internet Banking,16914.9,Investment,Success
T004660,A00415,2025-10-07,Credit,Mobile,10855.87,Investment,Success
T004661,A00061,2024-04-29,Debit,Branch,15730.82,Travel,Success
T004662,A00269,2025-12-06,IMPS,Internet Banking,24050.44,Healthcare,Success
T004663,A00563,2025-07-23,UPI,Mobile,1785.68,Travel,Success
T004664,A00301,2024-10-09,Debit,ATM,5341.08,Travel,Success
T004665,A00325,2024-07-27,Debit,ATM,23351.81,Utility,Success
T004666,A00360,2024-09-28,NEFT,Mobile,28176.19,Education,Success
T004667,A00306,2024-06-19,ATM,ATM,500.0,Cash Withdrawal,Success
T004668,A00318,2024-07-02,NEFT,Mobile,38816.54,Healthcare,Success
T004669,A00390,2024-03-17,Credit,Mobile,2397.68,Travel,Success
T004670,A00524,2025-10-19,UPI,Mobile,577.59,Utility,Success
T004671,A00535,2025-03-28,Credit,Internet Banking,20100.73,Education,Success
T004672,A00563,2025-05-22,Debit,Mobile,7872.67,Healthcare,Success
T004673,A00497,2024-11-19,NEFT,Mobile,16242.6,Education,Success
T004674,A00564,2024-08-13,NEFT,Mobile,9143.06,Retail,Success
T004675,A00247,2024-02-19,Debit,Internet Banking,23081.4,Utility,Success
T004676,A00080,2024-01-27,ATM,ATM,500.0,Cash Withdrawal,Success
T004677,A00319,2024-09-01,ATM,ATM,10000.0,Cash Withdrawal,Success
T004678,A00409,2024-06-21,Debit,Mobile,16943.32,Travel,Success
T004679,A00014,2025-03-11,UPI,Mobile,2370.96,Healthcare,Success
T004680,A00443,2024-09-05,ATM,ATM,2000.0,Cash Withdrawal,Success
T004681,A00154,2024-03-06,UPI,Mobile,4463.36,Healthcare,Success
T004682,A00038,2025-01-30,Debit,Internet Banking,8639.78,Travel,Success
T004683,A00087,2024-12-24,UPI,Mobile,408.76,Retail,Success
T004684,A00003,2024-05-22,ATM,ATM,1000.0,Cash Withdrawal,Success
T004685,A00268,2024-02-23,Debit,Internet Banking,0.0,Utility,Success
T004686,A00577,2025-03-01,NEFT,Branch,106723.69,Investment,Success
T004687,A00181,2024-03-02,UPI,Mobile,1596.43,Retail,Success
T004688,A00584,2024-10-29,Credit,Mobile,22031.61,Loan EMI,Success
T004689,A00483,2025-06-01,NEFT,Internet Banking,10368.3,Utility,Success
T004690,A00303,2024-03-27,Debit,ATM,6236.9,Utility,Success
T004691,A00509,2024-08-16,NEFT,Internet Banking,62533.29,Investment,Success
T004692,A00453,2024-03-10,ATM,ATM,2000.0,Cash Withdrawal,Success
T004693,A00342,2025-09-05,ATM,ATM,10000.0,Cash Withdrawal,Failed
T004694,A00503,2025-12-15,UPI,Mobile,1720.61,Healthcare,Success
T004695,A00179,2025-08-30,Debit,ATM,10156.81,Healthcare,Success
T004696,A00570,2024-08-01,Debit,Internet Banking,21844.98,Retail,Success
T004697,A00106,2024-02-11,Debit,Branch,19199.25,Cash Withdrawal,Success
T004698,A00337,2024-01-05,NEFT,Internet Banking,38992.61,Retail,Success
T004699,A00464,2024-01-27,NEFT,Branch,2589.63,Education,Success
T004700,A00408,2025-03-11,ATM,ATM,10000.0,Cash Withdrawal,Success
T004701,A00501,2025-02-06,Credit,Internet Banking,10968.22,Healthcare,Success
T004702,A00092,2024-02-28,Credit,ATM,14457.05,Utility,Success
T004703,A00404,2024-11-14,NEFT,Mobile,6549.4,Utility,Success
T004704,A00137,2024-10-11,Debit,ATM,14143.06,Retail,Reversed
T004705,A00246,2024-11-25,UPI,Mobile,3400.21,Travel,Success
T004706,A00257,2025-04-26,NEFT,Branch,34004.3,Retail,Success
T004707,A00447,2025-11-29,IMPS,Mobile,14703.68,Healthcare,Success
T004708,A00266,2025-07-27,NEFT,Branch,3054.52,Education,Success
T004709,A00351,2024-03-18,Credit,ATM,14325.17,Cash Withdrawal,Success
T004710,A00053,2024-03-25,ATM,ATM,2000.0,Cash Withdrawal,Success
T004711,A00513,2025-08-26,ATM,ATM,1000.0,Cash Withdrawal,Success
T004712,A00458,2024-12-01,NEFT,Internet Banking,7439.16,Retail,Success
T004713,A00055,2024-05-25,Credit,Branch,16160.46,Healthcare,Success
T004714,A00061,2025-07-27,Debit,Mobile,31158.35,Healthcare,Success
T004715,A00135,2024-10-16,Credit,ATM,6457.07,Loan EMI,Success
T004716,A00579,2024-12-14,Credit,Branch,9364.28,Loan EMI,Success
T004717,A00168,2025-09-21,Debit,Mobile,32239.52,Cash Withdrawal,Success
T004718,A00176,2024-01-23,Debit,ATM,653422.44,Utility,Success
T004719,A00435,2024-03-19,Credit,Internet Banking,7929.29,Loan EMI,Success
T004720,A00188,2025-10-28,Debit,ATM,20523.04,Education,Success
T004721,A00043,2024-10-20,Credit,Mobile,8244.69,Loan EMI,Success
T004722,A00409,2024-02-19,IMPS,Internet Banking,18126.17,Investment,Success
T004723,A00310,2024-10-15,Credit,ATM,16002.69,Education,Success
T004724,A00460,2024-02-25,ATM,ATM,523424.12,Cash Withdrawal,Success
T004725,A00234,2025-04-27,IMPS,Branch,70066.9,Utility,Success
T004726,A00069,2024-02-02,UPI,Mobile,772.34,Healthcare,Failed
T004727,A00443,2025-05-25,IMPS,Mobile,39271.0,Healthcare,Success
T004728,A00488,2025-01-21,Debit,ATM,9651.4,Cash Withdrawal,Success
T004729,A00220,2024-09-13,NEFT,Branch,33305.82,Utility,Success
T004730,A00264,2024-07-25,Debit,Mobile,5111.8,Travel,Success
T004731,A00216,2025-08-10,Debit,Branch,16782.92,Education,Success
T004732,A00142,2024-07-15,ATM,ATM,1000.0,Cash Withdrawal,Success
T004733,A00217,2025-01-08,ATM,ATM,500.0,Cash Withdrawal,Success
T004734,A00335,2024-12-10,ATM,ATM,500.0,Cash Withdrawal,Success
T004735,A00264,2024-01-18,UPI,Mobile,408011.47,Healthcare,Success
T004736,A00340,2025-10-09,IMPS,Branch,17675.53,Education,Success
T004737,A00467,2024-06-09,Credit,Internet Banking,16774.14,Cash Withdrawal,Success
T004738,A00269,2025-11-07,Credit,Internet Banking,20229.74,Education,Success
T004739,A00055,2025-03-23,UPI,Mobile,1759.03,Healthcare,Success
T004740,A00035,2024-06-10,Debit,ATM,16325.96,Education,Success
T004741,A00168,2025-01-18,UPI,Mobile,837.01,Utility,Success
T004742,A00089,2025-08-28,ATM,ATM,20000.0,Cash Withdrawal,Failed
T004743,A00381,2024-03-25,Debit,ATM,0.0,Travel,Success
T004744,A00292,2024-11-17,NEFT,Mobile,70417.12,Education,Success
T004745,A00342,2024-05-27,Debit,Mobile,23183.35,Retail,Failed
T004746,A00178,2024-11-06,NEFT,Branch,12695.03,Retail,Success
T004747,A00351,2024-09-18,UPI,Mobile,2172.97,Retail,Success
T004748,A00503,2025-05-14,UPI,Mobile,892.02,Utility,Success
T004749,A00320,2025-01-19,UPI,Mobile,4272.46,Retail,Success
T004750,A00240,2025-03-09,UPI,Mobile,771.11,Utility,Success
T004751,A00537,2025-12-15,Credit,ATM,12797.46,Travel,Success
T004752,A00034,2025-10-12,UPI,Mobile,177.85,Utility,Success
T004753,A00262,2024-04-18,UPI,Mobile,1805.56,Travel,Success
T004754,A00521,2025-08-24,UPI,Mobile,535.68,Retail,Success
T004755,A00514,2024-11-27,NEFT,Mobile,49429.94,Education,Success
T004756,A00536,2025-12-29,IMPS,Internet Banking,30325.14,Investment,Success
T004757,A00523,2025-12-04,NEFT,Mobile,25584.74,Utility,Success
T004758,A00453,2025-02-04,UPI,Mobile,4344.85,Retail,Success
T004759,A00116,2025-12-10,Debit,Internet Banking,38209.57,Investment,Success
T004760,A00320,2024-02-14,UPI,Mobile,390.81,Healthcare,Success
T004761,A00264,2025-02-21,UPI,Mobile,1153.32,Utility,Success
T004762,A00126,2025-12-13,UPI,Mobile,2736.89,Retail,Success
T004763,A00445,2024-07-11,Debit,ATM,13920.79,Healthcare,Success
T004764,A00397,2025-02-08,UPI,Mobile,2632.31,Retail,Success
T004765,A00152,2025-10-18,ATM,ATM,10000.0,Cash Withdrawal,Success
T004766,A00332,2025-07-25,NEFT,Branch,31968.45,Healthcare,Success
T004767,A00561,2025-05-08,UPI,Mobile,3358.17,Healthcare,Success
T004768,A00455,2024-08-17,Credit,Branch,12433.29,Loan EMI,Success
T004769,A00216,2025-02-02,UPI,Mobile,2079.71,Travel,Success
T004770,A00082,2025-03-08,Debit,Branch,4487.39,Retail,Success
T004771,A00299,2025-02-19,UPI,Mobile,1622.32,Retail,Success
T004772,A00114,2025-09-12,Credit,Internet Banking,18597.12,Education,Success
T004773,A00018,2025-06-20,Debit,ATM,13424.05,Education,Success
T004774,A00157,2024-06-26,Debit,Internet Banking,11952.24,Education,Success
T004775,A00375,2025-05-17,UPI,Mobile,2174.82,Healthcare,Success
T004776,A00556,2024-11-12,NEFT,Internet Banking,38809.49,Education,Success
T004777,A00037,2024-08-10,NEFT,Internet Banking,32757.12,Healthcare,Success
T004778,A00134,2024-11-11,ATM,ATM,1000.0,Cash Withdrawal,Success
T004779,A00406,2024-07-30,ATM,ATM,2000.0,Cash Withdrawal,Success
T004780,A00362,2025-02-27,Credit,Branch,18959.92,Retail,Success
T004781,A00576,2024-01-04,ATM,ATM,5000.0,Cash Withdrawal,Success
T004782,A00350,2025-06-01,ATM,ATM,5000.0,Cash Withdrawal,Success
T004783,A00355,2024-07-23,IMPS,Branch,31111.09,Utility,Success
T004784,A00172,2025-05-29,ATM,ATM,5000.0,Cash Withdrawal,Success
T004785,A00221,2025-10-14,Debit,Internet Banking,4260.91,Investment,Success
T004786,A00323,2025-05-06,Credit,Mobile,27282.2,Education,Failed
T004787,A00347,2025-08-18,UPI,Mobile,240736.08,Utility,Success
T004788,A00051,2024-06-26,ATM,ATM,10000.0,Cash Withdrawal,Reversed
T004789,A00237,2025-05-17,Debit,ATM,3304.87,Education,Success
T004790,A00212,2024-06-08,ATM,ATM,20000.0,Cash Withdrawal,Success
T004791,A00478,2025-12-06,Debit,Internet Banking,16241.77,Travel,Success
T004792,A00263,2024-02-25,Debit,Internet Banking,29409.85,Retail,Success
T004793,A00423,2024-12-03,Credit,ATM,16487.98,Travel,Success
T004794,A00539,2024-08-31,UPI,Mobile,3817.56,Travel,Success
T004795,A00077,2024-12-01,Credit,Internet Banking,5589.06,Loan EMI,Success
T004796,A00094,2024-09-08,Debit,Mobile,4310.86,Investment,Success
T004797,A00367,2024-05-20,UPI,Mobile,1149.9,Travel,Success
T004798,A00412,2024-04-21,NEFT,Branch,68867.34,Education,Success
T004799,A00025,2024-05-14,UPI,Mobile,2259.34,Utility,Success
T004800,A00270,2024-11-23,UPI,Mobile,2380.07,Healthcare,Success
T004801,A00250,2025-07-09,UPI,Mobile,1676.71,Healthcare,Success
T004802,A00035,2025-12-25,NEFT,Internet Banking,26548.63,Education,Success
T004803,A00474,2025-06-11,Debit,Branch,12308.78,Healthcare,Success
T004804,A00198,2025-01-27,NEFT,Internet Banking,30311.49,Retail,Success
T004805,A00491,2024-02-01,UPI,Mobile,1102.82,Retail,Success
T004806,A00242,2025-02-23,Credit,Internet Banking,14167.37,Retail,Success
T004807,A00001,2025-11-15,Credit,Branch,9206.01,Education,Success
T004808,A00069,2024-06-10,Credit,Internet Banking,13134.57,Investment,Success
T004809,A00232,2025-03-29,Credit,Mobile,2050.56,Education,Success
T004810,A00264,2025-05-30,Debit,Internet Banking,12430.47,Healthcare,Success
T004811,A00107,2025-08-16,UPI,Mobile,1238.81,Retail,Success
T004812,A00346,2025-05-17,NEFT,Internet Banking,84635.84,Retail,Success
T004813,A00338,2024-09-23,Debit,Internet Banking,3175.86,Education,Success
T004814,A00265,2025-09-03,Credit,ATM,11827.28,Cash Withdrawal,Success
T004815,A00568,2025-05-22,ATM,ATM,1000.0,Cash Withdrawal,Success
T004816,A00376,2025-06-13,IMPS,Mobile,60396.37,Retail,Success
T004817,A00351,2024-08-05,IMPS,Internet Banking,31216.3,Retail,Success
T004818,A00449,2024-05-10,Debit,Internet Banking,8949.48,Retail,Success
T004819,A00551,2024-02-22,Debit,Mobile,18697.61,Cash Withdrawal,Success
T004820,A00500,2024-01-14,Credit,Mobile,15318.9,Retail,Failed
T004821,A00481,2024-08-02,UPI,Mobile,2340.42,Utility,Success
T004822,A00244,2025-10-07,Debit,Internet Banking,8298.01,Cash Withdrawal,Success
T004823,A00244,2025-08-10,UPI,Mobile,993.19,Retail,Success
T004824,A00222,2024-04-19,UPI,Mobile,1868.29,Utility,Success
T004825,A00071,2025-06-20,Debit,Mobile,19670.8,Education,Success
T004826,A00132,2025-11-07,UPI,Mobile,442.25,Utility,Success
T004827,A00382,2025-10-07,Credit,Mobile,10366.69,Retail,Success
T004828,A00319,2024-01-15,UPI,Mobile,1030.86,Travel,Success
T004829,A00190,2024-11-17,UPI,Mobile,1561.78,Retail,Success
T004830,A00146,2024-09-09,UPI,Mobile,2600.76,Healthcare,Reversed
T004831,A00414,2025-03-16,Credit,Internet Banking,6006.92,Utility,Success
T004832,A00340,2024-03-13,NEFT,Mobile,52483.32,Utility,Success
T004833,A00503,2025-07-17,Debit,Internet Banking,8497.83,Cash Withdrawal,Success
T004834,A00206,2024-01-22,UPI,Mobile,3256.99,Travel,Success
T004835,A00216,2025-10-10,UPI,Mobile,798.07,Healthcare,Success
T004836,A00407,2024-09-05,UPI,Mobile,2907.4,Retail,Success
T004837,A00328,2025-07-26,Credit,ATM,4168.92,Travel,Success
T004838,A00111,2024-03-20,NEFT,Branch,39449.69,Healthcare,Success
T004839,A00479,2025-02-19,NEFT,Mobile,53227.25,Utility,Reversed
T004840,A00588,2025-09-13,Credit,Mobile,6402.31,Education,Success
T004841,A00474,2024-11-23,NEFT,Mobile,24216.12,Utility,Success
T004842,A00195,2024-08-31,ATM,ATM,500.0,Cash Withdrawal,Success
T004843,A00468,2025-05-15,UPI,Mobile,1574.68,Retail,Success
T004844,A00280,2025-09-03,UPI,Mobile,1201.79,Travel,Success
T004845,A00498,2024-03-06,Debit,Internet Banking,7473.13,Cash Withdrawal,Success
T004846,A00272,2025-12-15,Debit,ATM,18873.88,Healthcare,Success
T004847,A00186,2024-12-29,UPI,Mobile,3484.16,Utility,Success
T004848,A00553,2025-06-28,Credit,ATM,22136.56,Utility,Success
T004849,A00050,2025-12-25,Credit,ATM,14914.95,Travel,Success
T004850,A00118,2024-11-18,ATM,ATM,5000.0,Cash Withdrawal,Success
T004851,A00579,2024-12-18,Credit,Internet Banking,16212.02,Investment,Success
T004852,A00038,2025-10-26,Debit,Internet Banking,5623.76,Retail,Success
T004853,A00538,2024-08-02,IMPS,Branch,32875.15,Investment,Success
T004854,A00062,2024-06-30,ATM,ATM,2000.0,Cash Withdrawal,Success
T004855,A00262,2025-10-02,Debit,ATM,11930.07,Investment,Success
T004856,A00218,2025-07-07,UPI,Mobile,1918.1,Travel,Failed
T004857,A00383,2024-05-21,Debit,ATM,13302.96,Loan EMI,Success
T004858,A00358,2025-04-26,NEFT,Branch,35242.73,Investment,Success
T004859,A00008,2025-10-17,Debit,Branch,14805.53,Cash Withdrawal,Success
T004860,A00152,2025-04-20,Credit,Mobile,12923.54,Investment,Success
T004861,A00545,2025-10-09,Debit,Internet Banking,12904.42,Cash Withdrawal,Success
T004862,A00189,2024-08-08,UPI,Mobile,865.23,Retail,Success
T004863,A00296,2025-04-25,UPI,Mobile,561.69,Healthcare,Success
T004864,A00443,2025-06-23,Credit,Branch,13497.86,Travel,Success
T004865,A00298,2024-04-02,NEFT,Branch,25037.41,Investment,Success
T004866,A00146,2025-06-06,ATM,ATM,500.0,Cash Withdrawal,Success
T004867,A00417,2024-07-08,Debit,ATM,6956.9,Travel,Success
T004868,A00362,2025-01-11,Debit,Branch,16909.36,Healthcare,Success
T004869,A00251,2024-03-28,Debit,Mobile,10693.21,Retail,Success
T004870,A00237,2024-01-29,Debit,Branch,25007.52,Utility,Success
T004871,A00322,2025-09-19,Credit,Internet Banking,15801.62,Investment,Success
T004872,A00537,2025-08-21,ATM,ATM,20000.0,Cash Withdrawal,Success
T004873,A00390,2024-03-02,UPI,Mobile,819.63,Travel,Success
T004874,A00572,2024-11-17,Debit,Branch,17039.36,Cash Withdrawal,Success
T004875,A00559,2025-07-05,Credit,Mobile,14362.46,Utility,Success
T004876,A00186,2025-06-17,UPI,Mobile,792.88,Utility,Failed
T004877,A00225,2025-02-06,Debit,Internet Banking,7557.55,Education,Success
T004878,A00312,2025-01-31,Credit,Internet Banking,16541.48,Utility,Failed
T004879,A00159,2025-06-10,ATM,ATM,1000.0,Cash Withdrawal,Success
T004880,A00430,2024-11-15,UPI,Mobile,277.89,Utility,Success
T004881,A00299,2025-08-07,Credit,Mobile,1770.1,Investment,Success
T004882,A00234,2025-11-27,Credit,Mobile,12436.29,Retail,Success
T004883,A00413,2025-02-25,Debit,Internet Banking,11838.82,Investment,Success
T004884,A00151,2025-06-20,Debit,ATM,13160.56,Cash Withdrawal,Success
T004885,A00569,2025-10-12,Debit,Internet Banking,11860.94,Utility,Success
T004886,A00079,2024-04-16,UPI,Mobile,2117.07,Utility,Success
T004887,A00407,2025-02-28,ATM,ATM,20000.0,Cash Withdrawal,Success
T004888,A00414,2024-01-07,Debit,Mobile,23149.34,Travel,Success
T004889,A00356,2024-07-23,UPI,Mobile,1552.36,Retail,Success
T004890,A00141,2024-11-15,Debit,Mobile,3568.7,Investment,Success
T004891,A00580,2024-10-21,Debit,Internet Banking,2335.22,Education,Success
T004892,A00079,2025-03-16,Debit,Branch,8767.69,Cash Withdrawal,Success
T004893,A00560,2025-08-08,Debit,ATM,8927.02,Cash Withdrawal,Success
T004894,A00080,2024-03-10,UPI,Mobile,479.73,Retail,Success
T004895,A00551,2025-01-18,Credit,Branch,1451.14,Retail,Success
T004896,A00032,2025-03-11,UPI,Mobile,1108.67,Retail,Success
T004897,A00234,2025-11-03,Debit,Mobile,29319.34,Loan EMI,Success
T004898,A00337,2024-12-31,Debit,Mobile,14307.07,Utility,Success
T004899,A00588,2025-12-12,Credit,Branch,648101.95,Utility,Success
T004900,A00585,2024-03-14,Debit,Branch,9915.56,Retail,Success
T004901,A00376,2024-05-22,Credit,Internet Banking,8757.49,Investment,Success
T004902,A00165,2025-03-03,UPI,Mobile,2205.22,Travel,Success
T004903,A00348,2024-02-28,UPI,Mobile,536.85,Travel,Success
T004904,A00065,2024-08-25,NEFT,Mobile,113193.42,Investment,Success
T004905,A00177,2025-01-09,Credit,Branch,4765.34,Loan EMI,Success
T004906,A00159,2024-09-02,UPI,Mobile,2347.08,Utility,Success
T004907,A00244,2025-05-08,UPI,Mobile,627.35,Utility,Success
T004908,A00280,2024-06-07,NEFT,Branch,37697.57,Education,Success
T004909,A00237,2024-01-27,UPI,Mobile,2524.84,Utility,Success
T004910,A00440,2025-11-02,Debit,Branch,2999.58,Retail,Success
T004911,A00353,2024-02-28,ATM,ATM,2000.0,Cash Withdrawal,Success
T004912,A00529,2025-11-07,Credit,Mobile,5563.32,Healthcare,Success
T004913,A00223,2025-04-22,UPI,Mobile,734.49,Retail,Success
T004914,A00267,2024-10-22,Debit,Branch,9273.41,Travel,Success
T004915,A00518,2024-09-14,NEFT,Internet Banking,41024.24,Utility,Success
T004916,A00419,2025-06-24,ATM,ATM,10000.0,Cash Withdrawal,Failed
T004917,A00565,2025-02-09,Debit,Internet Banking,29678.04,Education,Success
T004918,A00403,2025-02-18,Debit,Mobile,7509.8,Loan EMI,Success
T004919,A00060,2024-10-26,NEFT,Mobile,94325.91,Education,Success
T004920,A00112,2025-07-10,Credit,Internet Banking,13988.76,Education,Success
T004921,A00139,2025-06-30,ATM,ATM,10000.0,Cash Withdrawal,Success
T004922,A00228,2025-08-17,Debit,ATM,4637.8,Travel,Success
T004923,A00349,2025-05-09,IMPS,Mobile,30644.32,Investment,Success
T004924,A00308,2025-07-26,IMPS,Internet Banking,10120.07,Utility,Success
T004925,A00558,2024-03-12,UPI,Mobile,1177.61,Travel,Success
T004926,A00069,2024-09-11,Debit,Internet Banking,8354.62,Investment,Success
T004927,A00550,2024-08-23,ATM,ATM,769422.92,Cash Withdrawal,Success
T004928,A00381,2024-09-03,UPI,Mobile,1714.9,Travel,Success
T004929,A00422,2024-02-12,UPI,Mobile,2352.62,Utility,Success
T004930,A00501,2024-08-30,Debit,Mobile,10478.38,Travel,Success
T004931,A00522,2024-11-07,UPI,Mobile,619.65,Utility,Success
T004932,A00480,2025-04-19,Credit,Mobile,24943.55,Investment,Success
T004933,A00329,2025-01-08,NEFT,Mobile,102297.59,Education,Failed
T004934,A00245,2025-09-16,Debit,Mobile,9798.41,Education,Success
T004935,A00364,2025-04-26,Debit,Internet Banking,13596.53,Travel,Success
T004936,A00021,2024-10-27,NEFT,Branch,28938.42,Healthcare,Success
T004937,A00295,2024-08-07,Credit,Branch,12251.35,Travel,Success
T004938,A00540,2025-04-12,ATM,ATM,500.0,Cash Withdrawal,Success
T004939,A00107,2025-01-31,Debit,Internet Banking,12678.15,Utility,Success
T004940,A00073,2024-05-01,Credit,ATM,4142.38,Loan EMI,Failed
T004941,A00449,2025-04-05,IMPS,Internet Banking,27125.93,Investment,Success
T004942,A00167,2025-07-16,NEFT,Branch,66632.23,Investment,Success
T004943,A00124,2024-06-19,NEFT,Branch,62908.77,Retail,Success
T004944,A00390,2025-10-26,Credit,Mobile,8772.78,Investment,Success
T004945,A00106,2025-12-13,Debit,ATM,12835.23,Healthcare,Success
T004946,A00064,2025-12-24,NEFT,Internet Banking,28288.63,Healthcare,Success
T004947,A00565,2024-11-24,Debit,Internet Banking,675106.31,Loan EMI,Success
T004948,A00269,2024-09-18,UPI,Mobile,325.73,Retail,Success
T004949,A00005,2024-03-01,ATM,ATM,2000.0,Cash Withdrawal,Success
T004950,A00439,2024-02-16,Credit,Mobile,15255.07,Retail,Success
T004951,A00042,2025-03-31,ATM,ATM,10000.0,Cash Withdrawal,Success
T004952,A00559,2024-06-14,Credit,ATM,25954.66,Cash Withdrawal,Failed
T004953,A00281,2024-09-21,IMPS,Branch,19859.05,Healthcare,Success
T004954,A00156,2025-01-18,Credit,Internet Banking,23849.15,Education,Success
T004955,A00342,2024-10-09,UPI,Mobile,1885.78,Utility,Success
T004956,A00256,2025-11-13,UPI,Mobile,1441.25,Retail,Success
T004957,A00343,2024-07-11,IMPS,Branch,26596.24,Investment,Success
T004958,A00057,2025-03-16,ATM,ATM,5000.0,Cash Withdrawal,Success
T004959,A00206,2025-02-14,Credit,Mobile,24356.49,Loan EMI,Success
T004960,A00021,2024-09-20,Credit,Branch,9257.99,Healthcare,Success
T004961,A00048,2024-10-27,Credit,Mobile,28311.7,Investment,Success
T004962,A00498,2024-12-26,Credit,Mobile,26372.83,Loan EMI,Success
T004963,A00478,2025-08-12,IMPS,Branch,23802.46,Healthcare,Success
T004964,A00346,2024-01-10,UPI,Mobile,1327.39,Utility,Success
T004965,A00165,2025-08-06,ATM,ATM,500.0,Cash Withdrawal,Success
T004966,A00583,2025-10-06,Credit,Internet Banking,2217.82,Loan EMI,Failed
T004967,A00176,2025-03-24,Credit,ATM,10691.78,Cash Withdrawal,Success
T004968,A00244,2025-08-11,Credit,ATM,11598.66,Investment,Success
T004969,A00356,2025-03-04,Credit,ATM,21894.55,Investment,Reversed
T004970,A00546,2024-06-10,IMPS,Internet Banking,89758.82,Investment,Success
T004971,A00114,2024-11-23,ATM,ATM,20000.0,Cash Withdrawal,Success
T004972,A00194,2025-02-06,IMPS,Internet Banking,56157.13,Education,Success
T004973,A00504,2024-08-19,Credit,Branch,20809.4,Utility,Success
T004974,A00462,2025-01-28,UPI,Mobile,1326.57,Healthcare,Success
T004975,A00005,2024-11-28,Debit,Branch,4359.45,Cash Withdrawal,Failed
T004976,A00120,2025-12-09,NEFT,Branch,41677.04,Education,Success
T004977,A00175,2025-05-27,ATM,ATM,500.0,Cash Withdrawal,Success
T004978,A00389,2025-07-21,NEFT,Internet Banking,70481.73,Retail,Success
T004979,A00236,2024-07-10,Credit,Internet Banking,856.17,Loan EMI,Success
T004980,A00410,2024-10-30,Debit,ATM,11965.86,Utility,Success
T004981,A00031,2025-03-27,Credit,ATM,2518.5,Healthcare,Success
T004982,A00164,2025-09-29,IMPS,Internet Banking,18576.23,Retail,Success
T004983,A00281,2024-10-23,Credit,Branch,12281.77,Healthcare,Success
T004984,A00582,2025-08-26,UPI,Mobile,4251.54,Travel,Success
T004985,A00422,2025-09-03,Credit,Internet Banking,11185.18,Education,Success
T004986,A00408,2025-10-25,Debit,ATM,16792.41,Travel,Success
T004987,A00477,2025-12-12,IMPS,Internet Banking,41395.87,Retail,Success
T004988,A00264,2025-08-25,Debit,Mobile,6562.7,Utility,Success
T004989,A00265,2024-12-08,UPI,Mobile,2143.18,Retail,Success
T004990,A00526,2025-03-09,ATM,ATM,500.0,Cash Withdrawal,Success
T004991,A00094,2025-02-10,Debit,Internet Banking,4263.61,Travel,Failed
T004992,A00461,2024-12-09,Debit,Branch,11078.2,Utility,Success
T004993,A00480,2024-02-10,ATM,ATM,10000.0,Cash Withdrawal,Reversed
T004994,A00113,2024-10-03,UPI,Mobile,3672.38,Retail,Success
T004995,A00076,2025-09-22,UPI,Mobile,1766.12,Utility,Success
T004996,A00265,2024-09-09,UPI,Mobile,1870.43,Utility,Success
T004997,A00126,2024-05-19,NEFT,Branch,26716.79,Utility,Failed
T004998,A00263,2024-01-09,ATM,ATM,10000.0,Cash Withdrawal,Success
T004999,A00577,2025-08-29,UPI,Mobile,351.85,Retail,Success
T005000,A00542,2024-02-12,UPI,Mobile,251641.27,Utility,Success
T005001,A00026,2024-12-14,IMPS,Branch,60832.06,Utility,Success
T005002,A00360,2025-01-20,IMPS,Branch,45093.0,Investment,Success
T005003,A00462,2025-08-28,UPI,Mobile,533.67,Travel,Success
T005004,A00072,2024-04-09,UPI,Mobile,248.97,Healthcare,Success
T005005,A00144,2025-10-13,Credit,ATM,6505.79,Investment,Success
T005006,A00272,2024-05-27,UPI,Mobile,1296.69,Travel,Success
T005007,A00368,2025-08-02,UPI,Mobile,1370.36,Travel,Success
T005008,A00489,2024-09-30,UPI,Mobile,1384.47,Utility,Success
T005009,A00341,2025-09-05,Credit,Branch,505107.41,Investment,Success
T005010,A00236,2024-03-21,ATM,ATM,2000.0,Cash Withdrawal,Success
T005011,A00376,2025-05-22,ATM,ATM,500.0,Cash Withdrawal,Success
T005012,A00524,2025-06-08,UPI,Mobile,785981.43,Travel,Success
T005013,A00059,2024-11-06,Debit,Internet Banking,8350.09,Cash Withdrawal,Success
T005014,A00374,2024-02-10,UPI,Mobile,680.81,Travel,Success
T005015,A00343,2024-07-13,NEFT,Internet Banking,49767.68,Investment,Success
T005016,A00155,2024-10-04,NEFT,Branch,61793.48,Healthcare,Success
T005017,A00195,2025-02-27,Credit,Branch,7435.6,Healthcare,Failed
T005018,A00386,2025-05-16,Debit,Internet Banking,34080.24,Travel,Success
T005019,A00343,2025-05-31,Debit,Branch,26617.17,Cash Withdrawal,Success
T005020,A00231,2025-01-12,Debit,ATM,4730.66,Utility,Success
T005021,A00566,2024-12-27,UPI,Mobile,270.92,Retail,Success
T005022,A00408,2025-01-16,Debit,Branch,9823.81,Utility,Failed
T005023,A00444,2024-05-25,IMPS,Mobile,41596.81,Investment,Success
T005024,A00248,2024-03-25,NEFT,Mobile,112634.88,Education,Success
T005025,A00568,2024-07-29,UPI,Mobile,5209.26,Utility,Success
T005026,A00503,2025-07-28,NEFT,Internet Banking,53829.19,Investment,Success
T005027,A00141,2025-06-10,Credit,Internet Banking,8471.63,Loan EMI,Failed
T005028,A00450,2024-05-13,UPI,Mobile,3403.78,Utility,Success
T005029,A00411,2025-11-07,ATM,ATM,2000.0,Cash Withdrawal,Success
T005030,A00388,2025-11-13,Debit,Mobile,12018.65,Cash Withdrawal,Success
T005031,A00032,2024-08-10,Debit,Branch,3943.56,Travel,Success
T005032,A00457,2025-04-24,NEFT,Branch,11526.1,Utility,Success
T005033,A00520,2024-09-20,UPI,Mobile,1137.56,Travel,Success
T005034,A00103,2024-03-22,ATM,ATM,500.0,Cash Withdrawal,Success
T005035,A00543,2024-09-13,Debit,Internet Banking,20229.74,Utility,Success
T005036,A00582,2025-04-02,UPI,Mobile,618.3,Healthcare,Success
T005037,A00234,2024-07-11,NEFT,Branch,25846.96,Education,Success
T005038,A00238,2025-09-22,Credit,ATM,26477.7,Utility,Success
T005039,A00510,2025-04-06,ATM,ATM,5000.0,Cash Withdrawal,Success
T005040,A00360,2024-02-19,Credit,Mobile,14232.51,Healthcare,Success
T005041,A00299,2025-06-22,Debit,Mobile,15313.6,Education,Success
T005042,A00242,2025-08-19,NEFT,Branch,67075.47,Retail,Success
T005043,A00316,2024-06-29,NEFT,Internet Banking,26255.35,Education,Success
T005044,A00260,2025-01-12,ATM,ATM,10000.0,Cash Withdrawal,Success
T005045,A00058,2025-01-27,UPI,Mobile,4262.97,Travel,Success
T005046,A00361,2024-09-04,Credit,Mobile,17135.47,Utility,Failed
T005047,A00329,2025-02-21,Credit,Internet Banking,10232.66,Loan EMI,Success
T005048,A00475,2025-10-22,UPI,Mobile,3736.9,Retail,Success
T005049,A00552,2025-03-20,Debit,Internet Banking,16664.24,Travel,Success
T005050,A00346,2025-09-25,ATM,ATM,20000.0,Cash Withdrawal,Success
T005051,A00142,2025-12-22,IMPS,Internet Banking,33948.16,Retail,Success
T005052,A00242,2025-10-09,Debit,Mobile,15602.09,Travel,Success
T005053,A00528,2025-05-14,UPI,Mobile,738.78,Travel,Success
T005054,A00404,2024-12-27,Debit,Internet Banking,22528.01,Loan EMI,Success
T005055,A00590,2025-10-04,UPI,Mobile,485098.45,Travel,Success
T005056,A00024,2024-01-31,Credit,ATM,3045.26,Utility,Success
T005057,A00446,2025-09-02,Credit,Branch,7374.03,Healthcare,Success
T005058,A00361,2024-04-20,Debit,Mobile,6929.99,Investment,Success
T005059,A00015,2025-11-10,UPI,Mobile,2628.55,Retail,Success
T005060,A00375,2025-06-11,ATM,ATM,1000.0,Cash Withdrawal,Success
T005061,A00517,2025-11-20,NEFT,Mobile,40100.18,Retail,Success
T005062,A00135,2025-09-26,Debit,Branch,8201.98,Retail,Success
T005063,A00488,2024-05-07,UPI,Mobile,1229.95,Travel,Success
T005064,A00229,2024-09-19,Debit,Branch,7670.9,Healthcare,Success
T005065,A00397,2025-11-22,UPI,Mobile,2402.78,Healthcare,Success
T005066,A00137,2025-02-01,NEFT,Mobile,39639.88,Retail,Success
T005067,A00218,2025-11-12,Credit,ATM,8803.64,Loan EMI,Success
T005068,A00503,2025-05-03,Credit,Branch,7771.39,Retail,Success
T005069,A00037,2025-05-07,NEFT,Mobile,81033.31,Healthcare,Failed
T005070,A00531,2025-11-15,Debit,Branch,22177.59,Travel,Success
T005071,A00179,2024-10-23,ATM,ATM,2000.0,Cash Withdrawal,Success
T005072,A00257,2024-02-21,Debit,ATM,16560.34,Education,Reversed
T005073,A00395,2024-05-27,NEFT,Mobile,67303.06,Retail,Success
T005074,A00404,2025-05-16,Debit,Mobile,3976.83,Loan EMI,Success
T005075,A00057,2025-11-08,UPI,Mobile,612.97,Travel,Success
T005076,A00493,2025-01-30,Debit,Internet Banking,4592.25,Travel,Success
T005077,A00274,2025-09-16,ATM,ATM,10000.0,Cash Withdrawal,Success
T005078,A00249,2024-04-19,NEFT,Mobile,34708.05,Investment,Failed
T005079,A00354,2025-02-07,ATM,ATM,2000.0,Cash Withdrawal,Success
T005080,A00040,2025-08-20,Debit,ATM,21170.67,Investment,Success
T005081,A00017,2024-03-04,ATM,ATM,1000.0,Cash Withdrawal,Success
T005082,A00124,2024-02-25,Debit,Mobile,8285.56,Investment,Success
T005083,A00494,2025-12-30,NEFT,Internet Banking,74988.17,Education,Success
T005084,A00095,2024-07-28,ATM,ATM,2000.0,Cash Withdrawal,Success
T005085,A00207,2025-12-05,ATM,ATM,20000.0,Cash Withdrawal,Success
T005086,A00260,2025-09-10,UPI,Mobile,961.64,Travel,Success
T005087,A00172,2025-09-01,Debit,Internet Banking,10148.04,Loan EMI,Success
T005088,A00355,2025-01-04,Debit,Mobile,8218.35,Loan EMI,Success
T005089,A00409,2025-09-15,ATM,ATM,500.0,Cash Withdrawal,Success
T005090,A00192,2025-05-04,Credit,Branch,9621.69,Education,Success
T005091,A00111,2024-08-05,IMPS,Mobile,32000.2,Retail,Success
T005092,A00276,2025-03-06,Credit,Mobile,2494.64,Education,Success
T005093,A00571,2024-10-21,Credit,Internet Banking,13979.43,Loan EMI,Success
T005094,A00071,2025-06-22,Debit,ATM,10189.99,Travel,Success
T005095,A00443,2024-03-28,UPI,Mobile,4256.72,Utility,Success
T005096,A00162,2024-08-13,ATM,ATM,2000.0,Cash Withdrawal,Success
T005097,A00343,2025-07-23,UPI,Mobile,2338.83,Retail,Success
T005098,A00206,2024-01-06,NEFT,Internet Banking,42862.82,Investment,Success
T005099,A00186,2025-09-14,IMPS,Internet Banking,87363.34,Education,Success
T005100,A00469,2025-06-23,UPI,Mobile,3815.97,Retail,Success
T005101,A00372,2025-09-04,UPI,Mobile,4383.48,Utility,Success
T005102,A00561,2025-11-11,Debit,Internet Banking,7693.76,Cash Withdrawal,Success
T005103,A00341,2024-02-04,UPI,Mobile,538.2,Travel,Success
T005104,A00011,2024-05-05,IMPS,Mobile,6695.0,Utility,Success
T005105,A00575,2025-05-06,Debit,ATM,20573.0,Healthcare,Success
T005106,A00359,2025-07-09,Credit,Mobile,2142.9,Healthcare,Success
T005107,A00450,2025-05-13,UPI,Mobile,1806.04,Utility,Success
T005108,A00224,2025-04-02,UPI,Mobile,366.73,Healthcare,Success
T005109,A00314,2025-02-01,ATM,ATM,1000.0,Cash Withdrawal,Success
T005110,A00474,2025-03-29,Debit,Internet Banking,22439.74,Education,Success
T005111,A00155,2024-06-08,NEFT,Branch,48482.92,Healthcare,Success
T005112,A00121,2025-09-22,IMPS,Mobile,72863.35,Utility,Success
T005113,A00218,2025-07-16,NEFT,Mobile,40660.57,Investment,Success
T005114,A00343,2024-06-17,Credit,ATM,5467.05,Retail,Success
T005115,A00266,2025-04-29,Credit,Internet Banking,8066.44,Retail,Success
T005116,A00457,2024-06-16,UPI,Mobile,2876.84,Utility,Success
T005117,A00481,2024-08-29,IMPS,Mobile,472843.24,Healthcare,Success
T005118,A00337,2025-08-17,Credit,Mobile,7603.42,Loan EMI,Success
T005119,A00244,2025-02-02,UPI,Mobile,883.03,Travel,Success
T005120,A00562,2024-12-24,UPI,Mobile,1439.54,Utility,Success
T005121,A00367,2025-11-01,NEFT,Mobile,52369.18,Utility,Success
T005122,A00571,2024-09-16,IMPS,Mobile,71653.2,Retail,Success
T005123,A00465,2024-09-05,NEFT,Mobile,10555.17,Investment,Success
T005124,A00510,2025-05-09,Debit,Internet Banking,5760.44,Utility,Success
T005125,A00289,2025-06-11,UPI,Mobile,486.14,Utility,Success
T005126,A00085,2025-07-15,ATM,ATM,10000.0,Cash Withdrawal,Success
T005127,A00573,2024-08-14,Credit,Branch,10734.26,Retail,Success
T005128,A00062,2024-11-27,UPI,Mobile,546.55,Utility,Success
T005129,A00468,2024-08-23,Debit,ATM,13907.64,Cash Withdrawal,Success
T005130,A00069,2025-08-08,Debit,ATM,23863.45,Utility,Success
T005131,A00502,2024-04-15,IMPS,Internet Banking,6942.93,Retail,Failed
T005132,A00057,2025-02-20,Debit,Branch,5915.63,Healthcare,Success
T005133,A00392,2025-09-19,IMPS,Mobile,94027.0,Retail,Success
T005134,A00421,2024-06-09,UPI,Mobile,1769.21,Retail,Failed
T005135,A00560,2025-05-16,UPI,Mobile,1012.67,Utility,Success
T005136,A00588,2024-05-29,NEFT,Mobile,158017.69,Investment,Failed
T005137,A00261,2024-02-18,UPI,Mobile,1226.3,Healthcare,Success
T005138,A00550,2024-09-10,NEFT,Mobile,50979.66,Healthcare,Success
T005139,A00532,2025-05-30,NEFT,Mobile,18055.65,Utility,Success
T005140,A00311,2024-10-11,IMPS,Branch,15479.92,Utility,Success
T005141,A00425,2024-06-09,IMPS,Branch,53032.95,Utility,Success
T005142,A00472,2025-09-18,Debit,Branch,30029.0,Utility,Success
T005143,A00552,2024-06-11,Debit,Internet Banking,534806.42,Education,Success
T005144,A00372,2025-03-11,UPI,Mobile,611.64,Retail,Success
T005145,A00587,2025-03-28,Credit,ATM,20355.3,Travel,Success
T005146,A00589,2025-04-16,ATM,ATM,10000.0,Cash Withdrawal,Success
T005147,A00528,2024-12-03,ATM,ATM,1000.0,Cash Withdrawal,Success
T005148,A00388,2024-07-19,ATM,ATM,2000.0,Cash Withdrawal,Success
T005149,A00467,2025-06-18,Debit,ATM,7999.22,Retail,Success
T005150,A00025,2024-12-23,Credit,Branch,14031.3,Retail,Success
T005151,A00191,2024-03-07,NEFT,Branch,23456.47,Utility,Success
T005152,A00589,2025-04-05,NEFT,Internet Banking,26600.4,Healthcare,Success
T005153,A00354,2024-08-17,UPI,Mobile,718.04,Travel,Failed
T005154,A00179,2024-11-13,Credit,Internet Banking,16865.08,Travel,Success
T005155,A00456,2025-12-06,Debit,Mobile,14301.62,Healthcare,Success
T005156,A00275,2025-11-30,IMPS,Internet Banking,44186.65,Healthcare,Success
T005157,A00130,2025-03-09,UPI,Mobile,846.53,Travel,Success
T005158,A00443,2024-02-17,IMPS,Mobile,42573.42,Healthcare,Failed
T005159,A00378,2025-04-04,NEFT,Branch,108152.78,Education,Success
T005160,A00339,2025-10-16,ATM,ATM,5000.0,Cash Withdrawal,Success
T005161,A00376,2024-01-13,Debit,Branch,5037.08,Healthcare,Success
T005162,A00568,2025-10-28,UPI,Mobile,779.05,Retail,Success
T005163,A00340,2024-11-29,UPI,Mobile,817.03,Travel,Success
T005164,A00310,2025-01-03,NEFT,Branch,36899.47,Investment,Success
T005165,A00306,2024-04-26,Credit,ATM,4741.88,Travel,Success
T005166,A00322,2025-08-16,Debit,Internet Banking,569781.91,Investment,Success
T005167,A00121,2024-03-29,Debit,ATM,2334.54,Investment,Success
T005168,A00302,2024-01-18,ATM,ATM,5000.0,Cash Withdrawal,Success
T005169,A00044,2024-02-12,NEFT,Mobile,58430.07,Education,Success
T005170,A00590,2025-08-24,Credit,Internet Banking,13815.58,Retail,Success
T005171,A00039,2025-10-28,Debit,ATM,32051.87,Education,Success
T005172,A00540,2024-02-11,IMPS,Internet Banking,15189.51,Healthcare,Success
T005173,A00311,2025-05-13,Credit,Branch,20863.04,Cash Withdrawal,Success
T005174,A00103,2025-05-11,Credit,Branch,10211.1,Education,Success
T005175,A00315,2025-10-20,ATM,ATM,2000.0,Cash Withdrawal,Success
T005176,A00434,2025-02-15,ATM,ATM,20000.0,Cash Withdrawal,Success
T005177,A00036,2024-09-23,Debit,Mobile,8869.61,Cash Withdrawal,Success
T005178,A00586,2025-07-10,NEFT,Mobile,14557.85,Healthcare,Success
T005179,A00110,2024-11-04,Credit,Internet Banking,7853.94,Travel,Success
T005180,A00536,2025-04-03,Debit,Internet Banking,8110.89,Retail,Success
T005181,A00122,2025-02-11,IMPS,Branch,9114.14,Retail,Success
T005182,A00242,2025-10-03,UPI,Mobile,1961.02,Healthcare,Success
T005183,A00585,2024-04-08,Debit,Mobile,12577.29,Investment,Success
T005184,A00437,2025-01-29,IMPS,Mobile,50839.87,Healthcare,Success
T005185,A00370,2024-08-12,UPI,Mobile,926.62,Travel,Success
T005186,A00483,2025-02-08,Credit,Branch,18598.67,Healthcare,Success
T005187,A00328,2025-05-15,Debit,Mobile,24640.05,Retail,Success
T005188,A00482,2024-05-02,UPI,Mobile,1266.66,Travel,Success
T005189,A00357,2025-05-22,Credit,Internet Banking,5307.98,Retail,Success
T005190,A00086,2024-09-28,NEFT,Mobile,35544.38,Healthcare,Success
T005191,A00038,2024-09-28,Debit,Mobile,11063.57,Healthcare,Success
T005192,A00366,2025-11-29,ATM,ATM,20000.0,Cash Withdrawal,Success
T005193,A00444,2025-09-02,Debit,ATM,9685.84,Cash Withdrawal,Success
T005194,A00121,2024-08-12,IMPS,Mobile,50920.19,Retail,Success
T005195,A00518,2025-03-14,Credit,Branch,8569.83,Education,Success
T005196,A00346,2024-06-17,Debit,Branch,4982.77,Loan EMI,Success
T005197,A00519,2024-10-15,ATM,ATM,500.0,Cash Withdrawal,Success
T005198,A00284,2024-01-04,NEFT,Mobile,37909.37,Utility,Success
T005199,A00162,2024-11-29,Debit,Internet Banking,16456.31,Travel,Success
T005200,A00460,2024-06-05,NEFT,Internet Banking,55540.96,Retail,Success
T005201,A00383,2024-12-18,Credit,Mobile,8178.21,Healthcare,Success
T005202,A00385,2024-05-24,NEFT,Mobile,41787.75,Utility,Success
T005203,A00537,2025-10-15,Credit,ATM,-24925.14,Utility,Success
T005204,A00504,2024-03-14,Credit,Branch,21238.77,Education,Success
T005205,A00193,2025-11-03,UPI,Mobile,344.67,Healthcare,Success
T005206,A00262,2024-06-04,UPI,Mobile,1155.06,Travel,Success
T005207,A00438,2024-05-08,UPI,Mobile,3648.43,Healthcare,Success
T005208,A00356,2025-06-02,NEFT,Internet Banking,8506.61,Retail,Success
T005209,A00410,2025-07-04,IMPS,Branch,32387.46,Healthcare,Success
T005210,A00158,2025-08-11,Debit,Branch,7045.85,Travel,Success
T005211,A00528,2024-06-09,IMPS,Branch,42416.36,Healthcare,Success
T005212,A00005,2025-12-04,Debit,Internet Banking,1634.84,Investment,Success
T005213,A00221,2024-07-10,Credit,Mobile,22543.05,Investment,Success
T005214,A00218,2024-04-19,UPI,Mobile,1497.4,Retail,Success
T005215,A00219,2025-07-21,ATM,ATM,1000.0,Cash Withdrawal,Success
T005216,A00339,2025-11-11,IMPS,Branch,13591.96,Utility,Success
T005217,A00428,2024-10-13,UPI,Mobile,806.88,Retail,Success
T005218,A00573,2024-02-29,NEFT,Branch,43446.27,Investment,Success
T005219,A00389,2024-07-17,Credit,ATM,5968.9,Cash Withdrawal,Success
T005220,A00253,2025-07-30,UPI,Mobile,4581.86,Retail,Success
T005221,A00091,2024-11-21,UPI,Mobile,364306.01,Retail,Success
T005222,A00534,2025-03-06,NEFT,Internet Banking,86292.82,Healthcare,Success
T005223,A00039,2024-05-24,UPI,Mobile,1706.29,Travel,Success
T005224,A00528,2025-07-19,UPI,Mobile,2472.14,Travel,Failed
T005225,A00357,2024-04-17,UPI,Mobile,2368.39,Travel,Success
T005226,A00105,2024-09-07,Debit,Internet Banking,7699.25,Utility,Success
T005227,A00034,2024-03-20,Debit,Internet Banking,16995.97,Loan EMI,Success
T005228,A00143,2025-12-27,UPI,Mobile,1087.81,Retail,Reversed
T005229,A00511,2025-10-19,Debit,Internet Banking,2847.52,Investment,Success
T005230,A00569,2024-08-07,UPI,Mobile,1271.78,Retail,Success
T005231,A00172,2024-04-26,Debit,Internet Banking,4192.15,Education,Success
T005232,A00561,2025-12-03,IMPS,Internet Banking,24163.37,Education,Success
T005233,A00206,2025-09-25,Credit,Branch,10578.2,Retail,Success
T005234,A00416,2024-06-30,Debit,Mobile,224089.94,Loan EMI,Success
T005235,A00302,2025-05-19,Debit,ATM,15487.39,Loan EMI,Success
T005236,A00565,2025-09-22,Credit,Branch,8119.83,Utility,Success
T005237,A00351,2024-06-27,Credit,Branch,4089.7,Utility,Success
T005238,A00183,2024-12-01,Debit,Mobile,5501.58,Cash Withdrawal,Success
T005239,A00262,2025-07-17,ATM,ATM,2000.0,Cash Withdrawal,Success
T005240,A00310,2024-08-28,UPI,Mobile,1628.72,Healthcare,Success
T005241,A00282,2025-04-10,UPI,Mobile,1227.98,Retail,Success
T005242,A00182,2024-10-03,ATM,ATM,1000.0,Cash Withdrawal,Reversed
T005243,A00558,2024-09-04,UPI,Mobile,1865.72,Utility,Success
T005244,A00389,2025-10-25,Credit,ATM,11700.74,Education,Success
T005245,A00014,2025-05-26,ATM,ATM,500.0,Cash Withdrawal,Success
T005246,A00198,2024-04-28,UPI,Mobile,626.5,Travel,Success
T005247,A00239,2025-01-06,IMPS,Branch,235062.19,Retail,Success
T005248,A00398,2025-11-20,UPI,Mobile,2742.32,Healthcare,Success
T005249,A00087,2024-11-15,UPI,Mobile,727.48,Retail,Success
T005250,A00220,2024-11-30,Debit,Internet Banking,26613.7,Utility,Success
T005251,A00408,2024-02-25,ATM,ATM,1000.0,Cash Withdrawal,Success
T005252,A00292,2024-05-13,ATM,ATM,5000.0,Cash Withdrawal,Success
T005253,A00123,2025-01-23,Credit,Mobile,3383.27,Utility,Success
T005254,A00508,2024-03-28,ATM,ATM,500.0,Cash Withdrawal,Success
T005255,A00337,2025-04-21,IMPS,Mobile,58311.98,Utility,Success
T005256,A00385,2024-01-30,UPI,Mobile,681032.09,Retail,Success
T005257,A00441,2025-03-27,NEFT,Internet Banking,14914.2,Education,Success
T005258,A00238,2025-01-08,UPI,Mobile,1594.38,Retail,Success
T005259,A00385,2024-07-05,Debit,Branch,5946.65,Retail,Success
T005260,A00562,2025-01-20,UPI,Mobile,945.11,Retail,Success
T005261,A00453,2024-01-23,Credit,Branch,8260.35,Education,Success
T005262,A00474,2024-10-21,Credit,ATM,17244.49,Retail,Success
T005263,A00358,2024-07-15,Credit,Internet Banking,6849.59,Loan EMI,Success
T005264,A00369,2024-06-16,Debit,Mobile,12615.17,Healthcare,Failed
T005265,A00558,2025-10-01,ATM,ATM,10000.0,Cash Withdrawal,Success
T005266,A00426,2025-07-21,NEFT,Internet Banking,56711.58,Healthcare,Success
T005267,A00120,2024-04-05,Credit,Branch,11223.38,Cash Withdrawal,Success
T005268,A00534,2024-11-15,IMPS,Mobile,43874.95,Healthcare,Success
T005269,A00215,2025-03-30,Credit,Internet Banking,10537.22,Cash Withdrawal,Success
T005270,A00001,2025-11-29,UPI,Mobile,2214.16,Utility,Failed
T005271,A00055,2025-07-09,Debit,Mobile,3993.68,Education,Success
T005272,A00095,2025-05-19,UPI,Mobile,3858.4,Retail,Success
T005273,A00218,2025-10-27,NEFT,Internet Banking,19415.73,Utility,Success
T005274,A00568,2024-08-14,NEFT,Branch,31334.58,Retail,Success
T005275,A00486,2024-06-15,Credit,Branch,2104.76,Healthcare,Success
T005276,A00452,2024-09-22,Credit,Mobile,7509.93,Travel,Success
T005277,A00337,2024-10-24,NEFT,Mobile,40734.08,Utility,Success
T005278,A00589,2024-06-01,NEFT,Internet Banking,89870.07,Utility,Success
T005279,A00286,2025-12-06,Credit,Mobile,15723.4,Travel,Reversed
T005280,A00337,2024-10-25,ATM,ATM,5000.0,Cash Withdrawal,Success
T005281,A00563,2024-05-29,Credit,Mobile,7935.35,Investment,Success
T005282,A00133,2024-03-16,NEFT,Mobile,8642.47,Retail,Success
T005283,A00553,2025-09-03,NEFT,Internet Banking,76578.2,Education,Success
T005284,A00452,2025-02-04,Debit,Mobile,7669.46,Loan EMI,Success
T005285,A00198,2024-08-27,Credit,Internet Banking,12934.93,Cash Withdrawal,Success
T005286,A00460,2024-02-04,NEFT,Branch,24043.39,Education,Success
T005287,A00225,2025-05-02,IMPS,Branch,44205.17,Utility,Success
T005288,A00309,2025-10-18,UPI,Mobile,3456.99,Travel,Success
T005289,A00013,2025-05-23,UPI,Mobile,2513.45,Retail,Success
T005290,A00341,2025-04-08,ATM,ATM,500.0,Cash Withdrawal,Success
T005291,A00562,2024-08-20,IMPS,Mobile,27435.75,Utility,Success
T005292,A00295,2025-10-16,Debit,ATM,23775.21,Loan EMI,Success
T005293,A00235,2025-01-15,IMPS,Branch,102619.49,Retail,Success
T005294,A00511,2024-02-05,Credit,Internet Banking,19882.95,Healthcare,Failed
T005295,A00254,2024-03-19,ATM,ATM,20000.0,Cash Withdrawal,Success
T005296,A00050,2024-09-17,IMPS,Branch,24617.6,Investment,Success
T005297,A00122,2025-06-14,Debit,Internet Banking,18153.23,Loan EMI,Success
T005298,A00382,2024-06-22,UPI,Mobile,2949.73,Utility,Success
T005299,A00376,2024-02-03,UPI,Mobile,1228.22,Healthcare,Success
T005300,A00071,2025-06-27,Debit,Branch,30918.11,Investment,Success
T005301,A00217,2025-09-12,UPI,Mobile,3352.05,Travel,Success
T005302,A00100,2024-04-02,UPI,Mobile,1278.7,Utility,Success
T005303,A00406,2024-06-30,ATM,ATM,10000.0,Cash Withdrawal,Success
T005304,A00027,2025-06-06,IMPS,Branch,24597.77,Utility,Success
T005305,A00094,2024-05-05,Credit,Mobile,19478.07,Loan EMI,Success
T005306,A00146,2025-07-21,Credit,Branch,35967.34,Education,Success
T005307,A00350,2025-02-03,UPI,Mobile,499.25,Travel,Success
T005308,A00226,2025-06-15,NEFT,Mobile,45677.06,Utility,Success
T005309,A00122,2024-09-24,Credit,ATM,17947.49,Utility,Success
T005310,A00199,2024-05-27,Debit,Internet Banking,22669.53,Education,Success
T005311,A00189,2024-04-13,ATM,ATM,2000.0,Cash Withdrawal,Success
T005312,A00266,2024-07-08,Credit,Branch,18059.89,Loan EMI,Success
T005313,A00542,2025-04-11,Credit,ATM,7742.63,Utility,Failed
T005314,A00350,2025-08-03,Credit,ATM,3844.46,Education,Success
T005315,A00003,2025-08-11,Debit,Internet Banking,8761.9,Loan EMI,Failed
T005316,A00236,2025-02-08,Debit,Branch,17679.85,Loan EMI,Success
T005317,A00485,2024-06-01,Debit,Mobile,7162.72,Investment,Success
T005318,A00075,2024-05-10,UPI,Mobile,3804.1,Retail,Success
T005319,A00077,2024-09-02,ATM,ATM,500.0,Cash Withdrawal,Success
T005320,A00198,2025-01-16,IMPS,Branch,30601.46,Utility,Success
T005321,A00296,2025-06-21,NEFT,Mobile,20409.36,Utility,Success
T005322,A00133,2024-07-04,Debit,Branch,15460.61,Retail,Success
T005323,A00559,2024-11-25,NEFT,Mobile,28331.3,Utility,Success
T005324,A00323,2024-07-31,UPI,Mobile,1053.41,Retail,Success
T005325,A00562,2024-12-27,UPI,Mobile,5253.02,Healthcare,Success
T005326,A00178,2024-05-06,Debit,Mobile,7130.79,Investment,Success
T005327,A00195,2024-05-23,Debit,Mobile,8545.22,Retail,Success
T005328,A00221,2025-04-02,Credit,Mobile,15604.71,Education,Success
T005329,A00579,2024-11-04,Debit,Branch,24629.69,Retail,Success
T005330,A00468,2024-08-24,UPI,Mobile,2115.06,Retail,Success
T005331,A00063,2025-11-18,Debit,ATM,11612.16,Investment,Success
T005332,A00333,2024-11-11,Credit,Internet Banking,739640.33,Retail,Failed
T005333,A00342,2025-10-27,IMPS,Branch,25080.35,Investment,Failed
T005334,A00588,2024-04-13,ATM,ATM,10000.0,Cash Withdrawal,Success
T005335,A00188,2025-08-01,ATM,ATM,1000.0,Cash Withdrawal,Success
T005336,A00143,2025-07-01,Debit,Internet Banking,8295.09,Utility,Success
T005337,A00376,2024-08-12,UPI,Mobile,937.96,Utility,Success
T005338,A00341,2024-08-28,Debit,Mobile,14096.1,Loan EMI,Success
T005339,A00446,2025-11-28,NEFT,Internet Banking,16800.37,Healthcare,Success
T005340,A00095,2024-04-12,UPI,Mobile,561.33,Retail,Success
T005341,A00110,2025-08-27,Debit,Branch,8527.07,Retail,Success
T005342,A00120,2024-07-13,Debit,Mobile,3015.59,Education,Success
T005343,A00499,2024-01-09,NEFT,Internet Banking,40667.65,Healthcare,Success
T005344,A00029,2025-02-28,Credit,Branch,14119.39,Retail,Success
T005345,A00394,2025-06-13,Credit,Internet Banking,15696.65,Utility,Success
T005346,A00284,2025-04-04,IMPS,Mobile,60097.41,Investment,Success
T005347,A00511,2024-09-06,Credit,ATM,8696.86,Retail,Failed
T005348,A00141,2025-08-12,ATM,ATM,500.0,Cash Withdrawal,Success
T005349,A00409,2025-03-27,UPI,Mobile,3476.32,Retail,Success
T005350,A00166,2024-02-05,UPI,Mobile,3245.8,Healthcare,Success
T005351,A00024,2024-08-27,Debit,ATM,5135.01,Retail,Success
T005352,A00444,2025-07-06,NEFT,Branch,32684.65,Education,Success
T005353,A00477,2025-12-14,ATM,ATM,500.0,Cash Withdrawal,Success
T005354,A00313,2024-07-08,Credit,ATM,1373.47,Cash Withdrawal,Failed
T005355,A00385,2024-03-27,IMPS,Mobile,75455.36,Education,Success
T005356,A00298,2024-01-10,UPI,Mobile,2732.6,Travel,Success
T005357,A00532,2024-11-19,UPI,Mobile,4060.33,Travel,Reversed
T005358,A00075,2024-08-17,NEFT,Branch,9309.98,Utility,Success
T005359,A00574,2024-02-23,Debit,Internet Banking,14937.51,Retail,Success
T005360,A00287,2025-03-19,Debit,ATM,7558.73,Retail,Success
T005361,A00312,2024-02-08,Credit,Internet Banking,2068.07,Cash Withdrawal,Success
T005362,A00494,2025-01-29,UPI,Mobile,3016.12,Travel,Failed
T005363,A00471,2024-12-25,Credit,Internet Banking,4295.09,Retail,Success
T005364,A00149,2024-10-15,Debit,Branch,13725.83,Healthcare,Success
T005365,A00203,2025-06-27,Credit,Internet Banking,7497.26,Healthcare,Success
T005366,A00541,2024-04-24,Credit,Mobile,12230.14,Investment,Success
T005367,A00396,2024-03-02,UPI,Mobile,2793.22,Retail,Success
T005368,A00024,2024-11-11,Debit,ATM,12252.44,Retail,Success
T005369,A00074,2025-05-24,Debit,Internet Banking,5641.34,Cash Withdrawal,Success
T005370,A00412,2024-07-12,NEFT,Internet Banking,112888.59,Utility,Success
T005371,A00164,2025-12-18,Debit,Internet Banking,8783.81,Investment,Success
T005372,A00326,2025-01-19,Credit,ATM,6496.43,Cash Withdrawal,Success
T005373,A00300,2025-01-09,ATM,ATM,20000.0,Cash Withdrawal,Success
T005374,A00189,2024-09-14,ATM,ATM,500.0,Cash Withdrawal,Success
T005375,A00194,2025-06-04,NEFT,Internet Banking,31950.47,Utility,Success
T005376,A00474,2025-10-09,Credit,ATM,3428.04,Loan EMI,Success
T005377,A00164,2025-08-15,UPI,Mobile,896.12,Utility,Success
T005378,A00280,2024-11-02,IMPS,Branch,103476.36,Education,Success
T005379,A00409,2024-12-13,NEFT,Branch,40533.04,Education,Success
T005380,A00162,2025-10-21,ATM,ATM,10000.0,Cash Withdrawal,Success
T005381,A00528,2025-07-27,Credit,Internet Banking,11308.97,Education,Success
T005382,A00510,2025-03-04,NEFT,Branch,47516.19,Healthcare,Success
T005383,A00047,2024-11-25,Debit,Branch,10622.63,Healthcare,Success
T005384,A00573,2025-04-10,Credit,Branch,21383.4,Loan EMI,Success
T005385,A00489,2025-03-18,UPI,Mobile,2432.1,Healthcare,Success
T005386,A00085,2025-08-25,Credit,Branch,14230.14,Healthcare,Success
T005387,A00133,2024-12-16,UPI,Mobile,3584.49,Travel,Success
T005388,A00530,2024-01-16,UPI,Mobile,3584.22,Utility,Success
T005389,A00339,2025-08-11,Credit,ATM,11858.97,Investment,Success
T005390,A00445,2025-05-11,Credit,ATM,8487.52,Cash Withdrawal,Success
T005391,A00514,2024-04-23,Debit,ATM,12591.6,Loan EMI,Success
T005392,A00057,2024-05-18,IMPS,Branch,30883.26,Utility,Success
T005393,A00299,2024-09-19,UPI,Mobile,1097.94,Retail,Success
T005394,A00574,2024-11-24,UPI,Mobile,1728.07,Utility,Success
T005395,A00228,2025-05-17,Debit,ATM,13950.89,Cash Withdrawal,Success
T005396,A00506,2025-02-03,IMPS,Branch,51452.62,Healthcare,Success
T005397,A00287,2024-07-07,Credit,ATM,25845.3,Retail,Success
T005398,A00227,2024-01-11,ATM,ATM,1000.0,Cash Withdrawal,Success
T005399,A00137,2025-06-24,UPI,Mobile,1854.65,Travel,Success
T005400,A00541,2025-07-23,UPI,Mobile,1491.81,Utility,Success
T005401,A00456,2025-02-16,Credit,Internet Banking,19850.06,Investment,Success
T005402,A00197,2025-04-20,UPI,Mobile,767.25,Utility,Success
T005403,A00303,2024-07-20,ATM,ATM,500.0,Cash Withdrawal,Success
T005404,A00423,2024-04-15,UPI,Mobile,334.82,Travel,Success
T005405,A00500,2025-11-28,UPI,Mobile,2136.64,Travel,Success
T005406,A00305,2025-07-31,IMPS,Branch,26711.05,Utility,Failed
T005407,A00458,2025-08-18,Debit,Internet Banking,9222.02,Utility,Success
T005408,A00037,2024-04-11,Debit,Mobile,5962.63,Healthcare,Success
T005409,A00064,2025-05-06,UPI,Mobile,3378.03,Travel,Success
T005410,A00048,2024-01-22,UPI,Mobile,349.71,Travel,Success
T005411,A00327,2025-08-16,Credit,Branch,15753.81,Loan EMI,Success
T005412,A00462,2025-08-10,NEFT,Internet Banking,33761.31,Education,Success
T005413,A00004,2024-04-02,ATM,ATM,20000.0,Cash Withdrawal,Success
T005414,A00124,2024-04-30,UPI,Mobile,4135.87,Travel,Success
T005415,A00277,2024-02-10,Debit,Mobile,19904.11,Utility,Reversed
T005416,A00099,2024-09-26,UPI,Mobile,582.77,Utility,Success
T005417,A00086,2025-10-31,Credit,Branch,16628.33,Education,Success
T005418,A00061,2025-01-11,UPI,Mobile,2092.77,Healthcare,Success
T005419,A00267,2024-06-06,Debit,ATM,10353.63,Education,Success
T005420,A00515,2024-12-31,NEFT,Branch,50454.88,Education,Success
T005421,A00319,2025-01-29,Debit,Internet Banking,6917.92,Education,Success
T005422,A00345,2024-02-24,ATM,ATM,500.0,Cash Withdrawal,Success
T005423,A00479,2025-05-01,NEFT,Branch,36199.26,Utility,Success
T005424,A00078,2025-02-14,Credit,Mobile,11010.78,Healthcare,Success
T005425,A00474,2025-09-24,UPI,Mobile,785.96,Utility,Success
T005426,A00324,2025-11-22,NEFT,Branch,26758.54,Investment,Success
T005427,A00493,2025-12-25,UPI,Mobile,1024.21,Travel,Success
T005428,A00562,2025-08-06,NEFT,Branch,44064.29,Utility,Success
T005429,A00466,2025-03-29,Credit,Internet Banking,23121.43,Loan EMI,Success
T005430,A00408,2025-09-23,Credit,ATM,4010.4,Retail,Success
T005431,A00174,2025-09-03,Debit,Internet Banking,14214.66,Healthcare,Success
T005432,A00106,2024-11-20,UPI,Mobile,993.78,Retail,Success
T005433,A00019,2024-10-19,Credit,Mobile,19145.72,Retail,Success
T005434,A00072,2024-05-17,UPI,Mobile,2023.04,Utility,Success
T005435,A00488,2024-02-27,IMPS,Internet Banking,8962.64,Healthcare,Success
T005436,A00106,2024-10-25,UPI,Mobile,1729.14,Travel,Success
T005437,A00082,2025-08-19,Debit,Branch,9988.01,Travel,Success
T005438,A00120,2024-11-27,UPI,Mobile,517.29,Utility,Success
T005439,A00096,2024-08-12,UPI,Mobile,1004.43,Retail,Success
T005440,A00493,2024-10-08,UPI,Mobile,1672.88,Retail,Success
T005441,A00444,2024-01-29,NEFT,Internet Banking,23554.38,Utility,Success
T005442,A00475,2024-08-06,UPI,Mobile,3074.46,Travel,Success
T005443,A00046,2024-03-26,NEFT,Internet Banking,30580.26,Utility,Failed
T005444,A00180,2025-02-27,Credit,Branch,7262.38,Utility,Success
T005445,A00275,2024-01-16,IMPS,Mobile,38714.24,Utility,Success
T005446,A00284,2025-12-10,UPI,Mobile,1910.54,Healthcare,Failed
T005447,A00333,2024-03-28,IMPS,Mobile,62166.67,Investment,Success
T005448,A00294,2025-04-27,Credit,Mobile,11307.75,Retail,Success
T005449,A00086,2024-11-19,ATM,ATM,500.0,Cash Withdrawal,Success
T005450,A00348,2025-09-17,IMPS,Branch,41073.47,Healthcare,Failed
T005451,A00515,2025-02-19,UPI,Mobile,1175.66,Travel,Success
T005452,A00289,2025-05-21,IMPS,Branch,89709.28,Healthcare,Success
T005453,A00270,2025-05-29,NEFT,Mobile,44428.2,Healthcare,Success
T005454,A00009,2024-10-06,Credit,ATM,12100.45,Investment,Success
T005455,A00412,2025-08-27,NEFT,Branch,23554.53,Retail,Success
T005456,A00525,2024-12-11,NEFT,Internet Banking,67439.07,Retail,Success
T005457,A00115,2024-04-28,Debit,Mobile,2968.85,Investment,Failed
T005458,A00022,2024-03-18,UPI,Mobile,1749.66,Utility,Success
T005459,A00179,2025-02-15,UPI,Mobile,904.55,Healthcare,Success
T005460,A00048,2024-09-25,Debit,ATM,18086.17,Travel,Success
T005461,A00296,2024-05-20,UPI,Mobile,1924.31,Utility,Success
T005462,A00527,2025-10-06,Credit,Mobile,12215.26,Healthcare,Success
T005463,A00130,2024-08-20,UPI,Mobile,640.76,Healthcare,Success
T005464,A00439,2025-06-06,Debit,Internet Banking,10458.64,Retail,Success
T005465,A00439,2025-07-30,ATM,ATM,500.0,Cash Withdrawal,Success
T005466,A00006,2025-03-31,IMPS,Branch,43702.28,Retail,Success
T005467,A00046,2025-03-15,UPI,Mobile,2867.61,Utility,Success
T005468,A00505,2024-06-06,ATM,ATM,1000.0,Cash Withdrawal,Success
T005469,A00500,2025-02-04,UPI,Mobile,2163.97,Retail,Success
T005470,A00128,2025-04-15,NEFT,Mobile,58160.61,Utility,Success
T005471,A00015,2024-03-23,ATM,ATM,5000.0,Cash Withdrawal,Failed
T005472,A00572,2024-01-07,Credit,Internet Banking,3763.71,Loan EMI,Success
T005473,A00301,2025-01-11,Debit,Internet Banking,12033.13,Travel,Success
T005474,A00516,2025-05-08,NEFT,Mobile,63790.67,Healthcare,Success
T005475,A00167,2024-06-30,UPI,Mobile,150.79,Travel,Success
T005476,A00273,2024-07-29,Credit,Branch,9393.98,Travel,Success
T005477,A00185,2025-01-07,UPI,Mobile,1993.57,Travel,Failed
T005478,A00495,2024-10-14,NEFT,Internet Banking,69383.08,Retail,Success
T005479,A00047,2024-12-19,UPI,Mobile,1636.77,Utility,Success
T005480,A00416,2025-08-28,ATM,ATM,10000.0,Cash Withdrawal,Success
T005481,A00095,2024-06-29,ATM,ATM,1000.0,Cash Withdrawal,Success
T005482,A00136,2024-03-03,UPI,Mobile,1502.1,Healthcare,Success
T005483,A00575,2024-02-09,Credit,Internet Banking,13154.38,Retail,Success
T005484,A00177,2024-02-18,ATM,ATM,5000.0,Cash Withdrawal,Success
T005485,A00238,2025-01-15,IMPS,Branch,44276.83,Education,Success
T005486,A00338,2024-05-06,Debit,Internet Banking,5915.68,Travel,Success
T005487,A00433,2024-12-21,UPI,Mobile,1027.2,Healthcare,Success
T005488,A00411,2024-02-25,Credit,ATM,2553.7,Education,Success
T005489,A00521,2024-07-11,IMPS,Internet Banking,20885.59,Retail,Success
T005490,A00292,2025-01-03,Credit,Mobile,4932.03,Investment,Success
T005491,A00469,2025-07-26,NEFT,Mobile,17283.13,Investment,Success
T005492,A00531,2024-04-09,NEFT,Branch,119948.1,Investment,Success
T005493,A00124,2024-02-27,IMPS,Branch,66781.65,Utility,Success
T005494,A00311,2025-06-11,Debit,Branch,5019.59,Education,Success
T005495,A00294,2025-03-16,Credit,ATM,473577.41,Investment,Success
T005496,A00530,2024-02-09,Debit,Branch,7284.53,Loan EMI,Success
T005497,A00302,2024-10-16,UPI,Mobile,465.23,Retail,Failed
T005498,A00590,2024-09-05,Credit,Internet Banking,12931.31,Retail,Success
T005499,A00025,2024-06-12,NEFT,Mobile,40157.13,Education,Reversed
T005500,A00005,2025-12-03,IMPS,Internet Banking,17070.94,Education,Success
T005501,A00125,2025-09-30,UPI,Mobile,2446.02,Utility,Success
T005502,A00515,2024-08-02,IMPS,Branch,53477.63,Utility,Success
T005503,A00326,2024-01-25,Debit,Branch,6762.95,Healthcare,Success
T005504,A00365,2024-11-18,Debit,Mobile,5667.37,Healthcare,Failed
T005505,A00384,2024-03-15,Debit,ATM,8240.95,Retail,Success
T005506,A00266,2025-04-24,Credit,Internet Banking,15459.83,Loan EMI,Reversed
T005507,A00366,2024-01-14,ATM,ATM,500.0,Cash Withdrawal,Success
T005508,A00127,2025-06-27,UPI,Mobile,5376.2,Retail,Success
T005509,A00097,2024-10-23,Credit,Mobile,15228.33,Retail,Success
T005510,A00043,2024-10-08,ATM,ATM,2000.0,Cash Withdrawal,Success
T005511,A00224,2024-08-09,NEFT,Internet Banking,13514.67,Healthcare,Success
T005512,A00407,2025-07-29,UPI,Mobile,1905.53,Utility,Success
T005513,A00214,2024-02-13,UPI,Mobile,1639.48,Travel,Success
T005514,A00215,2025-09-09,Credit,Mobile,11270.43,Healthcare,Success
T005515,A00047,2025-03-25,Credit,ATM,4076.49,Travel,Success
T005516,A00316,2025-09-22,Credit,ATM,13353.17,Travel,Success
T005517,A00414,2025-08-15,Debit,Branch,10680.09,Investment,Failed
T005518,A00371,2025-11-25,ATM,ATM,500.0,Cash Withdrawal,Success
T005519,A00335,2025-12-10,IMPS,Mobile,13034.51,Education,Success
T005520,A00124,2025-01-11,Credit,ATM,28959.58,Travel,Success
T005521,A00245,2025-10-30,IMPS,Internet Banking,11895.39,Retail,Success
T005522,A00512,2025-02-24,NEFT,Internet Banking,45856.43,Utility,Success
T005523,A00163,2024-08-03,Debit,Branch,9833.38,Education,Success
T005524,A00005,2024-05-28,Debit,Branch,104037.42,Loan EMI,Success
T005525,A00259,2025-07-13,IMPS,Mobile,74750.47,Healthcare,Success
T005526,A00533,2025-10-29,Credit,Mobile,19068.14,Utility,Success
T005527,A00540,2025-09-12,UPI,Mobile,1347.01,Healthcare,Success
T005528,A00379,2024-07-29,IMPS,Mobile,17863.84,Investment,Success
T005529,A00561,2024-05-30,Debit,Mobile,7886.53,Loan EMI,Success
T005530,A00578,2024-06-22,Debit,Internet Banking,8963.46,Retail,Success
T005531,A00105,2025-06-20,ATM,ATM,5000.0,Cash Withdrawal,Success
T005532,A00541,2025-11-07,UPI,Mobile,2869.13,Healthcare,Success
T005533,A00563,2025-12-03,Credit,Mobile,13790.36,Investment,Success
T005534,A00012,2024-01-15,Debit,Internet Banking,19660.68,Travel,Success
T005535,A00049,2024-11-15,ATM,ATM,1000.0,Cash Withdrawal,Success
T005536,A00280,2025-01-21,Debit,Mobile,3960.85,Investment,Success
T005537,A00480,2025-09-03,Credit,ATM,20677.79,Travel,Success
T005538,A00488,2025-09-11,UPI,Mobile,3815.8,Travel,Success
T005539,A00566,2024-08-05,Debit,Mobile,6362.39,Healthcare,Success
T005540,A00566,2025-04-11,UPI,Mobile,2627.75,Retail,Success
T005541,A00287,2025-06-30,Debit,ATM,23692.08,Investment,Success
T005542,A00402,2025-12-09,UPI,Mobile,957.04,Travel,Success
T005543,A00228,2024-03-12,ATM,ATM,10000.0,Cash Withdrawal,Success
T005544,A00452,2025-02-28,Debit,ATM,4885.11,Loan EMI,Success
T005545,A00025,2025-06-27,UPI,Mobile,1779.42,Retail,Success
T005546,A00559,2024-06-26,IMPS,Branch,6576.94,Education,Success
T005547,A00469,2024-04-19,Credit,Internet Banking,20509.94,Retail,Success
T005548,A00354,2024-11-23,UPI,Mobile,724.4,Retail,Success
T005549,A00212,2024-03-20,Debit,Branch,9196.97,Travel,Success
T005550,A00413,2024-05-20,Debit,ATM,16729.31,Cash Withdrawal,Success
T005551,A00530,2025-07-11,Credit,Branch,15385.29,Retail,Success
T005552,A00511,2025-02-22,UPI,Mobile,2400.02,Retail,Success
T005553,A00471,2025-06-17,Debit,Internet Banking,6339.22,Cash Withdrawal,Success
T005554,A00353,2025-03-28,UPI,Mobile,1892.58,Healthcare,Success
T005555,A00519,2025-06-07,ATM,ATM,5000.0,Cash Withdrawal,Success
T005556,A00364,2025-11-10,NEFT,Internet Banking,59435.44,Education,Success
T005557,A00427,2025-04-10,Credit,Branch,7170.71,Retail,Success
T005558,A00450,2025-04-28,UPI,Mobile,4717.8,Retail,Success
T005559,A00334,2024-09-23,Credit,Branch,9474.19,Loan EMI,Failed
T005560,A00434,2025-11-18,UPI,Mobile,236.01,Travel,Success
T005561,A00214,2025-07-03,ATM,ATM,10000.0,Cash Withdrawal,Success
T005562,A00381,2025-10-24,NEFT,Mobile,28960.45,Retail,Success
T005563,A00441,2025-03-17,IMPS,Internet Banking,76809.2,Investment,Success
T005564,A00283,2025-10-18,UPI,Mobile,685.45,Utility,Success
T005565,A00083,2025-12-23,Debit,Branch,5189.1,Investment,Success
T005566,A00389,2024-01-05,UPI,Mobile,2002.95,Retail,Success
T005567,A00458,2025-02-26,NEFT,Mobile,14038.45,Utility,Success
T005568,A00302,2025-09-11,NEFT,Branch,518104.25,Utility,Success
T005569,A00378,2025-11-12,UPI,Mobile,760.79,Utility,Failed
T005570,A00262,2024-02-09,Credit,Internet Banking,27243.02,Cash Withdrawal,Success
T005571,A00524,2024-11-01,NEFT,Branch,47492.3,Investment,Success
T005572,A00335,2024-07-04,NEFT,Internet Banking,35183.0,Education,Success
T005573,A00540,2025-04-13,ATM,ATM,1000.0,Cash Withdrawal,Success
T005574,A00210,2024-06-10,Credit,Internet Banking,6308.16,Healthcare,Success
T005575,A00112,2024-02-16,ATM,ATM,500.0,Cash Withdrawal,Success
T005576,A00429,2024-03-08,NEFT,Mobile,58969.15,Utility,Failed
T005577,A00001,2025-10-16,Credit,Mobile,15912.32,Retail,Success
T005578,A00490,2025-03-06,IMPS,Mobile,93883.99,Investment,Success
T005579,A00325,2025-11-18,UPI,Mobile,677.84,Travel,Success
T005580,A00378,2024-03-03,NEFT,Internet Banking,14341.78,Education,Success
T005581,A00277,2024-03-22,Credit,Internet Banking,2356.98,Retail,Success
T005582,A00374,2024-07-15,ATM,ATM,10000.0,Cash Withdrawal,Success
T005583,A00382,2025-09-05,UPI,Mobile,2197.82,Healthcare,Success
T005584,A00197,2024-03-01,Debit,Mobile,12729.29,Healthcare,Success
T005585,A00565,2024-06-17,ATM,ATM,500.0,Cash Withdrawal,Success
T005586,A00289,2024-08-24,Credit,Branch,8322.97,Utility,Success
T005587,A00296,2024-10-28,UPI,Mobile,238.1,Utility,Success
T005588,A00152,2025-08-30,ATM,ATM,2000.0,Cash Withdrawal,Success
T005589,A00532,2025-12-10,UPI,Mobile,3858.38,Utility,Success
T005590,A00505,2025-04-10,Credit,Internet Banking,12304.34,Cash Withdrawal,Success
T005591,A00544,2024-08-04,ATM,ATM,2000.0,Cash Withdrawal,Success
T005592,A00438,2025-04-06,UPI,Mobile,517505.62,Retail,Success
T005593,A00310,2024-10-25,IMPS,Branch,76829.54,Retail,Success
T005594,A00068,2025-01-23,UPI,Mobile,2152.91,Travel,Success
T005595,A00453,2024-12-30,UPI,Mobile,2380.19,Healthcare,Success
T005596,A00189,2024-10-18,UPI,Mobile,550277.86,Retail,Success
T005597,A00093,2025-01-05,ATM,ATM,10000.0,Cash Withdrawal,Success
T005598,A00372,2025-01-22,Debit,Mobile,11666.48,Utility,Success
T005599,A00216,2024-09-28,Debit,Internet Banking,19994.69,Retail,Success
T005600,A00228,2024-03-13,IMPS,Internet Banking,17809.6,Retail,Success
T005601,A00251,2024-11-26,IMPS,Branch,61755.05,Education,Success
T005602,A00505,2024-08-02,IMPS,Branch,59189.0,Utility,Success
T005603,A00107,2024-03-14,Debit,ATM,18089.34,Utility,Success
T005604,A00082,2024-11-23,Debit,Internet Banking,11141.96,Education,Success
T005605,A00487,2024-02-23,UPI,Mobile,813.32,Utility,Success
T005606,A00394,2025-10-22,ATM,ATM,20000.0,Cash Withdrawal,Success
T005607,A00229,2024-07-08,UPI,Mobile,4700.36,Travel,Success
T005608,A00214,2024-05-13,UPI,Mobile,3702.14,Healthcare,Failed
T005609,A00529,2025-09-12,UPI,Mobile,1576.55,Utility,Success
T005610,A00547,2025-09-28,IMPS,Branch,40006.31,Investment,Failed
T005611,A00532,2025-05-21,ATM,ATM,1000.0,Cash Withdrawal,Success
T005612,A00465,2024-07-18,Debit,Mobile,9061.65,Cash Withdrawal,Success
T005613,A00581,2025-11-20,Debit,ATM,2507.4,Loan EMI,Success
T005614,A00161,2025-06-23,Credit,Branch,10232.93,Retail,Success
T005615,A00374,2024-04-17,Debit,ATM,14985.47,Utility,Success
T005616,A00579,2025-05-20,IMPS,Mobile,21968.64,Education,Success
T005617,A00216,2024-03-13,IMPS,Mobile,26657.34,Retail,Success
T005618,A00225,2025-10-18,Debit,Internet Banking,8689.59,Healthcare,Success
T005619,A00453,2024-04-07,NEFT,Mobile,36730.39,Education,Success
T005620,A00021,2024-01-21,NEFT,Internet Banking,28546.85,Healthcare,Success
T005621,A00379,2025-06-18,ATM,ATM,5000.0,Cash Withdrawal,Success
T005622,A00127,2025-10-13,Credit,ATM,5809.21,Education,Success
T005623,A00451,2024-07-16,Credit,Mobile,11742.27,Healthcare,Success
T005624,A00408,2025-09-04,Debit,Internet Banking,14501.47,Utility,Failed
T005625,A00531,2024-10-20,ATM,ATM,5000.0,Cash Withdrawal,Success
T005626,A00550,2025-11-23,UPI,Mobile,1757.06,Utility,Success
T005627,A00369,2024-06-16,ATM,ATM,1000.0,Cash Withdrawal,Success
T005628,A00027,2025-03-31,Debit,Branch,2325.34,Travel,Success
T005629,A00265,2025-10-31,UPI,Mobile,2368.33,Retail,Success
T005630,A00284,2024-11-19,IMPS,Branch,13100.07,Healthcare,Success
T005631,A00214,2025-07-20,Debit,Branch,14347.63,Loan EMI,Success
T005632,A00377,2025-04-06,NEFT,Internet Banking,46780.66,Healthcare,Success
T005633,A00475,2024-03-01,Debit,Mobile,3316.87,Utility,Success
T005634,A00125,2024-02-01,IMPS,Internet Banking,60423.08,Retail,Success
T005635,A00020,2025-05-03,Debit,Mobile,29948.39,Cash Withdrawal,Success
T005636,A00444,2025-03-15,IMPS,Internet Banking,27252.04,Retail,Success
T005637,A00491,2025-12-03,Debit,Mobile,14349.48,Travel,Success
T005638,A00284,2024-08-28,Debit,Mobile,229758.23,Travel,Success
T005639,A00363,2025-04-09,Debit,ATM,4518.84,Loan EMI,Success
T005640,A00420,2025-01-06,ATM,ATM,1000.0,Cash Withdrawal,Success
T005641,A00510,2025-05-06,IMPS,Internet Banking,64219.78,Utility,Success
T005642,A00345,2025-09-21,Credit,Branch,14576.61,Education,Success
T005643,A00316,2025-03-12,ATM,ATM,1000.0,Cash Withdrawal,Success
T005644,A00024,2025-03-04,NEFT,Mobile,19896.98,Education,Success
T005645,A00494,2024-08-13,NEFT,Internet Banking,13446.12,Education,Success
T005646,A00315,2024-06-17,UPI,Mobile,4836.35,Retail,Success
T005647,A00073,2025-10-12,NEFT,Mobile,10610.09,Investment,Success
T005648,A00402,2024-04-24,Debit,Mobile,15867.75,Loan EMI,Success
T005649,A00462,2025-02-11,Credit,Mobile,12178.37,Education,Success
T005650,A00060,2024-12-05,UPI,Mobile,2584.4,Utility,Success
T005651,A00502,2025-03-29,UPI,Mobile,4018.75,Travel,Success
T005652,A00302,2025-02-26,UPI,Mobile,73.12,Healthcare,Success
T005653,A00286,2025-09-22,UPI,Mobile,624.67,Retail,Success
T005654,A00545,2024-08-12,Credit,Internet Banking,10018.19,Cash Withdrawal,Success
T005655,A00575,2025-06-04,IMPS,Internet Banking,90265.26,Education,Success
T005656,A00428,2025-06-27,ATM,ATM,10000.0,Cash Withdrawal,Reversed
T005657,A00477,2024-09-16,IMPS,Internet Banking,645540.79,Investment,Success
T005658,A00470,2024-03-07,NEFT,Mobile,21202.11,Healthcare,Success
T005659,A00377,2024-01-17,Credit,Branch,1557.38,Education,Success
T005660,A00092,2024-03-08,NEFT,Mobile,19608.69,Healthcare,Success
T005661,A00068,2024-10-10,Credit,Branch,15526.8,Utility,Success
T005662,A00433,2024-11-11,IMPS,Branch,31026.3,Utility,Success
T005663,A00450,2024-11-29,Credit,ATM,6473.45,Utility,Success
T005664,A00112,2025-01-17,IMPS,Mobile,103458.31,Investment,Success
T005665,A00235,2024-04-30,NEFT,Branch,27148.05,Utility,Success
T005666,A00078,2025-12-27,Debit,Mobile,11767.3,Retail,Success
T005667,A00050,2024-11-07,UPI,Mobile,784.08,Utility,Success
T005668,A00368,2025-11-29,NEFT,Internet Banking,12859.24,Education,Success
T005669,A00269,2024-06-08,UPI,Mobile,2467.91,Retail,Success
T005670,A00076,2025-09-29,IMPS,Internet Banking,7543.44,Healthcare,Success
T005671,A00056,2024-01-22,UPI,Mobile,2119.16,Healthcare,Success
T005672,A00452,2025-06-19,Credit,ATM,610.95,Cash Withdrawal,Success
T005673,A00456,2025-02-02,Credit,Internet Banking,13400.08,Loan EMI,Success
T005674,A00295,2024-06-16,IMPS,Mobile,14014.67,Healthcare,Failed
T005675,A00363,2025-06-15,ATM,ATM,2000.0,Cash Withdrawal,Success
T005676,A00012,2024-09-18,UPI,Mobile,709.41,Healthcare,Success
T005677,A00343,2025-12-19,UPI,Mobile,1204.01,Utility,Success
T005678,A00061,2024-07-21,Credit,Mobile,4210.08,Investment,Success
T005679,A00465,2024-07-01,NEFT,Branch,5674.54,Education,Success
T005680,A00501,2025-03-05,Debit,Mobile,9570.77,Cash Withdrawal,Success
T005681,A00540,2024-08-04,Debit,ATM,17372.89,Travel,Success
T005682,A00011,2024-05-19,NEFT,Mobile,39476.55,Investment,Failed
T005683,A00141,2024-05-28,UPI,Mobile,3209.93,Healthcare,Success
T005684,A00567,2024-12-01,UPI,Mobile,1087.95,Travel,Success
T005685,A00384,2025-01-14,Debit,ATM,11087.03,Cash Withdrawal,Success
T005686,A00253,2025-06-19,UPI,Mobile,710.01,Retail,Success
T005687,A00360,2025-05-03,UPI,Mobile,1591.35,Utility,Success
T005688,A00394,2024-04-15,Debit,ATM,20608.54,Healthcare,Success
T005689,A00216,2025-04-26,Debit,Branch,14968.86,Loan EMI,Success
T005690,A00175,2024-11-23,Credit,Branch,22426.72,Utility,Success
T005691,A00152,2024-04-08,ATM,ATM,10000.0,Cash Withdrawal,Success
T005692,A00462,2024-11-29,IMPS,Internet Banking,238094.75,Retail,Success
T005693,A00020,2024-01-13,UPI,Mobile,1384.52,Utility,Success
T005694,A00346,2025-06-19,Credit,ATM,26303.89,Utility,Success
T005695,A00509,2025-11-26,UPI,Mobile,1639.67,Healthcare,Success
T005696,A00557,2025-03-27,ATM,ATM,10000.0,Cash Withdrawal,Success
T005697,A00482,2024-01-24,ATM,ATM,1000.0,Cash Withdrawal,Success
T005698,A00540,2025-04-19,ATM,ATM,142341.19,Cash Withdrawal,Success
T005699,A00140,2025-11-23,Credit,Branch,29778.06,Education,Success
T005700,A00437,2025-04-16,Debit,Mobile,19005.32,Travel,Success
T005701,A00142,2025-10-13,IMPS,Branch,19822.47,Utility,Success
T005702,A00319,2024-04-07,NEFT,Mobile,28904.85,Healthcare,Success
T005703,A00404,2025-12-15,UPI,Mobile,4024.96,Healthcare,Success
T005704,A00249,2025-03-26,IMPS,Branch,69289.5,Retail,Success
T005705,A00353,2024-09-11,UPI,Mobile,2529.21,Retail,Success
T005706,A00235,2025-11-05,NEFT,Mobile,51233.02,Education,Success
T005707,A00206,2025-10-22,UPI,Mobile,451.67,Healthcare,Success
T005708,A00120,2024-06-11,UPI,Mobile,560.62,Healthcare,Success
T005709,A00013,2025-07-08,IMPS,Branch,39678.35,Investment,Success
T005710,A00270,2025-11-23,Debit,Branch,5770.92,Investment,Success
T005711,A00478,2024-03-17,UPI,Mobile,1211.85,Healthcare,Success
T005712,A00214,2025-09-11,UPI,Mobile,1143.85,Utility,Failed
T005713,A00564,2024-07-23,UPI,Mobile,2257.86,Travel,Success
T005714,A00153,2025-08-19,UPI,Mobile,585811.58,Healthcare,Success
T005715,A00397,2025-12-18,UPI,Mobile,3044.05,Retail,Success
T005716,A00201,2025-10-11,Credit,Internet Banking,13125.4,Healthcare,Success
T005717,A00445,2024-06-29,Debit,Mobile,12486.79,Investment,Success
T005718,A00226,2024-11-22,Credit,Mobile,10828.86,Investment,Success
T005719,A00096,2024-01-04,UPI,Mobile,3364.17,Utility,Success
T005720,A00216,2025-12-21,UPI,Mobile,1511.67,Travel,Success
T005721,A00031,2025-06-03,ATM,ATM,10000.0,Cash Withdrawal,Success
T005722,A00287,2024-08-02,NEFT,Mobile,19349.57,Investment,Success
T005723,A00182,2025-03-17,NEFT,Branch,52898.56,Healthcare,Success
T005724,A00224,2025-07-26,NEFT,Internet Banking,30917.26,Utility,Success
T005725,A00538,2024-02-26,NEFT,Internet Banking,60821.18,Retail,Success
T005726,A00048,2025-08-28,IMPS,Branch,77474.76,Healthcare,Success
T005727,A00546,2024-09-24,Credit,Mobile,9436.63,Retail,Success
T005728,A00505,2024-10-12,UPI,Mobile,3521.91,Retail,Success
T005729,A00240,2024-04-17,Credit,Internet Banking,19163.77,Healthcare,Success
T005730,A00412,2024-01-08,Debit,Branch,7365.92,Education,Success
T005731,A00563,2024-04-26,UPI,Mobile,735.26,Retail,Success
T005732,A00147,2025-05-20,NEFT,Branch,16063.67,Retail,Success
T005733,A00568,2024-11-21,UPI,Mobile,253051.57,Travel,Success
T005734,A00123,2025-01-25,Debit,Internet Banking,21827.38,Utility,Success
T005735,A00109,2024-01-10,UPI,Mobile,1295.28,Travel,Success
T005736,A00073,2025-04-15,UPI,Mobile,867.45,Travel,Success
T005737,A00422,2025-10-14,Credit,Branch,7679.17,Retail,Success
T005738,A00033,2024-06-29,Credit,Mobile,705904.9,Cash Withdrawal,Success
T005739,A00413,2025-09-22,Debit,Branch,27690.86,Investment,Success
T005740,A00150,2025-05-17,Credit,ATM,7440.16,Healthcare,Success
T005741,A00587,2024-01-08,UPI,Mobile,2633.16,Travel,Success
T005742,A00372,2024-08-22,Debit,Branch,10878.52,Healthcare,Failed
T005743,A00197,2025-03-07,Credit,Mobile,15202.8,Retail,Success
T005744,A00287,2025-01-21,IMPS,Mobile,18023.66,Investment,Success
T005745,A00078,2024-12-12,Credit,Branch,16706.02,Utility,Success
T005746,A00214,2024-02-26,NEFT,Branch,27554.77,Investment,Success
T005747,A00328,2024-04-05,UPI,Mobile,1048.57,Travel,Success
T005748,A00449,2025-02-28,Debit,Branch,10593.18,Retail,Success
T005749,A00552,2025-01-05,UPI,Mobile,2296.93,Travel,Success
T005750,A00340,2025-05-31,Credit,Mobile,9722.48,Retail,Success
T005751,A00417,2024-05-25,ATM,ATM,5000.0,Cash Withdrawal,Success
T005752,A00329,2025-03-16,UPI,Mobile,1056.93,Retail,Success
T005753,A00019,2024-08-18,UPI,Mobile,1359.71,Utility,Success
T005754,A00309,2025-02-01,NEFT,Mobile,30085.03,Investment,Success
T005755,A00022,2024-05-23,Debit,Mobile,14993.67,Travel,Success
T005756,A00557,2025-07-14,IMPS,Internet Banking,25358.04,Healthcare,Success
T005757,A00118,2025-05-13,ATM,ATM,500.0,Cash Withdrawal,Success
T005758,A00170,2025-02-03,NEFT,Mobile,24884.27,Healthcare,Success
T005759,A00298,2025-02-14,Credit,Internet Banking,6144.29,Utility,Success
T005760,A00550,2025-10-04,IMPS,Internet Banking,49687.63,Retail,Success
T005761,A00573,2025-10-13,UPI,Mobile,1665.3,Healthcare,Success
T005762,A00149,2024-01-04,Debit,Internet Banking,22159.43,Travel,Success
T005763,A00408,2025-11-20,Debit,ATM,20456.33,Loan EMI,Success
T005764,A00266,2024-10-25,NEFT,Branch,39669.83,Healthcare,Success
T005765,A00468,2024-10-29,Debit,Mobile,10158.89,Cash Withdrawal,Success
T005766,A00016,2025-07-27,IMPS,Internet Banking,33827.43,Investment,Success
T005767,A00456,2025-08-19,Debit,Internet Banking,7063.66,Education,Success
T005768,A00268,2024-05-18,NEFT,Branch,18305.48,Investment,Success
T005769,A00098,2024-02-08,IMPS,Branch,16276.6,Utility,Failed
T005770,A00275,2024-11-27,Credit,Mobile,9600.71,Cash Withdrawal,Success
T005771,A00472,2024-02-12,Credit,Branch,306921.15,Investment,Success
T005772,A00458,2024-01-14,Credit,ATM,27045.32,Utility,Success
T005773,A00214,2025-11-07,ATM,ATM,1000.0,Cash Withdrawal,Success
T005774,A00451,2024-07-09,IMPS,Branch,14839.88,Utility,Success
T005775,A00072,2025-05-18,Debit,Mobile,31510.6,Travel,Failed
T005776,A00479,2025-09-20,Credit,ATM,5169.15,Utility,Success
T005777,A00216,2024-08-04,ATM,ATM,10000.0,Cash Withdrawal,Success
T005778,A00109,2024-01-27,ATM,ATM,10000.0,Cash Withdrawal,Success
T005779,A00376,2025-03-20,IMPS,Internet Banking,33962.66,Utility,Failed
T005780,A00302,2025-01-30,Debit,Internet Banking,13931.23,Loan EMI,Success
T005781,A00378,2025-01-26,Credit,Mobile,11578.52,Cash Withdrawal,Success
T005782,A00081,2025-10-26,NEFT,Mobile,22320.35,Investment,Success
T005783,A00162,2024-12-30,UPI,Mobile,933.1,Retail,Success
T005784,A00179,2025-06-10,UPI,Mobile,2653.24,Retail,Success
T005785,A00355,2024-04-19,Debit,Branch,22553.93,Healthcare,Success
T005786,A00260,2024-07-09,IMPS,Branch,7002.12,Retail,Success
T005787,A00124,2025-07-03,ATM,ATM,500.0,Cash Withdrawal,Success
T005788,A00564,2024-02-06,NEFT,Internet Banking,40186.29,Retail,Success
T005789,A00044,2024-12-12,Debit,Internet Banking,15867.69,Loan EMI,Success
T005790,A00577,2024-08-18,NEFT,Internet Banking,38285.07,Retail,Success
T005791,A00111,2025-03-17,UPI,Mobile,432.57,Healthcare,Success
T005792,A00067,2025-08-18,NEFT,Internet Banking,47959.48,Utility,Success
T005793,A00107,2025-08-15,UPI,Mobile,3109.68,Utility,Success
T005794,A00325,2024-12-22,IMPS,Mobile,17920.49,Utility,Success
T005795,A00123,2024-11-12,Debit,Internet Banking,7367.23,Investment,Success
T005796,A00324,2024-09-08,Credit,ATM,12373.24,Healthcare,Success
T005797,A00335,2025-09-05,IMPS,Branch,31978.84,Investment,Success
T005798,A00437,2024-08-20,Credit,Internet Banking,7395.18,Education,Success
T005799,A00240,2025-05-15,ATM,ATM,1000.0,Cash Withdrawal,Success
T005800,A00082,2025-08-07,ATM,ATM,500.0,Cash Withdrawal,Success
T005801,A00341,2025-11-30,NEFT,Internet Banking,12802.66,Education,Success
T005802,A00201,2024-01-22,NEFT,Mobile,23689.4,Retail,Success
T005803,A00541,2025-03-30,Debit,Mobile,1770.17,Investment,Success
T005804,A00091,2025-08-20,Credit,Mobile,16042.46,Utility,Success
T005805,A00250,2025-03-14,ATM,ATM,5000.0,Cash Withdrawal,Success
T005806,A00494,2024-09-12,UPI,Mobile,845.72,Retail,Success
T005807,A00277,2024-07-16,Debit,Branch,17659.66,Healthcare,Success
T005808,A00126,2025-03-23,ATM,ATM,1000.0,Cash Withdrawal,Success
T005809,A00304,2025-04-17,Debit,Branch,9324.18,Retail,Success
T005810,A00574,2025-05-08,NEFT,Internet Banking,37191.23,Education,Success
T005811,A00344,2024-12-23,NEFT,Mobile,8319.5,Education,Failed
T005812,A00205,2024-03-06,ATM,ATM,5000.0,Cash Withdrawal,Success
T005813,A00185,2025-02-18,UPI,Mobile,2460.0,Healthcare,Success
T005814,A00581,2025-10-24,UPI,Mobile,6914.68,Utility,Success
T005815,A00131,2024-11-01,UPI,Mobile,1118.22,Utility,Success
T005816,A00110,2025-02-18,Debit,Internet Banking,11760.08,Retail,Failed
T005817,A00278,2024-03-11,UPI,Mobile,1803.43,Retail,Success
T005818,A00299,2024-10-18,IMPS,Branch,11370.44,Investment,Success
T005819,A00462,2024-03-08,UPI,Mobile,602.33,Utility,Success
T005820,A00581,2025-04-13,Debit,Internet Banking,15296.86,Education,Success
T005821,A00098,2025-06-12,Credit,Internet Banking,6075.62,Utility,Success
T005822,A00213,2025-06-16,ATM,ATM,500.0,Cash Withdrawal,Success
T005823,A00241,2024-01-04,NEFT,Branch,28394.14,Retail,Success
T005824,A00118,2025-11-01,Credit,ATM,11923.42,Loan EMI,Success
T005825,A00510,2024-07-21,UPI,Mobile,2272.73,Healthcare,Success
T005826,A00246,2025-05-01,UPI,Mobile,1309.1,Travel,Success
T005827,A00109,2025-07-25,Credit,ATM,9789.59,Education,Success
T005828,A00537,2025-07-01,Debit,Branch,38950.36,Travel,Success
T005829,A00435,2024-02-22,ATM,ATM,1000.0,Cash Withdrawal,Success
T005830,A00506,2025-06-17,UPI,Mobile,2896.49,Retail,Success
T005831,A00015,2025-04-28,Credit,ATM,586384.09,Travel,Success
T005832,A00093,2025-03-03,UPI,Mobile,1348.19,Retail,Success
T005833,A00256,2025-03-30,UPI,Mobile,4742.86,Travel,Success
T005834,A00235,2024-02-29,NEFT,Internet Banking,49947.77,Investment,Success
T005835,A00552,2024-04-08,Debit,ATM,20994.37,Education,Success
T005836,A00451,2025-08-27,UPI,Mobile,1120.08,Travel,Failed
T005837,A00183,2024-02-13,UPI,Mobile,1017.27,Utility,Success
T005838,A00090,2024-12-14,UPI,Mobile,4001.73,Travel,Success
T005839,A00414,2025-05-25,UPI,Mobile,1427.64,Retail,Success
T005840,A00525,2024-02-08,IMPS,Mobile,31704.12,Utility,Success
T005841,A00001,2024-09-18,Debit,Mobile,8017.36,Utility,Success
T005842,A00449,2024-05-11,Debit,Internet Banking,20488.57,Cash Withdrawal,Success
T005843,A00226,2025-04-04,UPI,Mobile,1736.45,Healthcare,Success
T005844,A00233,2024-05-13,NEFT,Mobile,13548.5,Healthcare,Success
T005845,A00198,2025-09-17,NEFT,Branch,22222.41,Education,Success
T005846,A00435,2025-07-24,UPI,Mobile,3517.34,Retail,Success
T005847,A00310,2024-03-17,ATM,ATM,10000.0,Cash Withdrawal,Success
T005848,A00445,2025-02-18,IMPS,Internet Banking,39235.2,Investment,Success
T005849,A00395,2025-03-02,NEFT,Branch,66846.51,Education,Success
T005850,A00483,2025-05-08,ATM,ATM,10000.0,Cash Withdrawal,Success
T005851,A00294,2024-12-13,UPI,Mobile,2010.92,Healthcare,Failed
T005852,A00547,2025-12-15,Debit,ATM,5217.73,Cash Withdrawal,Success
T005853,A00175,2024-07-13,ATM,ATM,5000.0,Cash Withdrawal,Success
T005854,A00281,2024-11-28,Credit,ATM,15008.79,Investment,Success
T005855,A00127,2025-05-05,NEFT,Internet Banking,32620.92,Retail,Failed
T005856,A00591,2025-07-13,IMPS,Mobile,22704.92,Utility,Failed
T005857,A00468,2025-02-24,Debit,Branch,683824.62,Cash Withdrawal,Success
T005858,A00032,2024-11-07,Debit,ATM,20294.04,Travel,Success
T005859,A00585,2024-01-10,UPI,Mobile,1810.95,Healthcare,Success
T005860,A00016,2025-06-20,UPI,Mobile,1718.27,Retail,Success
T005861,A00004,2025-05-22,NEFT,Branch,91094.66,Retail,Success
T005862,A00083,2024-08-28,Credit,ATM,6669.29,Retail,Success
T005863,A00390,2025-08-25,Debit,ATM,10205.46,Retail,Failed
T005864,A00397,2025-04-04,Debit,ATM,7083.44,Loan EMI,Success
T005865,A00156,2025-07-22,Credit,Mobile,14825.02,Loan EMI,Success
T005866,A00362,2025-02-07,Credit,ATM,12351.37,Healthcare,Success
T005867,A00301,2024-04-28,Credit,Internet Banking,8516.59,Retail,Success
T005868,A00404,2024-04-29,UPI,Mobile,1252.72,Retail,Success
T005869,A00083,2025-03-27,Debit,Mobile,19066.32,Utility,Success
T005870,A00401,2025-09-07,UPI,Mobile,3343.88,Retail,Success
T005871,A00242,2025-12-08,NEFT,Mobile,22142.64,Retail,Success
T005872,A00353,2025-01-05,Debit,Mobile,44051.14,Investment,Success
T005873,A00189,2025-03-03,Credit,Branch,3929.44,Education,Success
T005874,A00329,2025-09-14,ATM,ATM,5000.0,Cash Withdrawal,Success
T005875,A00052,2025-07-13,ATM,ATM,20000.0,Cash Withdrawal,Success
T005876,A00499,2024-11-23,UPI,Mobile,618.93,Retail,Success
T005877,A00021,2024-07-16,UPI,Mobile,1209.76,Travel,Success
T005878,A00274,2024-12-07,Credit,Internet Banking,6409.35,Travel,Success
T005879,A00480,2025-09-19,Credit,Branch,5852.81,Utility,Success
T005880,A00220,2024-01-23,UPI,Mobile,3288.78,Utility,Failed
T005881,A00073,2025-12-03,Credit,Branch,15165.59,Cash Withdrawal,Success
T005882,A00351,2025-03-26,UPI,Mobile,1610.36,Retail,Success
T005883,A00363,2025-02-14,Debit,Internet Banking,7571.57,Utility,Success
T005884,A00221,2025-03-05,Debit,Branch,5223.52,Loan EMI,Success
T005885,A00394,2024-04-21,IMPS,Internet Banking,14604.99,Education,Success
T005886,A00487,2025-05-09,IMPS,Mobile,70676.25,Retail,Success
T005887,A00213,2024-05-11,ATM,ATM,1000.0,Cash Withdrawal,Success
T005888,A00512,2024-08-11,UPI,Mobile,3187.84,Healthcare,Success
T005889,A00482,2025-08-19,IMPS,Internet Banking,27909.33,Utility,Success
T005890,A00278,2025-11-17,Credit,Branch,3669.47,Cash Withdrawal,Success
T005891,A00564,2024-05-21,Debit,Internet Banking,15992.25,Investment,Failed
T005892,A00248,2025-11-22,Debit,Internet Banking,9145.62,Cash Withdrawal,Success
T005893,A00540,2025-09-10,IMPS,Mobile,63253.13,Retail,Success
T005894,A00512,2025-06-14,UPI,Mobile,607.12,Retail,Success
T005895,A00575,2025-12-10,Debit,Mobile,11470.83,Cash Withdrawal,Success
T005896,A00310,2024-09-23,UPI,Mobile,557.79,Travel,Success
T005897,A00385,2024-11-03,Debit,Branch,6537.46,Loan EMI,Success
T005898,A00355,2024-09-15,UPI,Mobile,820.34,Travel,Success
T005899,A00057,2025-04-12,Debit,Mobile,9026.28,Education,Failed
T005900,A00406,2024-01-08,Debit,Branch,22850.32,Retail,Success
T005901,A00121,2025-11-23,IMPS,Branch,37043.46,Education,Success
T005902,A00001,2025-04-25,Debit,Mobile,17624.61,Education,Success
T005903,A00227,2025-09-07,UPI,Mobile,1588.46,Utility,Failed
T005904,A00511,2025-12-09,NEFT,Branch,24858.89,Healthcare,Success
T005905,A00512,2025-05-08,Credit,Internet Banking,2045.51,Utility,Success
T005906,A00563,2025-02-25,Credit,Branch,5182.97,Education,Success
T005907,A00569,2024-05-02,Debit,Branch,10834.98,Utility,Success
T005908,A00322,2025-12-02,NEFT,Branch,37836.42,Healthcare,Success
T005909,A00428,2025-02-10,Debit,ATM,19613.1,Loan EMI,Success
T005910,A00237,2025-02-07,Debit,Branch,2929.9,Cash Withdrawal,Success
T005911,A00305,2024-04-15,Credit,Internet Banking,35082.37,Investment,Success
T005912,A00033,2024-03-19,ATM,ATM,10000.0,Cash Withdrawal,Success
T005913,A00541,2024-06-16,UPI,Mobile,200.71,Retail,Success
T005914,A00020,2024-12-29,Debit,Internet Banking,10382.43,Healthcare,Success
T005915,A00424,2025-06-21,UPI,Mobile,936.27,Healthcare,Success
T005916,A00083,2025-09-07,Credit,Branch,5253.42,Education,Success
T005917,A00140,2024-11-03,Credit,ATM,26589.65,Travel,Success
T005918,A00347,2025-06-10,ATM,ATM,20000.0,Cash Withdrawal,Success
T005919,A00552,2025-03-03,IMPS,Internet Banking,22244.28,Investment,Success
T005920,A00209,2024-09-04,Debit,ATM,2740.81,Investment,Success
T005921,A00162,2024-01-21,Credit,ATM,4131.84,Cash Withdrawal,Success
T005922,A00403,2024-03-26,UPI,Mobile,3170.64,Travel,Success
T005923,A00387,2024-02-24,ATM,ATM,2000.0,Cash Withdrawal,Success
T005924,A00570,2024-11-10,Credit,Internet Banking,4294.68,Education,Success
T005925,A00392,2024-05-23,Debit,Internet Banking,3472.33,Healthcare,Success
T005926,A00299,2025-03-15,ATM,ATM,1000.0,Cash Withdrawal,Success
T005927,A00232,2025-07-08,Debit,Internet Banking,12245.7,Loan EMI,Success
T005928,A00321,2025-11-22,Credit,Branch,8982.63,Travel,Success
T005929,A00354,2024-08-05,Debit,ATM,14480.03,Utility,Success
T005930,A00460,2024-05-08,NEFT,Branch,24943.06,Healthcare,Success
T005931,A00530,2025-12-11,IMPS,Internet Banking,54344.87,Investment,Reversed
T005932,A00301,2025-12-29,UPI,Mobile,440.98,Utility,Success
T005933,A00271,2024-02-14,UPI,Mobile,361.81,Utility,Success
T005934,A00337,2024-01-19,Debit,Branch,12977.96,Cash Withdrawal,Success
T005935,A00335,2024-10-02,UPI,Mobile,1211.75,Utility,Success
T005936,A00024,2025-11-08,UPI,Mobile,1046.08,Healthcare,Success
T005937,A00370,2025-08-29,UPI,Mobile,2328.74,Healthcare,Success
T005938,A00002,2024-08-25,Credit,ATM,38107.73,Investment,Failed
T005939,A00264,2024-10-04,NEFT,Internet Banking,324291.95,Retail,Success
T005940,A00063,2025-08-21,IMPS,Branch,76319.74,Investment,Success
T005941,A00049,2025-04-28,UPI,Mobile,696380.55,Travel,Success
T005942,A00028,2024-02-08,Debit,ATM,7673.49,Education,Success
T005943,A00166,2025-02-01,Credit,ATM,27793.42,Healthcare,Success
T005944,A00367,2025-01-26,NEFT,Branch,11781.57,Education,Success
T005945,A00366,2025-03-29,UPI,Mobile,2031.55,Travel,Success
T005946,A00255,2025-09-08,UPI,Mobile,1293.64,Utility,Success
T005947,A00372,2024-03-22,IMPS,Branch,23136.34,Retail,Success
T005948,A00470,2025-06-27,IMPS,Branch,13308.77,Utility,Success
T005949,A00515,2024-07-03,ATM,ATM,10000.0,Cash Withdrawal,Success
T005950,A00210,2024-01-13,ATM,ATM,500.0,Cash Withdrawal,Success
T005951,A00385,2025-10-08,UPI,Mobile,7676.84,Utility,Success
T005952,A00019,2025-04-06,ATM,ATM,2000.0,Cash Withdrawal,Success
T005953,A00340,2025-11-26,ATM,ATM,20000.0,Cash Withdrawal,Success
T005954,A00164,2025-04-03,Credit,Internet Banking,7628.89,Healthcare,Success
T005955,A00055,2025-08-16,UPI,Mobile,117.12,Retail,Success
T005956,A00362,2025-11-09,IMPS,Internet Banking,58287.37,Education,Success
T005957,A00049,2025-04-18,IMPS,Internet Banking,379230.24,Retail,Success
T005958,A00568,2024-09-14,UPI,Mobile,1198.27,Healthcare,Success
T005959,A00156,2024-11-01,UPI,Mobile,1108.98,Utility,Success
T005960,A00014,2025-11-29,UPI,Mobile,1407.63,Retail,Success
T005961,A00577,2025-10-30,UPI,Mobile,2694.95,Retail,Success
T005962,A00207,2025-02-11,UPI,Mobile,1925.35,Travel,Failed
T005963,A00075,2025-02-08,UPI,Mobile,2159.34,Utility,Success
T005964,A00086,2025-10-15,NEFT,Mobile,47443.68,Healthcare,Success
T005965,A00068,2024-01-30,UPI,Mobile,2780.16,Travel,Success
T005966,A00450,2025-01-10,Credit,Mobile,22149.51,Education,Success
T005967,A00203,2024-01-12,ATM,ATM,500.0,Cash Withdrawal,Success
T005968,A00560,2024-08-14,Credit,ATM,6638.87,Utility,Failed
T005969,A00061,2025-05-19,Debit,Internet Banking,12236.08,Investment,Success
T005970,A00039,2025-07-17,Debit,ATM,21513.51,Utility,Success
T005971,A00101,2025-02-11,UPI,Mobile,846.91,Travel,Reversed
T005972,A00407,2024-09-15,IMPS,Mobile,80384.53,Utility,Success
T005973,A00418,2024-03-03,UPI,Mobile,840.39,Travel,Success
T005974,A00567,2025-09-25,Credit,ATM,13822.61,Travel,Success
T005975,A00491,2024-06-13,NEFT,Internet Banking,27547.4,Retail,Success
T005976,A00568,2024-02-17,ATM,ATM,20000.0,Cash Withdrawal,Success
T005977,A00366,2025-02-04,Debit,Internet Banking,8020.09,Healthcare,Success
T005978,A00388,2025-04-05,UPI,Mobile,2082.96,Travel,Success
T005979,A00493,2024-11-23,UPI,Mobile,3367.35,Utility,Failed
T005980,A00087,2024-01-22,NEFT,Branch,27055.61,Retail,Success
T005981,A00516,2025-06-25,Debit,Internet Banking,23492.55,Healthcare,Success
T005982,A00573,2024-01-05,Debit,Branch,6382.09,Education,Success
T005983,A00278,2025-09-18,NEFT,Internet Banking,73210.34,Utility,Success
T005984,A00003,2024-01-25,Credit,Internet Banking,11630.58,Healthcare,Success
T005985,A00214,2025-12-26,NEFT,Mobile,41830.22,Education,Success
T005986,A00454,2024-08-03,UPI,Mobile,541.54,Utility,Success
T005987,A00148,2025-10-11,Debit,Branch,7785.93,Healthcare,Success
T005988,A00184,2025-02-01,IMPS,Branch,32916.84,Investment,Success
T005989,A00055,2024-09-21,UPI,Mobile,3116.97,Retail,Success
T005990,A00459,2025-12-12,Credit,Branch,9372.1,Healthcare,Success
T005991,A00244,2024-03-02,Debit,ATM,6008.54,Loan EMI,Success
T005992,A00106,2024-05-16,UPI,Mobile,1778.59,Healthcare,Success
T005993,A00566,2024-04-07,IMPS,Branch,108716.32,Healthcare,Success
T005994,A00245,2025-01-11,Credit,ATM,13492.01,Utility,Success
T005995,A00482,2024-04-27,Credit,Internet Banking,9297.41,Retail,Success
T005996,A00561,2025-10-22,UPI,Mobile,1789.85,Healthcare,Success
T005997,A00107,2024-10-24,UPI,Mobile,712.88,Travel,Success
T005998,A00331,2025-03-13,UPI,Mobile,3904.18,Utility,Success
T005999,A00195,2024-12-17,Credit,Internet Banking,25185.55,Loan EMI,Success
T006000,A00525,2025-05-08,NEFT,Internet Banking,16171.83,Retail,Success
T006001,A00411,2024-02-04,Debit,Branch,24804.08,Education,Success
T006002,A00031,2024-04-12,Debit,Mobile,12740.31,Healthcare,Failed
T006003,A00470,2025-10-23,NEFT,Mobile,53171.9,Utility,Failed
T006004,A00234,2024-05-24,Debit,ATM,10776.95,Loan EMI,Success
T006005,A00448,2024-03-18,ATM,ATM,2000.0,Cash Withdrawal,Success
T006006,A00365,2025-12-04,ATM,ATM,1000.0,Cash Withdrawal,Success
T006007,A00310,2024-04-03,Debit,Mobile,11324.74,Investment,Success
T006008,A00543,2024-03-30,Debit,Internet Banking,6985.72,Investment,Success
T006009,A00203,2024-01-28,IMPS,Branch,16381.99,Retail,Failed
T006010,A00557,2024-08-08,Debit,Branch,5374.32,Cash Withdrawal,Success
T006011,A00263,2024-11-25,UPI,Mobile,3180.61,Retail,Failed
T006012,A00532,2025-03-29,UPI,Mobile,1716.25,Travel,Success
T006013,A00274,2024-04-06,ATM,ATM,5000.0,Cash Withdrawal,Success
T006014,A00572,2025-05-17,ATM,ATM,384953.24,Cash Withdrawal,Success
T006015,A00137,2025-09-09,UPI,Mobile,725.76,Travel,Success
T006016,A00321,2025-06-19,UPI,Mobile,1613.54,Travel,Success
T006017,A00450,2025-11-19,Credit,Mobile,2877.71,Cash Withdrawal,Success
T006018,A00162,2025-01-21,Credit,Internet Banking,5703.46,Education,Success
T006019,A00197,2024-12-11,UPI,Mobile,3393.72,Travel,Failed
T006020,A00498,2025-02-06,IMPS,Internet Banking,658222.0,Education,Success
T006021,A00266,2024-09-24,IMPS,Mobile,67324.62,Healthcare,Success
T006022,A00136,2024-11-06,UPI,Mobile,1399.43,Healthcare,Success
T006023,A00121,2025-02-26,UPI,Mobile,2444.51,Retail,Success
T006024,A00110,2024-09-10,Debit,Branch,4683.07,Cash Withdrawal,Success
T006025,A00030,2025-12-29,UPI,Mobile,116106.17,Utility,Success
T006026,A00470,2024-09-23,ATM,ATM,20000.0,Cash Withdrawal,Success
T006027,A00445,2025-03-05,Debit,Internet Banking,1594.57,Cash Withdrawal,Success
T006028,A00263,2024-05-01,Credit,Internet Banking,8017.96,Retail,Success
T006029,A00208,2024-12-24,UPI,Mobile,3516.87,Travel,Success
T006030,A00134,2024-09-19,Debit,ATM,11072.54,Travel,Success
T006031,A00199,2025-01-08,NEFT,Mobile,16063.42,Utility,Success
T006032,A00375,2024-11-14,UPI,Mobile,3320.83,Utility,Success
T006033,A00115,2024-02-03,ATM,ATM,2000.0,Cash Withdrawal,Success
T006034,A00234,2025-08-04,UPI,Mobile,5546.47,Retail,Success
T006035,A00540,2025-10-29,Debit,ATM,9127.24,Cash Withdrawal,Reversed
T006036,A00009,2025-11-21,Credit,Internet Banking,3060.3,Loan EMI,Success
T006037,A00523,2025-12-15,Credit,ATM,11177.01,Investment,Reversed
T006038,A00206,2025-09-08,Credit,Mobile,17333.05,Loan EMI,Success
T006039,A00266,2024-01-15,IMPS,Internet Banking,29070.13,Investment,Success
T006040,A00573,2025-09-01,ATM,ATM,1000.0,Cash Withdrawal,Success
T006041,A00428,2024-09-24,NEFT,Branch,4651.85,Retail,Success
T006042,A00314,2024-02-03,Credit,Branch,16249.19,Loan EMI,Success
T006043,A00445,2025-10-17,Debit,Internet Banking,6410.85,Utility,Failed
T006044,A00250,2025-07-17,NEFT,Mobile,23996.34,Healthcare,Success
T006045,A00014,2025-07-21,Credit,Mobile,3190.15,Travel,Success
T006046,A00545,2024-01-14,Credit,Branch,749419.52,Retail,Success
T006047,A00161,2025-07-13,IMPS,Branch,13047.05,Healthcare,Success
T006048,A00162,2024-02-22,IMPS,Internet Banking,22400.6,Utility,Success
T006049,A00578,2024-03-05,NEFT,Mobile,22025.42,Retail,Failed
T006050,A00216,2025-12-25,UPI,Mobile,4023.6,Healthcare,Success
T006051,A00119,2025-01-10,Debit,ATM,5013.2,Travel,Reversed
T006052,A00061,2025-04-01,Credit,Branch,19676.47,Loan EMI,Success
T006053,A00175,2025-12-12,UPI,Mobile,1672.9,Travel,Success
T006054,A00353,2025-07-04,ATM,ATM,1000.0,Cash Withdrawal,Success
T006055,A00415,2024-07-24,UPI,Mobile,4416.79,Healthcare,Success
T006056,A00344,2024-12-25,UPI,Mobile,1416.8,Retail,Success
T006057,A00242,2024-09-02,Debit,ATM,2016.43,Loan EMI,Success
T006058,A00550,2025-10-27,Debit,Internet Banking,9697.65,Education,Success
T006059,A00103,2025-03-21,Credit,Mobile,1280.91,Healthcare,Failed
T006060,A00521,2025-01-09,Debit,Branch,4483.41,Investment,Success
T006061,A00059,2025-11-23,NEFT,Branch,30157.95,Education,Success
T006062,A00348,2025-10-04,ATM,ATM,20000.0,Cash Withdrawal,Success
T006063,A00542,2025-09-21,ATM,ATM,20000.0,Cash Withdrawal,Success
T006064,A00277,2025-07-08,Credit,Mobile,9962.18,Travel,Success
T006065,A00297,2024-12-11,NEFT,Mobile,62206.52,Retail,Success
T006066,A00271,2024-02-13,NEFT,Branch,45426.78,Investment,Success
T006067,A00552,2025-02-11,Debit,Mobile,26799.97,Loan EMI,Reversed
T006068,A00058,2025-07-24,UPI,Mobile,2865.98,Retail,Success
T006069,A00084,2025-08-06,IMPS,Mobile,57180.04,Investment,Success
T006070,A00342,2025-04-02,Debit,Branch,33325.74,Utility,Reversed
T006071,A00397,2025-10-13,UPI,Mobile,2770.03,Retail,Success
T006072,A00454,2025-09-06,ATM,ATM,500.0,Cash Withdrawal,Success
T006073,A00117,2024-05-10,NEFT,Mobile,78878.88,Investment,Success
T006074,A00303,2025-05-10,ATM,ATM,500.0,Cash Withdrawal,Failed
T006075,A00122,2025-08-08,ATM,ATM,5000.0,Cash Withdrawal,Success
T006076,A00146,2024-11-11,ATM,ATM,5000.0,Cash Withdrawal,Failed
T006077,A00506,2025-12-06,UPI,Mobile,314.46,Travel,Success
T006078,A00518,2024-10-22,UPI,Mobile,1170.37,Travel,Failed
T006079,A00567,2024-08-05,Debit,Branch,13964.14,Retail,Success
T006080,A00059,2024-02-07,ATM,ATM,5000.0,Cash Withdrawal,Success
T006081,A00326,2025-10-04,NEFT,Internet Banking,284909.59,Retail,Success
T006082,A00047,2025-11-25,Credit,Branch,6242.84,Retail,Success
T006083,A00510,2024-12-18,UPI,Mobile,2647.85,Travel,Success
T006084,A00591,2025-10-30,ATM,ATM,10000.0,Cash Withdrawal,Success
T006085,A00480,2025-01-03,ATM,ATM,2000.0,Cash Withdrawal,Success
T006086,A00344,2025-01-28,NEFT,Mobile,66890.82,Utility,Success
T006087,A00409,2024-09-30,IMPS,Branch,31651.46,Healthcare,Success
T006088,A00329,2025-06-06,UPI,Mobile,1218.98,Travel,Success
T006089,A00364,2024-12-26,Debit,ATM,7571.45,Healthcare,Success
T006090,A00475,2025-09-28,UPI,Mobile,2725.43,Travel,Success
T006091,A00542,2024-10-20,Debit,Mobile,8912.64,Cash Withdrawal,Success
T006092,A00331,2025-01-15,Credit,Internet Banking,11158.23,Education,Success
T006093,A00457,2025-09-09,IMPS,Branch,73535.86,Utility,Success
T006094,A00419,2025-10-25,Credit,Internet Banking,13111.65,Healthcare,Success
T006095,A00297,2024-06-16,Credit,Mobile,11159.66,Education,Failed
T006096,A00159,2024-10-22,Credit,Internet Banking,7127.53,Loan EMI,Success
T006097,A00006,2024-04-20,ATM,ATM,5000.0,Cash Withdrawal,Success
T006098,A00313,2024-07-17,Debit,ATM,10745.98,Retail,Success
T006099,A00162,2025-03-25,Credit,ATM,6386.48,Education,Success
T006100,A00286,2025-04-26,Debit,Branch,12585.7,Cash Withdrawal,Success
T006101,A00552,2025-06-30,UPI,Mobile,1026.73,Healthcare,Success
T006102,A00095,2025-12-18,IMPS,Branch,25931.77,Healthcare,Success
T006103,A00336,2025-06-20,ATM,ATM,10000.0,Cash Withdrawal,Success
T006104,A00444,2025-10-11,Debit,Mobile,10802.44,Loan EMI,Success
T006105,A00029,2024-11-24,Debit,Mobile,28855.53,Utility,Success
T006106,A00339,2025-12-14,NEFT,Mobile,43606.28,Utility,Success
T006107,A00567,2024-11-05,IMPS,Branch,12958.9,Education,Failed
T006108,A00472,2025-03-09,UPI,Mobile,1199.31,Utility,Success
T006109,A00179,2025-03-01,UPI,Mobile,945.03,Travel,Success
T006110,A00481,2024-08-02,Credit,Branch,7016.11,Healthcare,Success
T006111,A00180,2024-08-29,ATM,ATM,2000.0,Cash Withdrawal,Success
T006112,A00213,2024-06-29,NEFT,Branch,21604.75,Retail,Success
T006113,A00306,2024-12-21,Debit,Internet Banking,9090.12,Travel,Success
T006114,A00188,2025-12-17,UPI,Mobile,833.21,Travel,Failed
T006115,A00300,2025-09-03,Credit,Internet Banking,6533.49,Education,Success
T006116,A00161,2024-07-29,Credit,ATM,7273.61,Retail,Success
T006117,A00046,2025-01-24,Credit,Internet Banking,7020.56,Investment,Success
T006118,A00219,2024-07-31,Debit,Internet Banking,5804.23,Retail,Reversed
T006119,A00400,2024-08-01,Debit,ATM,15796.48,Investment,Success
T006120,A00188,2025-08-29,NEFT,Branch,25069.37,Healthcare,Success
T006121,A00158,2024-04-06,Debit,Mobile,9379.07,Cash Withdrawal,Failed
T006122,A00240,2024-12-25,NEFT,Internet Banking,27128.4,Healthcare,Success
T006123,A00406,2025-06-03,Debit,ATM,6822.03,Cash Withdrawal,Success
T006124,A00053,2025-10-10,NEFT,Internet Banking,16509.59,Investment,Success
T006125,A00161,2024-06-21,Debit,ATM,16773.75,Healthcare,Success
T006126,A00047,2025-02-19,NEFT,Internet Banking,17299.25,Investment,Success
T006127,A00389,2025-11-02,UPI,Mobile,771.67,Travel,Success
T006128,A00174,2024-07-20,Debit,Internet Banking,19928.86,Retail,Success
T006129,A00237,2024-08-12,Debit,ATM,7360.19,Investment,Success
T006130,A00591,2024-03-05,UPI,Mobile,1485.68,Travel,Success
T006131,A00469,2024-10-31,UPI,Mobile,1149.95,Healthcare,Success
T006132,A00366,2025-01-03,UPI,Mobile,1442.56,Travel,Success
T006133,A00560,2024-01-04,UPI,Mobile,3942.05,Travel,Success
T006134,A00306,2024-01-11,Debit,Internet Banking,6396.17,Healthcare,Success
T006135,A00335,2024-01-16,Debit,Internet Banking,15830.2,Healthcare,Success
T006136,A00040,2025-10-23,Debit,Internet Banking,16733.76,Loan EMI,Success
T006137,A00140,2024-06-16,Debit,ATM,15969.03,Utility,Success
T006138,A00063,2025-02-12,Debit,Mobile,24993.12,Travel,Success
T006139,A00502,2024-04-13,ATM,ATM,1000.0,Cash Withdrawal,Success
T006140,A00082,2025-11-18,NEFT,Internet Banking,4843.95,Education,Success
T006141,A00051,2024-06-06,UPI,Mobile,420.25,Retail,Success
T006142,A00165,2025-07-21,UPI,Mobile,688.33,Retail,Success
T006143,A00138,2025-10-13,Debit,ATM,7660.68,Cash Withdrawal,Success
T006144,A00163,2024-06-23,Debit,Mobile,12718.73,Utility,Success
T006145,A00058,2024-01-16,Credit,Branch,5763.05,Utility,Failed
T006146,A00180,2025-07-11,ATM,ATM,1000.0,Cash Withdrawal,Success
T006147,A00063,2025-10-18,UPI,Mobile,717.04,Healthcare,Success
T006148,A00245,2024-12-09,Debit,Branch,11454.72,Healthcare,Success
T006149,A00518,2025-02-24,Debit,ATM,14703.75,Cash Withdrawal,Success
T006150,A00400,2024-10-19,Credit,Internet Banking,10615.46,Loan EMI,Success
T006151,A00400,2024-03-11,IMPS,Internet Banking,48222.52,Retail,Success
T006152,A00041,2025-09-03,Credit,Branch,3085.31,Education,Success
T006153,A00198,2024-05-04,ATM,ATM,2000.0,Cash Withdrawal,Success
T006154,A00172,2025-03-07,Credit,Branch,6518.86,Investment,Success
T006155,A00341,2025-09-04,ATM,ATM,10000.0,Cash Withdrawal,Success
T006156,A00486,2024-07-19,UPI,Mobile,660.48,Travel,Success
T006157,A00536,2024-06-08,Credit,Internet Banking,7361.9,Utility,Success
T006158,A00168,2025-06-26,NEFT,Internet Banking,31611.35,Retail,Success
T006159,A00534,2024-11-29,Credit,Branch,2505.77,Education,Reversed
T006160,A00410,2024-05-28,UPI,Mobile,953.39,Retail,Success
T006161,A00310,2024-02-13,NEFT,Branch,19209.52,Utility,Success
T006162,A00180,2024-11-14,Debit,Branch,3327.76,Utility,Success
T006163,A00393,2025-02-01,UPI,Mobile,2234.28,Retail,Success
T006164,A00232,2025-08-12,ATM,ATM,20000.0,Cash Withdrawal,Success
T006165,A00444,2024-06-09,ATM,ATM,10000.0,Cash Withdrawal,Success
T006166,A00491,2024-10-12,Credit,Branch,10574.73,Healthcare,Success
T006167,A00246,2024-07-31,ATM,ATM,5000.0,Cash Withdrawal,Failed
T006168,A00388,2025-10-01,Credit,Mobile,7398.81,Healthcare,Success
T006169,A00282,2024-12-14,UPI,Mobile,4291.83,Utility,Success
T006170,A00194,2024-12-19,NEFT,Mobile,10005.75,Investment,Success
T006171,A00201,2024-01-15,Credit,Mobile,28671.38,Investment,Success
T006172,A00466,2025-09-09,NEFT,Branch,27608.94,Education,Success
T006173,A00499,2025-10-07,ATM,ATM,1000.0,Cash Withdrawal,Success
T006174,A00583,2024-09-12,ATM,ATM,20000.0,Cash Withdrawal,Success
T006175,A00406,2025-08-08,Credit,Branch,6090.65,Loan EMI,Success
T006176,A00001,2024-06-25,Debit,Branch,7537.55,Healthcare,Success
T006177,A00278,2025-10-02,Credit,Mobile,8105.4,Retail,Success
T006178,A00377,2025-02-24,Credit,ATM,30961.28,Travel,Success
T006179,A00476,2025-03-06,NEFT,Branch,40071.2,Utility,Failed
T006180,A00279,2024-02-20,ATM,ATM,10000.0,Cash Withdrawal,Success
T006181,A00262,2024-07-24,UPI,Mobile,568.42,Utility,Success
T006182,A00345,2024-07-22,IMPS,Internet Banking,53479.42,Utility,Success
T006183,A00237,2024-05-23,IMPS,Branch,24725.22,Utility,Success
T006184,A00061,2025-12-13,ATM,ATM,1000.0,Cash Withdrawal,Success
T006185,A00280,2024-07-13,NEFT,Internet Banking,2022.69,Retail,Success
T006186,A00440,2025-06-30,Debit,Mobile,16451.51,Healthcare,Failed
T006187,A00081,2024-07-09,Credit,ATM,16725.79,Utility,Success
T006188,A00292,2025-08-23,UPI,Mobile,1131.71,Healthcare,Success
T006189,A00468,2025-10-28,UPI,Mobile,868.51,Healthcare,Success
T006190,A00443,2025-10-04,IMPS,Internet Banking,57127.62,Utility,Success
T006191,A00031,2025-04-16,UPI,Mobile,830.32,Retail,Success
T006192,A00115,2024-05-18,Debit,ATM,20275.81,Retail,Success
T006193,A00316,2024-05-11,Credit,Internet Banking,6609.72,Cash Withdrawal,Success
T006194,A00027,2024-10-13,Debit,Mobile,9756.84,Retail,Success
T006195,A00064,2025-03-25,Credit,Branch,13615.53,Travel,Success
T006196,A00182,2024-02-01,Debit,Branch,11845.87,Retail,Success
T006197,A00058,2024-09-28,Credit,Mobile,6207.6,Retail,Success
T006198,A00290,2025-12-02,IMPS,Internet Banking,41295.17,Utility,Success
T006199,A00010,2024-08-10,Credit,Internet Banking,16213.43,Healthcare,Success
T006200,A00460,2025-03-31,IMPS,Mobile,14153.61,Utility,Success
T006201,A00240,2024-12-19,IMPS,Mobile,345826.35,Healthcare,Success
T006202,A00138,2025-04-13,UPI,Mobile,1298.27,Travel,Success
T006203,A00575,2025-02-01,Credit,ATM,5155.13,Travel,Success
T006204,A00464,2024-06-27,NEFT,Mobile,40083.9,Utility,Success
T006205,A00203,2024-09-26,Credit,Internet Banking,17368.78,Travel,Success
T006206,A00346,2024-01-11,UPI,Mobile,915.19,Healthcare,Success
T006207,A00227,2024-05-04,NEFT,Internet Banking,41521.69,Healthcare,Success
T006208,A00197,2024-05-29,Credit,Branch,8111.38,Healthcare,Success
T006209,A00325,2024-11-24,NEFT,Branch,48617.7,Investment,Success
T006210,A00552,2025-03-23,ATM,ATM,500.0,Cash Withdrawal,Success
T006211,A00135,2024-11-21,ATM,ATM,1000.0,Cash Withdrawal,Success
T006212,A00105,2025-11-19,Credit,Branch,19374.38,Travel,Success
T006213,A00104,2025-12-23,NEFT,Internet Banking,38631.71,Utility,Success
T006214,A00539,2024-04-27,Credit,Internet Banking,16113.22,Travel,Success
T006215,A00194,2025-06-12,UPI,Mobile,2643.1,Utility,Success
T006216,A00271,2025-09-29,Credit,ATM,7019.59,Cash Withdrawal,Success
T006217,A00351,2024-02-15,Credit,Internet Banking,8011.43,Cash Withdrawal,Success
T006218,A00568,2025-12-27,UPI,Mobile,1910.53,Healthcare,Success
T006219,A00584,2024-03-05,NEFT,Internet Banking,71745.43,Education,Success
T006220,A00142,2025-12-16,NEFT,Internet Banking,12156.03,Education,Success
T006221,A00526,2025-04-27,UPI,Mobile,2061.23,Travel,Success
T006222,A00541,2024-03-09,Credit,Mobile,20935.49,Utility,Success
T006223,A00235,2025-10-10,Debit,Branch,9347.5,Education,Success
T006224,A00377,2025-04-10,UPI,Mobile,1435.99,Retail,Success
T006225,A00462,2025-01-29,Credit,Internet Banking,412351.66,Utility,Failed
T006226,A00158,2025-08-26,NEFT,Mobile,30419.71,Utility,Success
T006227,A00426,2024-02-29,NEFT,Branch,17889.91,Healthcare,Success
T006228,A00117,2024-03-30,NEFT,Internet Banking,29489.95,Retail,Success
T006229,A00028,2025-08-04,Debit,Internet Banking,6210.96,Investment,Success
T006230,A00440,2024-01-22,NEFT,Mobile,49169.05,Investment,Success
T006231,A00367,2024-02-15,Debit,Internet Banking,2738.03,Loan EMI,Success
T006232,A00361,2024-12-28,Credit,Mobile,17476.47,Retail,Failed
T006233,A00055,2025-07-15,Debit,Internet Banking,19139.66,Utility,Success
T006234,A00539,2024-02-06,Debit,ATM,11774.74,Investment,Success
T006235,A00081,2025-08-22,UPI,Mobile,4228.41,Utility,Success
T006236,A00275,2024-08-04,UPI,Mobile,1965.55,Healthcare,Success
T006237,A00189,2025-09-02,UPI,Mobile,1802.92,Retail,Success
T006238,A00124,2025-10-07,UPI,Mobile,276.93,Utility,Success
T006239,A00441,2025-05-20,UPI,Mobile,2970.4,Retail,Success
T006240,A00098,2025-04-05,UPI,Mobile,693.56,Retail,Success
T006241,A00465,2025-03-25,Debit,Mobile,5080.98,Retail,Success
T006242,A00360,2025-10-19,NEFT,Branch,37794.71,Utility,Success
T006243,A00139,2024-06-30,UPI,Mobile,791.99,Retail,Success
T006244,A00419,2024-02-06,IMPS,Branch,28371.87,Utility,Success
T006245,A00591,2025-03-15,UPI,Mobile,3127.84,Utility,Success
T006246,A00391,2024-07-27,NEFT,Mobile,83605.64,Utility,Success
T006247,A00527,2024-10-18,Debit,Branch,173257.55,Loan EMI,Success
T006248,A00581,2024-02-15,ATM,ATM,20000.0,Cash Withdrawal,Success
T006249,A00094,2024-01-03,Credit,Branch,9517.39,Utility,Success
T006250,A00159,2024-09-02,Debit,Mobile,579751.93,Investment,Success
T006251,A00497,2024-12-21,UPI,Mobile,3881.81,Utility,Success
T006252,A00089,2025-07-30,Credit,Internet Banking,18125.26,Cash Withdrawal,Success
T006253,A00050,2024-10-14,Debit,ATM,0.0,Investment,Success
T006254,A00148,2024-05-08,ATM,ATM,5000.0,Cash Withdrawal,Success
T006255,A00139,2025-03-17,Credit,ATM,7145.69,Cash Withdrawal,Success
T006256,A00039,2024-06-22,ATM,ATM,500.0,Cash Withdrawal,Success
T006257,A00321,2025-02-26,Debit,ATM,18010.07,Utility,Success
T006258,A00337,2025-01-27,UPI,Mobile,233.68,Healthcare,Success
T006259,A00229,2024-07-15,ATM,ATM,5000.0,Cash Withdrawal,Success
T006260,A00065,2025-06-29,Credit,Branch,20064.51,Cash Withdrawal,Success
T006261,A00323,2024-11-06,Debit,Branch,23138.72,Loan EMI,Success
T006262,A00038,2025-09-27,IMPS,Internet Banking,26181.18,Retail,Success
T006263,A00501,2025-09-09,Debit,Internet Banking,25712.02,Education,Success
T006264,A00269,2024-07-03,ATM,ATM,299857.6,Cash Withdrawal,Success
T006265,A00520,2025-07-04,IMPS,Mobile,44683.9,Investment,Success
T006266,A00082,2024-11-20,Credit,Branch,4524.28,Travel,Success
T006267,A00428,2024-01-05,NEFT,Branch,35433.02,Healthcare,Success
T006268,A00457,2024-11-20,UPI,Mobile,860.15,Healthcare,Success
T006269,A00329,2024-05-12,ATM,ATM,5000.0,Cash Withdrawal,Success
T006270,A00230,2025-07-24,NEFT,Mobile,38626.47,Utility,Success
T006271,A00313,2025-10-03,Debit,Branch,4274.47,Investment,Success
T006272,A00210,2024-09-16,Debit,Internet Banking,26879.99,Retail,Reversed
T006273,A00313,2025-09-13,UPI,Mobile,2218.89,Retail,Success
T006274,A00351,2024-08-18,Debit,Branch,7966.83,Travel,Failed
T006275,A00023,2025-05-05,Credit,Mobile,12541.32,Retail,Success
T006276,A00530,2025-06-12,UPI,Mobile,1450.79,Retail,Success
T006277,A00238,2024-09-01,IMPS,Mobile,90532.22,Education,Success
T006278,A00156,2025-09-09,IMPS,Branch,32103.54,Education,Success
T006279,A00542,2024-08-01,Debit,Internet Banking,12081.19,Travel,Success
T006280,A00326,2024-05-28,NEFT,Internet Banking,10616.3,Healthcare,Success
T006281,A00561,2024-05-16,Credit,Branch,12261.27,Healthcare,Success
T006282,A00057,2025-03-29,UPI,Mobile,1973.49,Healthcare,Success
T006283,A00001,2024-02-05,NEFT,Internet Banking,14641.52,Education,Success
T006284,A00408,2025-12-31,Credit,Branch,16634.01,Investment,Success
T006285,A00414,2024-03-10,Debit,ATM,2064.1,Loan EMI,Reversed
T006286,A00098,2025-03-20,ATM,ATM,1000.0,Cash Withdrawal,Success
T006287,A00066,2025-10-18,Debit,Branch,9475.37,Cash Withdrawal,Success
T006288,A00581,2024-12-16,Credit,Branch,3662.88,Loan EMI,Success
T006289,A00507,2024-07-26,Credit,Internet Banking,11077.01,Travel,Failed
T006290,A00031,2024-03-22,UPI,Mobile,1097.76,Utility,Success
T006291,A00325,2024-01-27,NEFT,Internet Banking,45638.86,Utility,Success
T006292,A00348,2025-02-26,ATM,ATM,1000.0,Cash Withdrawal,Success
T006293,A00456,2024-05-09,UPI,Mobile,1414.5,Travel,Failed
T006294,A00507,2025-05-04,UPI,Mobile,2033.38,Utility,Success
T006295,A00316,2025-04-27,ATM,ATM,2000.0,Cash Withdrawal,Success
T006296,A00482,2024-10-06,ATM,ATM,500.0,Cash Withdrawal,Success
T006297,A00172,2025-03-04,NEFT,Branch,34961.02,Healthcare,Success
T006298,A00235,2025-11-14,Debit,ATM,20666.28,Investment,Success
T006299,A00265,2024-12-15,ATM,ATM,645356.9,Cash Withdrawal,Success
T006300,A00544,2025-08-09,Debit,Internet Banking,18894.19,Healthcare,Success
T006301,A00424,2025-11-03,Debit,Branch,6448.48,Utility,Success
T006302,A00276,2025-03-24,Credit,ATM,19722.61,Cash Withdrawal,Success
T006303,A00538,2025-12-26,ATM,ATM,10000.0,Cash Withdrawal,Success
T006304,A00012,2024-03-10,IMPS,Branch,43327.78,Healthcare,Success
T006305,A00173,2025-04-01,Credit,Branch,21840.83,Healthcare,Success
T006306,A00554,2025-04-06,Credit,ATM,5195.53,Education,Failed
T006307,A00280,2024-08-18,Credit,Internet Banking,4254.85,Education,Success
T006308,A00185,2024-10-14,Credit,ATM,4320.52,Retail,Success
T006309,A00560,2025-01-29,ATM,ATM,20000.0,Cash Withdrawal,Failed
T006310,A00048,2025-07-06,ATM,ATM,5000.0,Cash Withdrawal,Success
T006311,A00269,2025-11-03,Credit,Branch,25662.03,Cash Withdrawal,Success
T006312,A00118,2024-12-25,UPI,Mobile,3341.4,Healthcare,Success
T006313,A00572,2024-03-28,Debit,Internet Banking,18880.77,Travel,Success
T006314,A00067,2025-05-15,Debit,Internet Banking,3889.38,Travel,Success
T006315,A00529,2024-07-21,Credit,Mobile,19015.44,Education,Success
T006316,A00124,2025-02-11,UPI,Mobile,480.08,Retail,Success
T006317,A00422,2025-09-24,ATM,ATM,10000.0,Cash Withdrawal,Success
T006318,A00461,2025-05-06,NEFT,Mobile,2079.43,Investment,Success
T006319,A00145,2024-07-03,Debit,Branch,8130.79,Utility,Success
T006320,A00588,2025-03-09,UPI,Mobile,1311.73,Healthcare,Success
T006321,A00097,2025-10-15,Debit,ATM,23803.83,Loan EMI,Success
T006322,A00572,2025-01-14,ATM,ATM,1000.0,Cash Withdrawal,Reversed
T006323,A00536,2024-02-26,IMPS,Internet Banking,14911.72,Retail,Success
T006324,A00235,2025-03-28,Debit,ATM,37582.83,Cash Withdrawal,Success
T006325,A00101,2024-03-08,Debit,ATM,12280.35,Utility,Failed
T006326,A00119,2025-08-02,Debit,Internet Banking,10057.87,Travel,Failed
T006327,A00481,2024-01-27,UPI,Mobile,1372.52,Healthcare,Failed
T006328,A00209,2024-04-29,Debit,Internet Banking,4239.79,Cash Withdrawal,Success
T006329,A00203,2025-02-13,NEFT,Internet Banking,26229.76,Education,Success
T006330,A00235,2025-01-04,Debit,Branch,12878.41,Travel,Success
T006331,A00319,2025-12-15,UPI,Mobile,2866.92,Utility,Success
T006332,A00311,2025-08-16,UPI,Mobile,1117.75,Utility,Success
T006333,A00479,2025-04-27,Credit,Mobile,400016.74,Loan EMI,Success
T006334,A00132,2025-01-13,UPI,Mobile,2574.15,Travel,Success
T006335,A00228,2024-12-03,Debit,Internet Banking,8206.64,Education,Success
T006336,A00544,2025-06-11,ATM,ATM,1000.0,Cash Withdrawal,Success
T006337,A00449,2025-10-09,NEFT,Mobile,64808.81,Education,Success
T006338,A00541,2024-04-29,Credit,Internet Banking,15392.02,Education,Success
T006339,A00479,2024-07-16,UPI,Mobile,2677.96,Retail,Success
T006340,A00024,2024-10-08,Credit,ATM,2447.97,Utility,Success
T006341,A00080,2024-04-01,UPI,Mobile,-1197.05,Travel,Success
T006342,A00224,2025-10-19,ATM,ATM,20000.0,Cash Withdrawal,Success
T006343,A00516,2025-07-08,NEFT,Internet Banking,20613.1,Retail,Success
T006344,A00513,2024-05-17,NEFT,Internet Banking,5096.63,Investment,Success
T006345,A00158,2025-08-29,UPI,Mobile,2819.61,Travel,Success
T006346,A00042,2024-04-17,Debit,Mobile,3276.16,Healthcare,Failed
T006347,A00523,2025-03-12,Credit,Mobile,24311.87,Investment,Failed
T006348,A00040,2024-11-13,ATM,ATM,780694.45,Cash Withdrawal,Success
T006349,A00284,2025-03-06,UPI,Mobile,1446.62,Retail,Success
T006350,A00125,2024-10-07,Debit,Branch,350408.43,Investment,Success
T006351,A00195,2024-04-14,ATM,ATM,500.0,Cash Withdrawal,Reversed
T006352,A00280,2025-08-11,Debit,Branch,7047.71,Travel,Success
T006353,A00114,2025-09-02,Debit,Mobile,19936.13,Travel,Success
T006354,A00523,2025-10-20,UPI,Mobile,688648.58,Travel,Success
T006355,A00321,2025-07-09,UPI,Mobile,2168.95,Healthcare,Success
T006356,A00028,2024-03-17,UPI,Mobile,3198.4,Retail,Success
T006357,A00228,2025-03-02,Credit,Internet Banking,16277.39,Cash Withdrawal,Success
T006358,A00207,2025-11-01,Debit,Internet Banking,8251.36,Education,Success
T006359,A00443,2024-02-04,IMPS,Mobile,31758.81,Investment,Success
T006360,A00030,2025-01-02,Debit,ATM,18478.94,Investment,Failed
T006361,A00582,2025-07-29,UPI,Mobile,1216.71,Retail,Success
T006362,A00529,2024-02-14,Debit,ATM,10902.86,Healthcare,Reversed
T006363,A00103,2025-11-30,UPI,Mobile,1880.28,Travel,Success
T006364,A00353,2025-10-15,NEFT,Branch,-21093.84,Education,Failed
T006365,A00216,2025-01-13,Debit,Mobile,10154.21,Retail,Success
T006366,A00077,2025-12-11,Debit,Internet Banking,12224.48,Loan EMI,Success
T006367,A00383,2024-06-07,Credit,ATM,12081.35,Investment,Success
T006368,A00275,2025-12-12,IMPS,Branch,36869.41,Education,Success
T006369,A00550,2025-11-24,ATM,ATM,10000.0,Cash Withdrawal,Success
T006370,A00575,2025-10-11,Debit,Branch,8433.41,Retail,Success
T006371,A00483,2025-04-27,Debit,Mobile,12594.01,Utility,Failed
T006372,A00591,2025-02-23,UPI,Mobile,3568.59,Utility,Success
T006373,A00064,2025-04-12,Debit,Internet Banking,10259.58,Travel,Success
T006374,A00023,2025-08-29,Debit,Mobile,140105.73,Cash Withdrawal,Success
T006375,A00107,2024-09-05,ATM,ATM,20000.0,Cash Withdrawal,Success
T006376,A00035,2024-01-03,Credit,ATM,10139.33,Healthcare,Success
T006377,A00142,2025-11-29,Debit,ATM,607594.93,Travel,Success
T006378,A00346,2024-06-18,Debit,Branch,9045.08,Investment,Success
T006379,A00461,2024-03-21,Debit,Mobile,5659.13,Utility,Success
T006380,A00578,2025-04-01,Credit,Mobile,16642.08,Education,Success
T006381,A00153,2025-08-25,Debit,Internet Banking,8742.19,Investment,Success
T006382,A00327,2025-06-11,IMPS,Internet Banking,51286.48,Education,Success
T006383,A00433,2024-12-17,IMPS,Internet Banking,23517.12,Healthcare,Success
T006384,A00413,2025-02-26,IMPS,Branch,13648.2,Education,Failed
T006385,A00062,2024-01-02,Credit,Branch,10483.99,Education,Success
T006386,A00129,2025-03-05,UPI,Mobile,406.18,Healthcare,Success
T006387,A00415,2025-10-28,UPI,Mobile,1850.66,Travel,Success
T006388,A00202,2025-02-01,UPI,Mobile,2649.97,Retail,Success
T006389,A00418,2024-06-22,Credit,Mobile,31249.08,Loan EMI,Success
T006390,A00058,2024-11-17,IMPS,Branch,22757.8,Retail,Success
T006391,A00391,2024-01-08,UPI,Mobile,810.49,Utility,Success
T006392,A00466,2025-07-10,Debit,Branch,17683.02,Healthcare,Success
T006393,A00090,2024-01-27,ATM,ATM,5000.0,Cash Withdrawal,Success
T006394,A00129,2024-02-21,NEFT,Mobile,54201.38,Retail,Failed
T006395,A00371,2025-04-16,IMPS,Branch,56513.7,Retail,Success
T006396,A00089,2025-01-17,Debit,Mobile,31535.46,Cash Withdrawal,Success
T006397,A00391,2024-06-20,UPI,Mobile,1513.25,Utility,Success
T006398,A00145,2024-04-08,UPI,Mobile,5600.29,Travel,Success
T006399,A00560,2025-05-06,IMPS,Branch,25984.43,Investment,Success
T006400,A00170,2024-01-24,NEFT,Branch,20104.75,Utility,Success
T006401,A00181,2025-01-28,Debit,Mobile,6302.79,Education,Success
T006402,A00332,2025-10-02,Debit,Internet Banking,6020.49,Travel,Success
T006403,A00309,2025-01-06,IMPS,Mobile,107933.29,Investment,Success
T006404,A00230,2024-03-02,NEFT,Mobile,71661.69,Utility,Success
T006405,A00119,2024-08-03,Credit,Internet Banking,30715.2,Cash Withdrawal,Success
T006406,A00299,2024-09-11,UPI,Mobile,239.65,Healthcare,Success
T006407,A00029,2025-01-15,Debit,Branch,4068.61,Utility,Failed
T006408,A00025,2025-11-07,Credit,Mobile,8768.36,Cash Withdrawal,Success
T006409,A00506,2025-09-19,UPI,Mobile,1038.29,Healthcare,Success
T006410,A00466,2025-10-25,NEFT,Internet Banking,39287.12,Utility,Success
T006411,A00478,2025-12-08,UPI,Mobile,1541.38,Utility,Success
T006412,A00176,2025-12-18,UPI,Mobile,616.86,Healthcare,Success
T006413,A00540,2024-01-27,IMPS,Mobile,21821.88,Utility,Success
T006414,A00300,2025-05-26,Debit,ATM,9114.73,Utility,Success
T006415,A00151,2025-05-10,NEFT,Internet Banking,12771.9,Education,Failed
T006416,A00393,2025-08-06,ATM,ATM,1000.0,Cash Withdrawal,Success
T006417,A00222,2025-07-19,Credit,ATM,9933.46,Education,Success
T006418,A00078,2025-03-17,IMPS,Branch,13516.0,Retail,Success
T006419,A00326,2025-02-27,UPI,Mobile,1328.62,Retail,Success
T006420,A00562,2025-08-16,Debit,Mobile,5625.84,Travel,Success
T006421,A00485,2024-05-11,Debit,Mobile,18971.32,Education,Success
T006422,A00392,2025-06-12,UPI,Mobile,2022.7,Travel,Success
T006423,A00428,2024-07-01,ATM,ATM,2000.0,Cash Withdrawal,Success
T006424,A00303,2025-12-29,Debit,Branch,13882.14,Loan EMI,Success
T006425,A00587,2025-05-23,Debit,Mobile,16753.32,Retail,Success
T006426,A00068,2024-03-10,NEFT,Mobile,46218.7,Retail,Success
T006427,A00051,2024-03-02,Credit,Internet Banking,19044.37,Cash Withdrawal,Success
T006428,A00179,2024-10-09,Debit,Branch,11846.38,Loan EMI,Success
T006429,A00415,2025-03-14,IMPS,Mobile,53106.05,Education,Success
T006430,A00490,2024-04-29,Credit,Mobile,13613.37,Investment,Success
T006431,A00523,2025-03-27,UPI,Mobile,1933.63,Utility,Success
T006432,A00447,2025-03-24,IMPS,Branch,9327.53,Education,Success
T006433,A00247,2025-12-09,IMPS,Branch,14881.45,Utility,Success
T006434,A00555,2024-04-17,Debit,Internet Banking,12612.3,Healthcare,Success
T006435,A00225,2024-12-09,Debit,ATM,6328.85,Healthcare,Success
T006436,A00031,2025-04-16,UPI,Mobile,1410.82,Retail,Success
T006437,A00057,2024-11-12,UPI,Mobile,977.25,Utility,Success
T006438,A00021,2024-03-13,UPI,Mobile,1008.41,Retail,Success
T006439,A00158,2025-04-27,Credit,ATM,11056.68,Utility,Success
T006440,A00590,2024-12-31,Debit,Branch,8944.78,Cash Withdrawal,Success
T006441,A00171,2024-11-30,NEFT,Internet Banking,78687.53,Healthcare,Success
T006442,A00377,2025-03-17,Debit,Internet Banking,3656.66,Cash Withdrawal,Success
T006443,A00284,2024-08-09,UPI,Mobile,2216.71,Travel,Success
T006444,A00161,2024-01-25,Debit,Mobile,17187.37,Cash Withdrawal,Success
T006445,A00433,2024-02-12,UPI,Mobile,3834.0,Healthcare,Success
T006446,A00113,2024-10-12,UPI,Mobile,1562.89,Healthcare,Success
T006447,A00244,2025-03-25,Credit,Mobile,16144.74,Retail,Reversed
T006448,A00124,2025-08-09,Debit,Branch,23860.21,Utility,Success
T006449,A00452,2024-12-21,Credit,Internet Banking,7048.56,Travel,Success
T006450,A00356,2025-07-07,UPI,Mobile,705.21,Utility,Success
T006451,A00422,2024-09-13,UPI,Mobile,1616.15,Utility,Success
T006452,A00028,2024-02-04,NEFT,Branch,28328.34,Investment,Success
T006453,A00525,2025-02-17,ATM,ATM,2000.0,Cash Withdrawal,Success
T006454,A00151,2024-09-07,IMPS,Internet Banking,52226.12,Education,Failed
T006455,A00499,2024-11-18,Credit,Internet Banking,3843.81,Loan EMI,Success
T006456,A00435,2024-01-29,Debit,Internet Banking,22928.25,Healthcare,Failed
T006457,A00223,2024-10-03,NEFT,Internet Banking,39796.06,Utility,Success
T006458,A00304,2024-08-10,Credit,Mobile,9065.43,Loan EMI,Success
T006459,A00499,2024-09-16,UPI,Mobile,1490.31,Utility,Success
T006460,A00425,2025-05-13,IMPS,Internet Banking,63765.42,Retail,Success
T006461,A00519,2025-02-05,IMPS,Branch,46805.49,Healthcare,Success
T006462,A00225,2025-05-29,ATM,ATM,10000.0,Cash Withdrawal,Success
T006463,A00218,2024-02-03,ATM,ATM,1000.0,Cash Withdrawal,Success
T006464,A00219,2025-06-26,Debit,Branch,10634.27,Utility,Success
T006465,A00046,2024-10-03,Debit,Mobile,9405.79,Investment,Success
T006466,A00278,2024-10-12,UPI,Mobile,1320.97,Healthcare,Success
T006467,A00296,2024-04-22,IMPS,Branch,50787.08,Investment,Success
T006468,A00390,2024-11-28,UPI,Mobile,1197.34,Travel,Success
T006469,A00502,2024-02-27,Credit,ATM,15176.37,Investment,Success
T006470,A00036,2024-11-15,UPI,Mobile,724.43,Healthcare,Success
T006471,A00457,2025-11-08,ATM,ATM,20000.0,Cash Withdrawal,Success
T006472,A00086,2025-08-24,ATM,ATM,2000.0,Cash Withdrawal,Success
T006473,A00034,2024-06-19,UPI,Mobile,831.81,Healthcare,Success
T006474,A00351,2024-01-11,Debit,Internet Banking,10555.09,Utility,Success
T006475,A00197,2024-10-07,Debit,ATM,9356.54,Healthcare,Success
T006476,A00010,2024-10-28,UPI,Mobile,873.32,Utility,Success
T006477,A00033,2025-02-18,Debit,Internet Banking,4669.14,Education,Success
T006478,A00429,2025-05-11,UPI,Mobile,770.96,Retail,Success
T006479,A00357,2024-04-26,Credit,Branch,26321.23,Loan EMI,Failed
T006480,A00081,2025-02-19,UPI,Mobile,870.78,Travel,Success
T006481,A00149,2024-12-22,Debit,ATM,11088.44,Travel,Success
T006482,A00511,2025-02-03,Credit,Internet Banking,6760.74,Healthcare,Success
T006483,A00272,2025-01-07,NEFT,Branch,26699.42,Investment,Success
T006484,A00228,2024-08-28,IMPS,Mobile,58838.96,Utility,Success
T006485,A00206,2025-04-28,UPI,Mobile,1246.4,Healthcare,Success
T006486,A00191,2025-02-02,UPI,Mobile,1136.67,Healthcare,Success
T006487,A00578,2024-01-23,UPI,Mobile,913.42,Utility,Success
T006488,A00026,2024-02-20,Debit,Branch,8973.79,Loan EMI,Success
T006489,A00213,2025-12-09,UPI,Mobile,1941.31,Retail,Success
T006490,A00163,2025-07-27,Credit,Branch,2577.74,Loan EMI,Success
T006491,A00118,2024-08-09,NEFT,Mobile,11783.76,Healthcare,Success
T006492,A00240,2025-08-15,Credit,Branch,13801.43,Investment,Success
T006493,A00296,2025-08-07,Debit,Branch,10968.06,Loan EMI,Success
T006494,A00132,2025-09-17,Debit,Branch,7302.67,Investment,Success
T006495,A00545,2024-08-07,Credit,ATM,14292.97,Retail,Success
T006496,A00550,2024-03-28,NEFT,Branch,24922.58,Education,Success
T006497,A00446,2024-03-18,ATM,ATM,500.0,Cash Withdrawal,Success
T006498,A00032,2025-09-06,UPI,Mobile,2678.2,Retail,Success
T006499,A00243,2025-02-07,ATM,ATM,5000.0,Cash Withdrawal,Success
T006500,A00321,2024-12-03,NEFT,Internet Banking,21230.8,Healthcare,Success
T006501,A00415,2025-05-15,Debit,Branch,5677.92,Loan EMI,Success
T006502,A00108,2024-11-18,IMPS,Internet Banking,136494.7,Investment,Success
T006503,A00417,2025-09-25,NEFT,Internet Banking,50928.99,Investment,Success
T006504,A00267,2025-01-05,Credit,Internet Banking,6239.37,Healthcare,Reversed
T006505,A00072,2025-03-08,Credit,Internet Banking,8259.49,Utility,Success
T006506,A00345,2024-04-18,Debit,Internet Banking,7115.54,Investment,Success
T006507,A00362,2025-04-20,Debit,Branch,3087.07,Investment,Success
T006508,A00512,2024-03-08,IMPS,Internet Banking,26208.98,Retail,Failed
T006509,A00141,2025-11-05,Credit,Branch,11689.04,Education,Success
T006510,A00092,2025-07-04,Debit,Internet Banking,23333.56,Healthcare,Success
T006511,A00439,2024-08-10,UPI,Mobile,1359.89,Utility,Success
T006512,A00403,2025-04-14,NEFT,Mobile,23424.26,Education,Success
T006513,A00079,2025-09-03,Debit,Internet Banking,25055.29,Loan EMI,Success
T006514,A00145,2024-07-21,Debit,ATM,21940.48,Healthcare,Success
T006515,A00247,2025-04-06,ATM,ATM,20000.0,Cash Withdrawal,Success
T006516,A00265,2024-06-07,Debit,Mobile,11644.12,Investment,Success
T006517,A00531,2025-04-24,UPI,Mobile,1517.64,Utility,Success
T006518,A00190,2024-05-28,Credit,Branch,13501.91,Cash Withdrawal,Success
T006519,A00513,2024-07-15,IMPS,Internet Banking,21028.29,Retail,Success
T006520,A00474,2024-07-27,Credit,ATM,10662.07,Travel,Success
T006521,A00389,2025-07-07,Debit,ATM,6842.67,Retail,Success
T006522,A00177,2025-04-30,Credit,ATM,22371.92,Healthcare,Failed
T006523,A00092,2024-08-10,Debit,Internet Banking,5879.84,Education,Success
T006524,A00237,2024-03-08,ATM,ATM,500.0,Cash Withdrawal,Failed
T006525,A00067,2025-01-24,Debit,Branch,12216.56,Healthcare,Success
T006526,A00382,2024-09-23,NEFT,Internet Banking,39484.9,Investment,Success
T006527,A00175,2024-11-27,Debit,Internet Banking,23468.46,Investment,Failed
T006528,A00154,2024-02-03,Debit,Branch,7697.15,Cash Withdrawal,Success
T006529,A00043,2024-06-26,IMPS,Mobile,19775.87,Education,Success
T006530,A00447,2025-08-09,IMPS,Internet Banking,49137.0,Retail,Success
T006531,A00090,2025-03-13,ATM,ATM,2000.0,Cash Withdrawal,Success
T006532,A00207,2024-04-19,IMPS,Mobile,45032.74,Investment,Success
T006533,A00212,2024-08-10,IMPS,Mobile,103389.08,Utility,Success
T006534,A00309,2025-01-30,Credit,Mobile,11776.98,Investment,Success
T006535,A00253,2024-08-19,UPI,Mobile,3341.09,Retail,Success
T006536,A00249,2025-01-26,UPI,Mobile,3102.29,Travel,Success
T006537,A00005,2025-03-03,UPI,Mobile,849.74,Utility,Success
T006538,A00183,2024-04-20,UPI,Mobile,393.09,Utility,Success
T006539,A00413,2025-09-28,ATM,ATM,1000.0,Cash Withdrawal,Success
T006540,A00148,2024-02-23,Debit,Internet Banking,8709.2,Utility,Success
T006541,A00112,2025-10-22,Debit,Internet Banking,17699.97,Loan EMI,Success
T006542,A00410,2025-12-07,Debit,ATM,23696.27,Retail,Success
T006543,A00151,2025-10-15,Debit,Branch,430.76,Travel,Success
T006544,A00002,2024-09-23,Debit,Mobile,5850.99,Investment,Success
T006545,A00577,2024-10-05,Credit,Internet Banking,13501.4,Utility,Success
T006546,A00299,2024-12-19,UPI,Mobile,2304.65,Retail,Success
T006547,A00136,2024-12-30,IMPS,Internet Banking,15232.08,Retail,Success
T006548,A00058,2024-08-11,UPI,Mobile,880.43,Utility,Success
T006549,A00195,2024-07-13,Credit,Branch,2898.3,Utility,Reversed
T006550,A00519,2025-06-08,Debit,ATM,26810.0,Education,Success
T006551,A00388,2025-09-24,UPI,Mobile,1727.94,Healthcare,Success
T006552,A00261,2025-06-08,Debit,Internet Banking,6765.13,Utility,Success
T006553,A00284,2024-08-20,UPI,Mobile,3195.95,Healthcare,Success
T006554,A00536,2025-05-24,Credit,Internet Banking,12261.47,Travel,Success
T006555,A00224,2025-10-14,Debit,ATM,23448.01,Healthcare,Success
T006556,A00393,2024-02-18,UPI,Mobile,3898.44,Utility,Success
T006557,A00277,2025-07-05,UPI,Mobile,646.45,Retail,Success
T006558,A00158,2025-06-17,Debit,ATM,21998.16,Travel,Success
T006559,A00318,2024-08-12,Credit,Mobile,21515.01,Cash Withdrawal,Success
T006560,A00266,2024-11-13,ATM,ATM,500.0,Cash Withdrawal,Success
T006561,A00414,2024-05-30,Debit,Branch,14317.48,Healthcare,Success
T006562,A00024,2025-01-13,Credit,Internet Banking,15023.61,Loan EMI,Success
T006563,A00212,2025-01-12,Debit,Internet Banking,11727.77,Investment,Success
T006564,A00244,2024-02-21,IMPS,Branch,12948.25,Healthcare,Success
T006565,A00341,2024-03-19,ATM,ATM,500.0,Cash Withdrawal,Success
T006566,A00376,2024-04-10,UPI,Mobile,218707.15,Utility,Success
T006567,A00240,2024-10-14,IMPS,Mobile,90541.72,Utility,Success
T006568,A00125,2025-12-30,ATM,ATM,5000.0,Cash Withdrawal,Success
T006569,A00159,2024-05-22,Credit,Branch,12250.89,Healthcare,Success
T006570,A00030,2024-01-05,Credit,ATM,9109.24,Retail,Success
T006571,A00323,2025-03-27,Debit,Internet Banking,15592.06,Utility,Success
T006572,A00368,2025-01-14,Debit,Branch,6580.58,Loan EMI,Success
T006573,A00029,2024-09-15,UPI,Mobile,1063.15,Healthcare,Success
T006574,A00311,2024-11-16,Debit,ATM,10993.92,Cash Withdrawal,Success
T006575,A00207,2024-08-03,NEFT,Internet Banking,22041.65,Retail,Success
T006576,A00444,2024-12-16,Credit,Mobile,14660.37,Education,Success
T006577,A00055,2025-07-26,Credit,Mobile,9900.46,Education,Success
T006578,A00051,2025-02-19,ATM,ATM,2000.0,Cash Withdrawal,Success
T006579,A00043,2024-07-25,Debit,Branch,14595.7,Cash Withdrawal,Success
T006580,A00518,2025-11-30,UPI,Mobile,2242.28,Travel,Success
T006581,A00246,2025-12-26,UPI,Mobile,3143.49,Healthcare,Success
T006582,A00159,2024-04-12,UPI,Mobile,1170.26,Travel,Success
T006583,A00018,2025-03-20,ATM,ATM,10000.0,Cash Withdrawal,Success
T006584,A00563,2025-01-20,UPI,Mobile,633.14,Retail,Success
T006585,A00028,2025-07-11,NEFT,Internet Banking,76608.9,Investment,Success
T006586,A00577,2025-07-24,Debit,Internet Banking,2700.3,Loan EMI,Success
T006587,A00147,2025-11-17,NEFT,Mobile,141701.06,Retail,Success
T006588,A00381,2025-03-09,Debit,Mobile,7044.19,Travel,Success
T006589,A00370,2024-10-25,IMPS,Mobile,30722.91,Investment,Success
T006590,A00417,2024-06-15,Debit,Mobile,4560.49,Utility,Success
T006591,A00151,2024-02-28,Debit,Internet Banking,11598.85,Healthcare,Success
T006592,A00011,2025-09-13,Credit,Mobile,7301.02,Education,Success
T006593,A00512,2024-05-21,UPI,Mobile,563.91,Healthcare,Success
T006594,A00248,2025-08-13,IMPS,Internet Banking,10911.13,Utility,Success
T006595,A00238,2024-08-13,Debit,Branch,6203.94,Loan EMI,Reversed
T006596,A00228,2024-10-29,UPI,Mobile,2410.17,Retail,Success
T006597,A00414,2025-02-04,UPI,Mobile,2126.15,Travel,Success
T006598,A00583,2024-12-19,ATM,ATM,20000.0,Cash Withdrawal,Success
T006599,A00118,2025-10-11,ATM,ATM,20000.0,Cash Withdrawal,Success
T006600,A00329,2024-11-06,NEFT,Branch,15713.71,Education,Success
T006601,A00477,2024-10-04,Credit,Mobile,232145.92,Loan EMI,Success
T006602,A00109,2025-10-29,UPI,Mobile,2812.93,Utility,Success
T006603,A00365,2024-09-14,ATM,ATM,20000.0,Cash Withdrawal,Reversed
T006604,A00253,2025-08-10,Credit,Branch,292014.24,Utility,Success
T006605,A00242,2025-10-17,UPI,Mobile,3627.31,Retail,Success
T006606,A00485,2024-06-25,UPI,Mobile,5718.55,Healthcare,Success
T006607,A00121,2024-06-08,UPI,Mobile,794.97,Healthcare,Success
T006608,A00456,2025-11-01,ATM,ATM,1000.0,Cash Withdrawal,Success
T006609,A00166,2024-12-23,Credit,Internet Banking,6842.79,Investment,Success
T006610,A00183,2024-04-30,IMPS,Mobile,85357.54,Education,Success
T006611,A00219,2024-08-07,Debit,ATM,8577.43,Utility,Failed
T006612,A00423,2024-12-24,Debit,Mobile,19734.96,Utility,Success
T006613,A00034,2025-08-20,NEFT,Branch,38215.77,Education,Success
T006614,A00317,2025-05-25,Debit,Branch,9362.51,Loan EMI,Success
T006615,A00482,2025-07-22,IMPS,Internet Banking,50895.95,Education,Failed
T006616,A00542,2024-12-28,UPI,Mobile,4026.32,Utility,Success
T006617,A00381,2025-11-10,Debit,Internet Banking,21657.12,Loan EMI,Success
T006618,A00434,2025-01-09,IMPS,Internet Banking,32029.75,Healthcare,Success
T006619,A00443,2024-10-13,NEFT,Internet Banking,38977.08,Utility,Success
T006620,A00333,2025-09-23,Credit,ATM,19830.45,Investment,Success
T006621,A00174,2025-03-10,Debit,Internet Banking,12919.41,Healthcare,Success
T006622,A00049,2024-11-02,ATM,ATM,5000.0,Cash Withdrawal,Success
T006623,A00415,2024-08-13,UPI,Mobile,4417.73,Travel,Success
T006624,A00314,2024-04-14,UPI,Mobile,138.13,Healthcare,Success
T006625,A00171,2024-01-29,UPI,Mobile,832.63,Travel,Success
T006626,A00193,2024-08-17,UPI,Mobile,2192.59,Travel,Success
T006627,A00299,2024-09-28,ATM,ATM,5000.0,Cash Withdrawal,Success
T006628,A00141,2025-05-19,Debit,ATM,7855.79,Travel,Success
T006629,A00497,2024-09-26,UPI,Mobile,4113.3,Healthcare,Success
T006630,A00103,2024-05-14,ATM,ATM,2000.0,Cash Withdrawal,Success
T006631,A00253,2025-07-13,Debit,Branch,6835.13,Healthcare,Success
T006632,A00069,2025-03-19,UPI,Mobile,1620.96,Travel,Failed
T006633,A00360,2024-05-26,Credit,Internet Banking,6179.12,Healthcare,Reversed
T006634,A00046,2024-03-08,UPI,Mobile,1389.44,Healthcare,Success
T006635,A00489,2024-09-12,ATM,ATM,500.0,Cash Withdrawal,Success
T006636,A00453,2024-09-01,Debit,Mobile,2566.79,Travel,Success
T006637,A00003,2024-10-15,ATM,ATM,2000.0,Cash Withdrawal,Success
T006638,A00108,2025-09-25,ATM,ATM,20000.0,Cash Withdrawal,Success
T006639,A00385,2025-09-23,UPI,Mobile,427.04,Travel,Success
T006640,A00309,2025-01-01,UPI,Mobile,5516.17,Utility,Success
T006641,A00318,2024-06-15,Credit,ATM,10956.71,Travel,Success
T006642,A00434,2024-11-24,Debit,Mobile,8362.11,Loan EMI,Success
T006643,A00349,2024-02-05,ATM,ATM,2000.0,Cash Withdrawal,Reversed
T006644,A00127,2025-09-12,Credit,Branch,4569.59,Loan EMI,Success
T006645,A00499,2024-01-03,IMPS,Mobile,15118.82,Retail,Success
T006646,A00031,2025-11-29,UPI,Mobile,5102.96,Healthcare,Success
T006647,A00388,2024-04-12,Credit,ATM,11417.12,Education,Success
T006648,A00383,2025-08-25,NEFT,Branch,69111.33,Investment,Success
T006649,A00438,2025-08-20,UPI,Mobile,928.94,Travel,Success
T006650,A00117,2025-01-18,Debit,ATM,29670.75,Retail,Success
T006651,A00559,2025-10-22,Credit,Internet Banking,218796.58,Travel,Success
T006652,A00080,2025-11-04,Credit,ATM,4954.71,Healthcare,Success
T006653,A00408,2025-08-20,Credit,Internet Banking,14305.68,Education,Success
T006654,A00206,2025-07-29,Debit,Internet Banking,3262.21,Education,Success
T006655,A00546,2025-12-12,ATM,ATM,10000.0,Cash Withdrawal,Success
T006656,A00576,2025-04-29,NEFT,Branch,7067.24,Healthcare,Success
T006657,A00551,2024-03-31,UPI,Mobile,4117.42,Retail,Success
T006658,A00506,2025-09-16,Debit,Branch,6154.06,Education,Success
T006659,A00175,2024-10-09,Credit,Internet Banking,16089.84,Retail,Success
T006660,A00104,2024-05-28,UPI,Mobile,5235.49,Healthcare,Success
T006661,A00259,2025-06-06,UPI,Mobile,1551.78,Retail,Success
T006662,A00202,2025-11-22,IMPS,Internet Banking,50154.51,Utility,Failed
T006663,A00190,2024-02-25,Debit,ATM,2600.89,Education,Success
T006664,A00524,2025-06-11,NEFT,Branch,16787.27,Utility,Success
T006665,A00375,2025-05-02,Credit,Mobile,29406.87,Cash Withdrawal,Success
T006666,A00361,2025-09-29,UPI,Mobile,1120.22,Retail,Success
T006667,A00195,2025-06-07,Debit,Branch,3804.21,Cash Withdrawal,Success
T006668,A00131,2025-07-06,NEFT,Branch,48370.21,Investment,Success
T006669,A00251,2025-05-21,UPI,Mobile,3691.75,Utility,Success
T006670,A00061,2024-12-15,ATM,ATM,5000.0,Cash Withdrawal,Success
T006671,A00096,2025-05-24,Debit,Branch,7553.49,Healthcare,Success
T006672,A00534,2024-06-16,ATM,ATM,500.0,Cash Withdrawal,Success
T006673,A00163,2025-09-19,IMPS,Branch,48455.62,Healthcare,Success
T006674,A00305,2025-02-17,Credit,Mobile,19289.54,Investment,Success
T006675,A00055,2025-03-03,Credit,Branch,9476.72,Travel,Success
T006676,A00489,2025-11-03,Debit,ATM,8518.83,Healthcare,Success
T006677,A00160,2025-08-11,Credit,Branch,32500.36,Healthcare,Success
T006678,A00111,2024-09-02,Debit,Internet Banking,4085.3,Healthcare,Success
T006679,A00086,2025-06-23,Debit,ATM,11856.04,Healthcare,Failed
T006680,A00295,2025-08-31,UPI,Mobile,1377.31,Utility,Success
T006681,A00057,2024-10-22,UPI,Mobile,1369.14,Utility,Success
T006682,A00478,2025-01-04,UPI,Mobile,2760.27,Utility,Failed
T006683,A00409,2024-11-29,Credit,ATM,15961.85,Cash Withdrawal,Success
T006684,A00386,2025-05-11,Debit,Mobile,13192.95,Cash Withdrawal,Success
T006685,A00141,2025-12-21,NEFT,Branch,7115.75,Retail,Success
T006686,A00404,2024-11-21,NEFT,Branch,15581.07,Retail,Success
T006687,A00250,2024-03-25,UPI,Mobile,1215.93,Utility,Success
T006688,A00104,2024-08-17,NEFT,Branch,35991.59,Retail,Success
T006689,A00274,2025-06-23,Debit,Branch,29181.55,Loan EMI,Success
T006690,A00139,2025-03-27,ATM,ATM,2000.0,Cash Withdrawal,Success
T006691,A00271,2024-04-28,Credit,ATM,11343.12,Retail,Success
T006692,A00222,2024-10-08,ATM,ATM,1000.0,Cash Withdrawal,Success
T006693,A00242,2025-04-11,IMPS,Internet Banking,57998.35,Healthcare,Success
T006694,A00516,2024-12-19,Debit,Internet Banking,10325.94,Retail,Success
T006695,A00459,2024-08-29,Credit,Internet Banking,17097.35,Loan EMI,Failed
T006696,A00167,2024-04-09,IMPS,Branch,33781.1,Education,Success
T006697,A00492,2025-01-09,Debit,Branch,4658.35,Investment,Success
T006698,A00092,2025-06-24,UPI,Mobile,2278.42,Utility,Success
T006699,A00558,2024-12-20,ATM,ATM,10000.0,Cash Withdrawal,Success
T006700,A00098,2025-06-24,Credit,Mobile,14647.47,Cash Withdrawal,Success
T006701,A00247,2024-10-19,Credit,Mobile,3345.35,Investment,Success
T006702,A00339,2024-12-13,Debit,ATM,10326.06,Education,Success
T006703,A00485,2025-12-30,Credit,Internet Banking,10256.22,Utility,Success
T006704,A00227,2024-07-08,Debit,ATM,6926.69,Education,Failed
T006705,A00033,2024-01-26,UPI,Mobile,529.17,Retail,Failed
T006706,A00491,2024-08-18,Credit,Branch,12629.22,Education,Success
T006707,A00004,2025-11-04,UPI,Mobile,4241.77,Healthcare,Success
T006708,A00268,2025-05-06,UPI,Mobile,2435.93,Retail,Success
T006709,A00142,2024-03-26,IMPS,Internet Banking,8069.52,Education,Success
T006710,A00462,2025-09-06,IMPS,Internet Banking,85874.5,Investment,Success
T006711,A00537,2025-11-05,Credit,Branch,23777.98,Cash Withdrawal,Success
T006712,A00185,2024-02-08,UPI,Mobile,945.98,Retail,Success
T006713,A00576,2024-08-03,Credit,Internet Banking,3147.74,Loan EMI,Success
T006714,A00456,2025-02-19,Debit,Mobile,7479.53,Travel,Success
T006715,A00396,2024-10-09,Debit,Mobile,7885.98,Utility,Success
T006716,A00123,2025-11-12,NEFT,Internet Banking,9358.04,Utility,Success
T006717,A00504,2025-01-11,Credit,Mobile,12494.24,Retail,Success
T006718,A00573,2024-12-23,UPI,Mobile,742.17,Utility,Success
T006719,A00508,2025-10-20,Debit,ATM,3987.39,Loan EMI,Success
T006720,A00096,2025-12-10,UPI,Mobile,1193.44,Utility,Success
T006721,A00239,2024-02-18,IMPS,Internet Banking,88784.38,Investment,Success
T006722,A00166,2024-07-15,UPI,Mobile,2789.67,Healthcare,Success
T006723,A00119,2024-04-05,Credit,Mobile,14234.54,Education,Success
T006724,A00054,2024-06-06,Debit,Branch,125940.22,Loan EMI,Success
T006725,A00313,2025-07-24,ATM,ATM,1000.0,Cash Withdrawal,Success
T006726,A00160,2025-08-12,Credit,ATM,3401.65,Investment,Success
T006727,A00296,2025-05-21,Debit,Mobile,4511.52,Investment,Success
T006728,A00376,2025-09-01,IMPS,Internet Banking,58137.52,Investment,Success
T006729,A00299,2024-06-11,NEFT,Internet Banking,17230.82,Healthcare,Failed
T006730,A00467,2025-03-10,UPI,Mobile,1647.52,Healthcare,Success
T006731,A00438,2025-12-15,UPI,Mobile,2061.71,Retail,Success
T006732,A00013,2024-10-11,NEFT,Mobile,7579.03,Investment,Success
T006733,A00179,2025-12-09,Credit,Internet Banking,10669.97,Cash Withdrawal,Success
T006734,A00306,2025-09-10,UPI,Mobile,1935.63,Retail,Success
T006735,A00087,2025-09-24,NEFT,Branch,104033.27,Healthcare,Success
T006736,A00309,2025-06-07,UPI,Mobile,1624.74,Travel,Success
T006737,A00129,2024-12-22,Debit,ATM,17525.06,Education,Success
T006738,A00394,2024-07-08,IMPS,Internet Banking,22245.99,Education,Success
T006739,A00005,2024-04-05,Debit,ATM,20352.88,Education,Success
T006740,A00063,2025-12-21,UPI,Mobile,434.71,Retail,Success
T006741,A00359,2025-06-23,ATM,ATM,2000.0,Cash Withdrawal,Reversed
T006742,A00236,2025-03-13,Debit,ATM,14660.44,Loan EMI,Success
T006743,A00516,2024-09-23,Credit,ATM,11993.09,Utility,Success
T006744,A00060,2024-11-06,Debit,Branch,22668.03,Loan EMI,Success
T006745,A00528,2025-11-19,UPI,Mobile,2067.73,Retail,Success
T006746,A00483,2025-06-19,NEFT,Mobile,28095.24,Healthcare,Success
T006747,A00245,2024-02-28,ATM,ATM,500.0,Cash Withdrawal,Success
T006748,A00429,2025-03-25,UPI,Mobile,3039.44,Utility,Success
T006749,A00234,2025-11-26,IMPS,Internet Banking,45064.15,Education,Success
T006750,A00162,2025-04-20,Debit,Branch,4947.35,Loan EMI,Success
T006751,A00009,2024-05-30,ATM,ATM,10000.0,Cash Withdrawal,Success
T006752,A00410,2024-07-14,Debit,Internet Banking,9610.59,Healthcare,Success
T006753,A00190,2024-02-12,UPI,Mobile,533.42,Travel,Success
T006754,A00021,2024-03-07,Debit,Internet Banking,13506.86,Cash Withdrawal,Success
T006755,A00515,2024-06-10,ATM,ATM,20000.0,Cash Withdrawal,Success
T006756,A00223,2025-03-13,UPI,Mobile,2089.25,Retail,Success
T006757,A00234,2024-06-06,ATM,ATM,20000.0,Cash Withdrawal,Success
T006758,A00041,2024-03-13,IMPS,Mobile,93950.63,Utility,Success
T006759,A00262,2025-12-24,UPI,Mobile,1285.7,Healthcare,Success
T006760,A00490,2025-08-28,Credit,Internet Banking,8416.14,Loan EMI,Success
T006761,A00228,2025-10-14,Credit,Internet Banking,3038.9,Utility,Success
T006762,A00524,2024-11-12,UPI,Mobile,1284.87,Retail,Success
T006763,A00425,2025-10-14,UPI,Mobile,1172.49,Healthcare,Success
T006764,A00494,2024-02-26,Credit,Branch,11458.39,Utility,Success
T006765,A00423,2025-01-25,ATM,ATM,500.0,Cash Withdrawal,Success
T006766,A00004,2025-06-23,IMPS,Internet Banking,26050.06,Healthcare,Success
T006767,A00022,2024-04-12,Credit,Branch,8572.13,Utility,Success
T006768,A00421,2025-07-27,NEFT,Branch,35615.33,Utility,Success
T006769,A00037,2024-05-04,IMPS,Internet Banking,30719.54,Retail,Success
T006770,A00207,2024-10-02,ATM,ATM,367420.61,Cash Withdrawal,Success
T006771,A00553,2025-05-03,NEFT,Internet Banking,25709.0,Utility,Success
T006772,A00085,2025-03-11,Debit,Branch,8394.49,Utility,Success
T006773,A00406,2024-09-20,NEFT,Branch,112394.18,Education,Success
T006774,A00463,2025-04-01,Credit,Mobile,647936.21,Loan EMI,Success
T006775,A00267,2024-11-04,NEFT,Branch,27880.58,Healthcare,Success
T006776,A00164,2025-12-24,Debit,Branch,2492.02,Travel,Success
T006777,A00149,2024-11-29,NEFT,Mobile,66105.59,Retail,Success
T006778,A00366,2025-09-24,NEFT,Mobile,2988.94,Utility,Success
T006779,A00149,2024-09-14,ATM,ATM,1000.0,Cash Withdrawal,Success
T006780,A00398,2024-07-02,Debit,Internet Banking,5116.04,Healthcare,Success
T006781,A00131,2025-12-03,IMPS,Internet Banking,48809.15,Utility,Success
T006782,A00218,2025-09-22,NEFT,Internet Banking,5868.93,Utility,Success
T006783,A00445,2025-04-05,UPI,Mobile,832.91,Healthcare,Success
T006784,A00176,2024-07-01,UPI,Mobile,1439.02,Healthcare,Success
T006785,A00206,2025-09-21,Credit,ATM,9869.89,Investment,Success
T006786,A00411,2025-03-03,Debit,Internet Banking,6363.5,Investment,Success
T006787,A00164,2025-12-27,UPI,Mobile,2590.8,Healthcare,Success
T006788,A00073,2025-10-14,Credit,Internet Banking,18276.99,Travel,Success
T006789,A00348,2024-09-20,IMPS,Mobile,49797.69,Retail,Success
T006790,A00434,2024-12-18,UPI,Mobile,993.14,Retail,Success
T006791,A00481,2024-04-23,Debit,ATM,11849.32,Utility,Success
T006792,A00223,2025-10-12,NEFT,Branch,20690.16,Healthcare,Success
T006793,A00182,2025-04-24,ATM,ATM,5000.0,Cash Withdrawal,Success
T006794,A00570,2025-10-08,Debit,Internet Banking,40539.28,Cash Withdrawal,Success
T006795,A00308,2025-03-14,ATM,ATM,2000.0,Cash Withdrawal,Success
T006796,A00199,2024-01-31,ATM,ATM,1000.0,Cash Withdrawal,Success
T006797,A00246,2025-01-28,UPI,Mobile,1877.94,Utility,Failed
T006798,A00590,2025-07-20,Credit,Branch,7602.12,Utility,Success
T006799,A00353,2024-09-07,Debit,Internet Banking,36057.35,Investment,Success
T006800,A00139,2025-06-20,UPI,Mobile,1104.24,Healthcare,Success
T006801,A00392,2024-11-06,UPI,Mobile,1824.39,Travel,Failed
T006802,A00233,2025-12-17,UPI,Mobile,2620.8,Retail,Success
T006803,A00499,2025-10-16,Debit,Mobile,7145.83,Healthcare,Success
T006804,A00009,2024-04-11,IMPS,Internet Banking,20170.91,Utility,Success
T006805,A00564,2024-04-20,UPI,Mobile,2959.47,Travel,Success
T006806,A00288,2024-06-13,UPI,Mobile,2618.99,Retail,Success
T006807,A00430,2024-12-11,Credit,Mobile,17721.93,Investment,Success
T006808,A00388,2024-01-24,Debit,Internet Banking,14579.95,Utility,Success
T006809,A00066,2024-02-09,ATM,ATM,10000.0,Cash Withdrawal,Success
T006810,A00032,2025-10-21,UPI,Mobile,5277.99,Utility,Success
T006811,A00146,2025-04-15,UPI,Mobile,1551.6,Travel,Success
T006812,A00356,2025-02-10,UPI,Mobile,731.15,Travel,Success
T006813,A00199,2025-07-20,Credit,Branch,4180.98,Investment,Failed
T006814,A00419,2025-03-31,UPI,Mobile,1079.43,Travel,Success
T006815,A00328,2024-09-09,Credit,Mobile,361.88,Loan EMI,Success
T006816,A00537,2025-05-02,IMPS,Mobile,80460.9,Utility,Failed
T006817,A00195,2025-03-18,ATM,ATM,2000.0,Cash Withdrawal,Success
T006818,A00401,2025-11-17,IMPS,Mobile,44328.47,Healthcare,Success
T006819,A00210,2025-06-02,ATM,ATM,20000.0,Cash Withdrawal,Success
T006820,A00441,2025-05-24,Debit,Branch,5785.7,Healthcare,Success
T006821,A00378,2025-06-29,Debit,Internet Banking,20724.79,Cash Withdrawal,Success
T006822,A00311,2025-05-15,NEFT,Internet Banking,11852.77,Retail,Success
T006823,A00170,2025-10-29,Debit,Internet Banking,5058.5,Utility,Success
T006824,A00361,2024-12-19,ATM,ATM,500.0,Cash Withdrawal,Failed
T006825,A00159,2024-05-05,Credit,Mobile,11416.73,Cash Withdrawal,Success
T006826,A00125,2024-04-22,ATM,ATM,5000.0,Cash Withdrawal,Success
T006827,A00297,2025-01-15,Debit,Mobile,26634.41,Healthcare,Success
T006828,A00405,2025-01-28,IMPS,Branch,43987.0,Healthcare,Success
T006829,A00227,2024-08-30,UPI,Mobile,634.3,Travel,Success
T006830,A00009,2024-02-03,ATM,ATM,20000.0,Cash Withdrawal,Success
T006831,A00372,2024-07-19,UPI,Mobile,740.4,Travel,Success
T006832,A00218,2025-04-10,NEFT,Mobile,38856.71,Investment,Success
T006833,A00165,2024-11-14,Debit,Internet Banking,3414.11,Retail,Reversed
T006834,A00123,2024-03-05,UPI,Mobile,424.93,Retail,Success
T006835,A00388,2025-07-24,Debit,Branch,8871.41,Cash Withdrawal,Success
T006836,A00131,2024-12-10,Credit,Internet Banking,16285.48,Cash Withdrawal,Success
T006837,A00583,2025-05-02,Credit,Mobile,17049.71,Education,Success
T006838,A00227,2024-12-22,NEFT,Branch,35538.72,Retail,Success
T006839,A00058,2024-12-24,NEFT,Mobile,60557.25,Retail,Success
T006840,A00183,2024-12-04,UPI,Mobile,4498.74,Healthcare,Success
T006841,A00298,2024-07-22,ATM,ATM,1000.0,Cash Withdrawal,Success
T006842,A00161,2024-01-01,UPI,Mobile,971.11,Travel,Success
T006843,A00569,2025-11-08,ATM,ATM,5000.0,Cash Withdrawal,Success
T006844,A00505,2025-05-07,Debit,ATM,3278.58,Education,Success
T006845,A00144,2024-02-18,ATM,ATM,5000.0,Cash Withdrawal,Success
T006846,A00376,2024-02-06,NEFT,Mobile,24568.71,Retail,Success
T006847,A00135,2025-07-13,Debit,Internet Banking,5251.52,Healthcare,Success
T006848,A00082,2025-03-06,Debit,Branch,14506.25,Education,Success
T006849,A00092,2024-11-23,Debit,ATM,4258.01,Cash Withdrawal,Success
T006850,A00132,2024-04-11,UPI,Mobile,1386.02,Healthcare,Success
T006851,A00011,2024-09-08,ATM,ATM,5000.0,Cash Withdrawal,Success
T006852,A00393,2024-05-05,UPI,Mobile,647.26,Travel,Success
T006853,A00457,2024-12-28,Debit,Branch,8595.48,Retail,Success
T006854,A00253,2025-09-27,UPI,Mobile,1452.11,Healthcare,Success
T006855,A00545,2024-10-23,ATM,ATM,2000.0,Cash Withdrawal,Success
T006856,A00031,2024-01-05,UPI,Mobile,2326.93,Utility,Success
T006857,A00481,2025-05-15,UPI,Mobile,1459.24,Utility,Success
T006858,A00450,2024-12-20,NEFT,Branch,20693.31,Investment,Success
T006859,A00184,2025-01-10,Debit,Branch,17724.65,Investment,Success
T006860,A00375,2025-04-19,ATM,ATM,5000.0,Cash Withdrawal,Success
T006861,A00060,2024-07-10,NEFT,Mobile,34069.41,Utility,Reversed
T006862,A00457,2025-03-12,Credit,Internet Banking,755547.25,Healthcare,Success
T006863,A00456,2024-03-24,IMPS,Mobile,51865.16,Retail,Success
T006864,A00221,2024-05-19,Debit,ATM,12475.59,Loan EMI,Success
T006865,A00273,2024-03-06,Debit,ATM,15374.6,Retail,Success
T006866,A00207,2025-08-05,UPI,Mobile,3286.92,Utility,Success
T006867,A00413,2024-02-21,Credit,Mobile,459551.25,Utility,Success
T006868,A00228,2025-06-27,NEFT,Internet Banking,136954.24,Retail,Success
T006869,A00152,2025-05-03,Credit,Mobile,14327.6,Education,Success
T006870,A00570,2025-05-04,NEFT,Internet Banking,12206.51,Utility,Success
T006871,A00560,2024-03-16,UPI,Mobile,3585.77,Utility,Success
T006872,A00109,2025-06-07,Credit,Internet Banking,6385.87,Loan EMI,Success
T006873,A00132,2024-05-09,UPI,Mobile,4553.23,Utility,Success
T006874,A00135,2025-12-03,UPI,Mobile,568.33,Travel,Success
T006875,A00429,2025-03-22,Debit,Mobile,10127.95,Loan EMI,Success
T006876,A00218,2024-03-26,NEFT,Mobile,57711.12,Education,Success
T006877,A00346,2024-05-20,ATM,ATM,20000.0,Cash Withdrawal,Failed
T006878,A00191,2024-12-18,Debit,Branch,16405.16,Loan EMI,Success
T006879,A00098,2025-06-15,NEFT,Mobile,42354.7,Healthcare,Success
T006880,A00358,2024-04-22,Debit,Mobile,20180.32,Loan EMI,Success
T006881,A00350,2024-09-14,UPI,Mobile,1023.87,Travel,Success
T006882,A00206,2024-10-21,Credit,ATM,20913.34,Retail,Success
T006883,A00013,2025-12-31,UPI,Mobile,856.29,Healthcare,Failed
T006884,A00471,2024-11-29,UPI,Mobile,4221.02,Utility,Success
T006885,A00267,2025-07-05,Credit,Internet Banking,7117.42,Education,Success
T006886,A00186,2024-04-18,ATM,ATM,2000.0,Cash Withdrawal,Success
T006887,A00523,2025-04-27,Debit,Mobile,3708.22,Healthcare,Success
T006888,A00361,2024-03-08,Debit,Internet Banking,16583.9,Healthcare,Success
T006889,A00445,2024-11-26,ATM,ATM,10000.0,Cash Withdrawal,Success
T006890,A00231,2025-07-12,UPI,Mobile,1695.95,Utility,Success
T006891,A00082,2024-08-21,Debit,Branch,13590.76,Healthcare,Success
T006892,A00554,2025-12-13,IMPS,Branch,25974.46,Investment,Success
T006893,A00027,2025-03-10,Debit,Internet Banking,14911.44,Utility,Success
T006894,A00476,2025-03-07,NEFT,Mobile,84850.53,Healthcare,Failed
T006895,A00044,2025-03-07,NEFT,Branch,41361.73,Utility,Success
T006896,A00245,2024-08-07,IMPS,Mobile,8532.99,Healthcare,Success
T006897,A00100,2024-02-04,NEFT,Branch,33331.7,Retail,Success
T006898,A00128,2024-04-24,UPI,Mobile,2071.29,Retail,Success
T006899,A00290,2024-02-06,UPI,Mobile,4412.59,Travel,Success
T006900,A00192,2025-05-03,ATM,ATM,500.0,Cash Withdrawal,Success
T006901,A00142,2024-02-24,Debit,Mobile,17103.51,Investment,Success
T006902,A00466,2025-12-20,Debit,ATM,5912.21,Loan EMI,Success
T006903,A00500,2025-06-22,UPI,Mobile,1433.77,Utility,Success
T006904,A00525,2025-09-26,ATM,ATM,2000.0,Cash Withdrawal,Success
T006905,A00090,2024-04-11,Debit,Mobile,17753.77,Loan EMI,Success
T006906,A00312,2025-03-02,Credit,Mobile,15133.5,Investment,Success
T006907,A00186,2024-08-18,UPI,Mobile,2292.38,Utility,Success
T006908,A00216,2024-05-16,ATM,ATM,20000.0,Cash Withdrawal,Success
T006909,A00555,2025-03-11,UPI,Mobile,434.37,Utility,Success
T006910,A00197,2025-01-29,IMPS,Mobile,52642.64,Utility,Reversed
T006911,A00337,2024-05-23,Debit,Mobile,12601.02,Cash Withdrawal,Success
T006912,A00473,2025-02-20,Debit,Mobile,16935.21,Education,Success
T006913,A00300,2025-09-06,Debit,Internet Banking,12071.66,Retail,Reversed
T006914,A00447,2025-12-06,Credit,Mobile,9767.28,Cash Withdrawal,Failed
T006915,A00173,2025-08-27,UPI,Mobile,3199.06,Utility,Success
T006916,A00454,2025-07-09,UPI,Mobile,2105.88,Retail,Success
T006917,A00479,2025-02-25,UPI,Mobile,511.32,Travel,Success
T006918,A00207,2024-12-09,Debit,ATM,11672.71,Investment,Reversed
T006919,A00239,2024-05-03,Debit,Branch,8598.44,Education,Success
T006920,A00386,2024-09-07,IMPS,Internet Banking,23583.82,Investment,Failed
T006921,A00033,2025-06-16,ATM,ATM,10000.0,Cash Withdrawal,Success
T006922,A00031,2024-06-28,Debit,Internet Banking,14969.12,Retail,Success
T006923,A00192,2024-09-06,NEFT,Branch,37948.37,Investment,Success
T006924,A00156,2024-11-14,Credit,Internet Banking,14781.76,Travel,Success
T006925,A00515,2025-02-06,Credit,Mobile,19388.29,Loan EMI,Success
T006926,A00313,2024-05-24,IMPS,Branch,31685.01,Retail,Success
T006927,A00110,2025-05-21,Credit,ATM,18885.29,Utility,Success
T006928,A00091,2025-05-06,ATM,ATM,500.0,Cash Withdrawal,Success
T006929,A00451,2024-08-29,Credit,Branch,6947.44,Cash Withdrawal,Success
T006930,A00290,2025-08-23,Debit,Mobile,21962.26,Investment,Failed
T006931,A00339,2024-04-04,UPI,Mobile,970.03,Healthcare,Success
T006932,A00372,2025-05-10,Credit,Internet Banking,4827.71,Healthcare,Success
T006933,A00463,2025-06-03,UPI,Mobile,1970.96,Travel,Success
T006934,A00479,2025-04-18,Credit,Internet Banking,10520.97,Travel,Success
T006935,A00206,2025-12-11,ATM,ATM,10000.0,Cash Withdrawal,Success
T006936,A00511,2024-01-02,ATM,ATM,5000.0,Cash Withdrawal,Success
T006937,A00180,2025-10-24,UPI,Mobile,1587.96,Healthcare,Success
T006938,A00325,2024-12-10,Debit,ATM,778547.34,Education,Success
T006939,A00581,2025-05-23,UPI,Mobile,545.35,Retail,Success
T006940,A00304,2025-03-09,NEFT,Mobile,25653.33,Retail,Success
T006941,A00576,2025-02-28,UPI,Mobile,2470.76,Utility,Success
T006942,A00287,2025-09-08,ATM,ATM,20000.0,Cash Withdrawal,Success
T006943,A00148,2024-06-19,Debit,Internet Banking,8700.53,Loan EMI,Success
T006944,A00503,2025-01-10,Debit,Internet Banking,4624.02,Healthcare,Success
T006945,A00517,2025-12-23,ATM,ATM,5000.0,Cash Withdrawal,Success
T006946,A00150,2024-09-23,ATM,ATM,5000.0,Cash Withdrawal,Success
T006947,A00539,2024-04-24,Debit,Branch,22022.68,Utility,Success
T006948,A00020,2024-09-21,Credit,Branch,4487.21,Investment,Success
T006949,A00397,2024-01-04,UPI,Mobile,1626.65,Utility,Success
T006950,A00474,2024-08-25,Credit,Branch,16922.1,Investment,Success
T006951,A00267,2025-05-18,UPI,Mobile,1067.55,Retail,Success
T006952,A00536,2024-03-01,UPI,Mobile,2477.53,Retail,Success
T006953,A00336,2025-06-22,NEFT,Branch,88341.32,Retail,Success
T006954,A00119,2025-10-06,UPI,Mobile,2408.63,Travel,Success
T006955,A00511,2025-09-09,Debit,Branch,10284.28,Education,Success
T006956,A00207,2025-06-23,UPI,Mobile,1595.27,Healthcare,Success
T006957,A00424,2025-06-18,UPI,Mobile,160.08,Travel,Success
T006958,A00478,2024-08-03,UPI,Mobile,953.58,Healthcare,Success
T006959,A00403,2024-12-22,Debit,Branch,1802.03,Education,Success
T006960,A00248,2025-05-06,UPI,Mobile,698.11,Healthcare,Success
T006961,A00140,2024-04-26,UPI,Mobile,1500.63,Retail,Success
T006962,A00429,2024-02-01,ATM,ATM,1000.0,Cash Withdrawal,Success
T006963,A00372,2024-02-28,UPI,Mobile,1880.26,Healthcare,Success
T006964,A00437,2025-11-09,UPI,Mobile,2179.27,Travel,Success
T006965,A00480,2025-02-17,UPI,Mobile,5025.29,Healthcare,Success
T006966,A00443,2025-03-29,ATM,ATM,1000.0,Cash Withdrawal,Success
T006967,A00568,2024-03-10,IMPS,Internet Banking,9295.16,Education,Success
T006968,A00460,2025-05-28,IMPS,Branch,15850.34,Retail,Success
T006969,A00227,2025-12-09,UPI,Mobile,1823.97,Retail,Success
T006970,A00270,2024-05-23,Debit,Mobile,17851.1,Education,Success
T006971,A00505,2025-05-25,Debit,ATM,6673.83,Travel,Success
T006972,A00117,2025-09-20,UPI,Mobile,1711.29,Healthcare,Success
T006973,A00148,2025-08-17,Debit,Internet Banking,13455.43,Education,Failed
T006974,A00191,2024-09-27,UPI,Mobile,4418.23,Travel,Success
T006975,A00154,2025-02-10,ATM,ATM,10000.0,Cash Withdrawal,Success
T006976,A00147,2025-07-20,IMPS,Branch,10586.28,Education,Success
T006977,A00377,2025-06-21,NEFT,Internet Banking,46887.14,Utility,Success
T006978,A00545,2025-03-15,UPI,Mobile,2690.86,Travel,Failed
T006979,A00333,2025-12-07,Credit,ATM,15759.83,Travel,Success
T006980,A00329,2025-05-30,ATM,ATM,20000.0,Cash Withdrawal,Success
T006981,A00521,2025-01-18,Debit,ATM,23473.61,Healthcare,Success
T006982,A00312,2025-09-25,UPI,Mobile,558.04,Retail,Success
T006983,A00475,2025-04-12,Credit,Branch,1442.07,Utility,Success
T006984,A00403,2025-11-22,Credit,ATM,22649.27,Education,Success
T006985,A00155,2025-05-23,Credit,Internet Banking,8327.24,Healthcare,Success
T006986,A00509,2025-03-05,NEFT,Branch,31852.0,Healthcare,Success
T006987,A00256,2025-07-04,ATM,ATM,2000.0,Cash Withdrawal,Success
T006988,A00590,2025-01-21,UPI,Mobile,1561.26,Retail,Success
T006989,A00074,2024-06-07,ATM,ATM,500.0,Cash Withdrawal,Success
T006990,A00056,2024-01-26,UPI,Mobile,1652.67,Retail,Success
T006991,A00367,2025-08-05,Debit,Branch,19363.3,Utility,Success
T006992,A00378,2025-03-22,Debit,Branch,14458.03,Utility,Success
T006993,A00571,2025-09-21,Debit,Mobile,3596.35,Education,Success
T006994,A00397,2025-11-02,Credit,Internet Banking,10169.07,Investment,Success
T006995,A00054,2024-09-01,UPI,Mobile,1889.18,Utility,Success
T006996,A00043,2025-05-08,Credit,Internet Banking,15344.41,Healthcare,Success
T006997,A00461,2024-08-01,UPI,Mobile,1325.41,Retail,Success
T006998,A00147,2025-06-15,NEFT,Mobile,21775.82,Utility,Success
T006999,A00119,2024-03-06,UPI,Mobile,2996.79,Travel,Success
T007000,A00241,2025-06-27,Credit,ATM,8191.93,Healthcare,Success
T007001,A00554,2025-08-19,UPI,Mobile,2387.64,Healthcare,Success
T007002,A00247,2024-01-08,NEFT,Internet Banking,61702.42,Retail,Success
T007003,A00078,2025-05-29,Debit,ATM,12783.64,Investment,Success
T007004,A00200,2024-04-19,UPI,Mobile,853.94,Travel,Success
T007005,A00582,2024-12-28,ATM,ATM,10000.0,Cash Withdrawal,Success
T007006,A00587,2024-03-10,UPI,Mobile,2090.12,Utility,Success
T007007,A00254,2025-07-10,IMPS,Mobile,27469.12,Education,Success
T007008,A00197,2025-05-26,UPI,Mobile,6277.45,Retail,Success
T007009,A00544,2025-04-13,Debit,Internet Banking,18433.96,Retail,Success
T007010,A00237,2024-01-29,NEFT,Branch,57930.75,Utility,Success
T007011,A00007,2025-08-21,UPI,Mobile,3323.95,Utility,Success
T007012,A00114,2025-01-04,Credit,Mobile,1892.48,Utility,Success
T007013,A00233,2024-12-08,Credit,Internet Banking,10189.05,Healthcare,Success
T007014,A00057,2025-01-03,Credit,ATM,21251.87,Retail,Success
T007015,A00396,2025-12-13,UPI,Mobile,946.12,Utility,Success
T007016,A00224,2025-05-02,UPI,Mobile,342.0,Travel,Failed
T007017,A00327,2025-05-14,Debit,Internet Banking,11945.47,Utility,Success
T007018,A00043,2025-12-22,Debit,Branch,5536.54,Travel,Success
T007019,A00412,2024-01-19,UPI,Mobile,769.46,Retail,Success
T007020,A00287,2025-05-24,Credit,ATM,9691.73,Utility,Success
T007021,A00177,2024-03-23,Credit,Mobile,4229.68,Utility,Success
T007022,A00140,2024-08-28,UPI,Mobile,1263.21,Travel,Failed
T007023,A00115,2024-08-12,IMPS,Internet Banking,40635.84,Utility,Reversed
T007024,A00256,2024-04-10,IMPS,Mobile,113798.63,Investment,Success
T007025,A00014,2024-07-31,Debit,Branch,7724.34,Education,Success
T007026,A00473,2024-09-27,UPI,Mobile,1343.58,Utility,Success
T007027,A00588,2025-02-06,UPI,Mobile,2321.26,Retail,Failed
T007028,A00590,2024-02-11,Credit,ATM,8567.27,Healthcare,Success
T007029,A00227,2025-07-11,Credit,Internet Banking,6921.53,Healthcare,Success
T007030,A00097,2024-11-17,Debit,ATM,21418.23,Loan EMI,Success
T007031,A00051,2025-05-07,UPI,Mobile,4237.42,Utility,Success
T007032,A00113,2024-10-15,NEFT,Branch,25817.17,Utility,Success
T007033,A00120,2024-10-29,Debit,Internet Banking,6792.91,Travel,Success
T007034,A00362,2024-09-15,Credit,Mobile,684893.93,Retail,Failed
T007035,A00444,2024-05-24,IMPS,Mobile,52058.57,Healthcare,Success
T007036,A00334,2025-11-14,Debit,Internet Banking,23434.37,Education,Success
T007037,A00455,2025-03-19,Debit,ATM,14095.27,Retail,Success
T007038,A00299,2024-05-15,Debit,Mobile,16667.77,Investment,Success
T007039,A00283,2025-06-06,NEFT,Branch,66281.87,Utility,Success
T007040,A00332,2025-01-29,NEFT,Branch,91981.42,Retail,Success
T007041,A00356,2025-07-04,IMPS,Branch,45655.19,Education,Success
T007042,A00384,2024-03-25,UPI,Mobile,1093.42,Retail,Success
T007043,A00461,2024-04-26,NEFT,Mobile,55736.03,Utility,Success
T007044,A00508,2024-07-11,Debit,Internet Banking,21912.26,Education,Success
T007045,A00239,2025-09-27,NEFT,Branch,27921.08,Utility,Success
T007046,A00435,2025-07-24,Credit,Branch,1819.26,Healthcare,Success
T007047,A00558,2024-10-06,ATM,ATM,500.0,Cash Withdrawal,Success
T007048,A00334,2025-12-13,ATM,ATM,5000.0,Cash Withdrawal,Success
T007049,A00326,2025-04-02,Debit,Internet Banking,8066.5,Education,Success
T007050,A00449,2024-04-16,ATM,ATM,2000.0,Cash Withdrawal,Success
T007051,A00057,2025-01-29,Credit,Branch,4197.79,Cash Withdrawal,Success
T007052,A00091,2025-06-02,Credit,ATM,985.12,Cash Withdrawal,Success
T007053,A00133,2024-10-23,Credit,Branch,8358.1,Investment,Success
T007054,A00007,2024-03-09,IMPS,Internet Banking,31870.08,Healthcare,Success
T007055,A00405,2024-09-14,UPI,Mobile,2168.65,Retail,Success
T007056,A00259,2025-05-19,ATM,ATM,2000.0,Cash Withdrawal,Success
T007057,A00383,2025-01-25,UPI,Mobile,2422.0,Utility,Success
T007058,A00404,2025-12-02,IMPS,Internet Banking,26651.49,Education,Success
T007059,A00508,2025-03-11,NEFT,Branch,533364.46,Education,Success
T007060,A00075,2025-10-06,UPI,Mobile,104036.58,Retail,Success
T007061,A00398,2025-05-08,UPI,Mobile,2117.77,Utility,Success
T007062,A00382,2024-04-11,Debit,ATM,6308.47,Healthcare,Success
T007063,A00520,2024-08-05,Debit,Mobile,17527.66,Loan EMI,Success
T007064,A00081,2025-06-13,Credit,ATM,12436.23,Education,Success
T007065,A00072,2025-01-26,NEFT,Mobile,32504.36,Retail,Success
T007066,A00178,2024-07-19,ATM,ATM,500.0,Cash Withdrawal,Success
T007067,A00487,2024-01-18,NEFT,Branch,20056.65,Healthcare,Success
T007068,A00248,2024-01-23,ATM,ATM,5000.0,Cash Withdrawal,Success
T007069,A00131,2025-11-21,UPI,Mobile,1148.31,Retail,Success
T007070,A00512,2024-08-24,Debit,Mobile,19159.84,Utility,Success
T007071,A00251,2024-05-22,NEFT,Mobile,49568.87,Investment,Success
T007072,A00234,2025-03-12,UPI,Mobile,942.15,Utility,Success
T007073,A00153,2025-10-26,Debit,Mobile,11965.48,Healthcare,Success
T007074,A00246,2024-12-31,Debit,Branch,15136.09,Utility,Success
T007075,A00389,2024-09-23,UPI,Mobile,997.11,Retail,Success
T007076,A00365,2024-08-02,IMPS,Branch,55623.25,Healthcare,Success
T007077,A00393,2024-04-08,Debit,ATM,2556.95,Investment,Success
T007078,A00404,2024-03-04,ATM,ATM,10000.0,Cash Withdrawal,Success
T007079,A00164,2025-04-23,Debit,Mobile,17247.46,Healthcare,Success
T007080,A00255,2024-04-27,IMPS,Mobile,52913.41,Education,Success
T007081,A00094,2025-12-19,Debit,ATM,13151.33,Investment,Success
T007082,A00164,2025-12-15,Debit,ATM,9455.74,Utility,Success
T007083,A00134,2025-07-06,ATM,ATM,10000.0,Cash Withdrawal,Success
T007084,A00556,2024-09-22,Debit,Internet Banking,5729.99,Education,Success
T007085,A00319,2025-01-11,NEFT,Branch,35141.2,Retail,Success
T007086,A00516,2024-10-12,NEFT,Mobile,46082.23,Investment,Success
T007087,A00490,2024-12-29,Debit,ATM,17573.69,Travel,Success
T007088,A00547,2025-11-20,NEFT,Branch,19447.77,Education,Success
T007089,A00198,2025-03-14,UPI,Mobile,1118.35,Healthcare,Success
T007090,A00222,2024-03-23,ATM,ATM,500.0,Cash Withdrawal,Success
T007091,A00259,2024-08-17,UPI,Mobile,1149.56,Healthcare,Success
T007092,A00276,2024-07-01,Credit,ATM,3427.73,Education,Success
T007093,A00352,2025-04-09,Debit,Branch,22624.33,Investment,Failed
T007094,A00134,2025-01-05,Credit,ATM,23934.29,Education,Success
T007095,A00362,2025-12-06,Debit,ATM,6070.07,Utility,Success
T007096,A00523,2024-07-19,ATM,ATM,2000.0,Cash Withdrawal,Success
T007097,A00022,2025-03-18,IMPS,Branch,99368.11,Retail,Success
T007098,A00159,2024-09-18,UPI,Mobile,1315.89,Utility,Success
T007099,A00111,2024-01-18,UPI,Mobile,2562.76,Retail,Success
T007100,A00021,2024-06-15,Credit,Mobile,16745.84,Utility,Success
T007101,A00387,2024-04-19,Credit,Internet Banking,1237.65,Education,Success
T007102,A00377,2024-09-22,Credit,Branch,11615.6,Utility,Success
T007103,A00140,2025-02-26,ATM,ATM,20000.0,Cash Withdrawal,Success
T007104,A00340,2024-07-26,IMPS,Internet Banking,16943.52,Education,Success
T007105,A00131,2025-09-24,Debit,Internet Banking,2084.69,Loan EMI,Success
T007106,A00082,2025-11-26,Credit,ATM,12705.96,Travel,Success
T007107,A00317,2024-07-09,Debit,Branch,15913.61,Investment,Success
T007108,A00283,2025-02-28,UPI,Mobile,956.48,Retail,Success
T007109,A00198,2024-03-29,Credit,ATM,12157.65,Loan EMI,Success
T007110,A00185,2024-07-24,ATM,ATM,500.0,Cash Withdrawal,Success
T007111,A00144,2025-04-09,IMPS,Branch,76105.27,Healthcare,Success
T007112,A00406,2024-01-07,NEFT,Internet Banking,29586.35,Education,Success
T007113,A00245,2024-01-15,UPI,Mobile,481.42,Healthcare,Failed
T007114,A00397,2024-01-13,UPI,Mobile,2745.16,Healthcare,Success
T007115,A00417,2025-08-06,UPI,Mobile,1157.46,Travel,Failed
T007116,A00130,2025-10-04,UPI,Mobile,899.06,Healthcare,Success
T007117,A00247,2025-11-06,Credit,Mobile,9164.83,Retail,Success
T007118,A00357,2024-04-25,UPI,Mobile,1204.5,Utility,Success
T007119,A00229,2025-04-08,Debit,Branch,2779.12,Education,Success
T007120,A00137,2025-05-31,NEFT,Branch,42317.44,Retail,Failed
T007121,A00535,2025-03-19,NEFT,Branch,41794.34,Education,Success
T007122,A00283,2024-08-05,Credit,Internet Banking,9341.96,Utility,Success
T007123,A00430,2024-12-29,NEFT,Internet Banking,39592.27,Education,Success
T007124,A00493,2024-07-30,NEFT,Mobile,53016.19,Education,Success
T007125,A00212,2024-03-21,Credit,ATM,13149.2,Loan EMI,Success
T007126,A00216,2025-11-27,Credit,Branch,6736.03,Loan EMI,Success
T007127,A00581,2025-08-15,ATM,ATM,10000.0,Cash Withdrawal,Success
T007128,A00199,2024-12-05,NEFT,Mobile,16671.06,Investment,Success
T007129,A00106,2024-09-25,UPI,Mobile,5129.66,Utility,Success
T007130,A00366,2025-12-25,NEFT,Branch,42097.99,Healthcare,Success
T007131,A00006,2025-10-01,NEFT,Internet Banking,30958.26,Retail,Success
T007132,A00122,2024-11-20,Credit,ATM,15398.19,Travel,Success
T007133,A00062,2025-07-25,Debit,Mobile,7382.12,Education,Success
T007134,A00288,2024-06-14,IMPS,Branch,60029.81,Healthcare,Success
T007135,A00268,2024-03-14,NEFT,Internet Banking,26577.28,Healthcare,Success
T007136,A00281,2025-12-06,Debit,Branch,2269.71,Cash Withdrawal,Success
T007137,A00423,2024-01-14,NEFT,Internet Banking,32425.64,Education,Failed
T007138,A00485,2024-10-16,ATM,ATM,2000.0,Cash Withdrawal,Success
T007139,A00425,2025-06-24,ATM,ATM,20000.0,Cash Withdrawal,Success
T007140,A00462,2025-05-30,NEFT,Internet Banking,15007.32,Retail,Success
T007141,A00108,2024-06-18,Credit,Internet Banking,9685.17,Investment,Success
T007142,A00167,2025-07-03,Credit,Internet Banking,8835.89,Retail,Success
T007143,A00501,2025-08-24,ATM,ATM,10000.0,Cash Withdrawal,Success
T007144,A00107,2025-12-03,Debit,Mobile,14243.9,Travel,Success
T007145,A00248,2024-04-30,UPI,Mobile,4063.89,Travel,Success
T007146,A00215,2024-09-01,UPI,Mobile,372493.41,Healthcare,Success
T007147,A00248,2025-04-23,ATM,ATM,2000.0,Cash Withdrawal,Success
T007148,A00391,2024-07-22,UPI,Mobile,1899.78,Healthcare,Success
T007149,A00344,2024-08-23,Debit,Mobile,12016.55,Retail,Success
T007150,A00357,2025-01-26,UPI,Mobile,1946.03,Healthcare,Success
T007151,A00069,2024-07-14,IMPS,Internet Banking,80081.21,Utility,Success
T007152,A00444,2025-05-30,Debit,ATM,15257.71,Cash Withdrawal,Success
T007153,A00462,2024-07-21,Credit,ATM,716358.79,Education,Success
T007154,A00218,2025-10-19,IMPS,Mobile,15667.87,Retail,Success
T007155,A00406,2025-10-17,Debit,Internet Banking,20623.96,Investment,Success
T007156,A00325,2025-03-04,NEFT,Branch,41337.46,Investment,Success
T007157,A00320,2024-11-28,Credit,Branch,24159.44,Education,Success
T007158,A00228,2024-11-12,UPI,Mobile,2470.15,Utility,Success
T007159,A00477,2025-09-19,UPI,Mobile,1648.07,Utility,Success
T007160,A00468,2025-04-12,Debit,Branch,11636.25,Education,Success
T007161,A00530,2024-01-01,IMPS,Mobile,403252.0,Education,Success
T007162,A00207,2025-12-09,IMPS,Branch,29261.34,Utility,Success
T007163,A00327,2024-09-24,IMPS,Branch,762581.21,Investment,Success
T007164,A00015,2024-04-19,Debit,Branch,6155.08,Loan EMI,Failed
T007165,A00283,2025-08-07,Credit,Mobile,5105.59,Retail,Success
T007166,A00422,2024-07-24,NEFT,Mobile,33476.18,Education,Failed
T007167,A00077,2024-07-10,IMPS,Mobile,23836.24,Education,Failed
T007168,A00214,2025-01-31,UPI,Mobile,333.96,Healthcare,Success
T007169,A00325,2025-02-03,UPI,Mobile,2237.31,Travel,Success
T007170,A00206,2024-01-05,NEFT,Internet Banking,25619.95,Investment,Success
T007171,A00586,2024-05-18,NEFT,Mobile,58715.6,Utility,Failed
T007172,A00517,2024-05-03,UPI,Mobile,2138.13,Healthcare,Success
T007173,A00300,2025-09-30,Credit,ATM,34915.36,Travel,Success
T007174,A00452,2024-05-06,IMPS,Branch,33678.71,Utility,Success
T007175,A00347,2025-12-08,Credit,Mobile,7411.41,Investment,Success
T007176,A00165,2025-05-28,UPI,Mobile,769.82,Utility,Success
T007177,A00089,2024-01-12,UPI,Mobile,2394.41,Healthcare,Success
T007178,A00392,2025-09-21,Credit,Branch,17364.38,Utility,Failed
T007179,A00482,2025-06-24,UPI,Mobile,1523.95,Utility,Success
T007180,A00016,2024-07-14,Credit,Branch,12945.16,Cash Withdrawal,Failed
T007181,A00074,2024-03-21,Debit,Branch,20976.79,Loan EMI,Success
T007182,A00146,2024-08-27,NEFT,Branch,54030.8,Education,Success
T007183,A00103,2025-12-11,ATM,ATM,10000.0,Cash Withdrawal,Reversed
T007184,A00037,2025-04-20,Credit,Branch,13400.25,Retail,Success
T007185,A00589,2024-06-02,Debit,ATM,4503.46,Travel,Success
T007186,A00253,2025-10-03,ATM,ATM,10000.0,Cash Withdrawal,Success
T007187,A00502,2024-09-06,UPI,Mobile,799.05,Healthcare,Success
T007188,A00501,2025-02-03,IMPS,Branch,26251.85,Investment,Success
T007189,A00587,2024-10-27,Debit,Internet Banking,8987.63,Investment,Success
T007190,A00274,2025-06-05,Debit,Internet Banking,6714.83,Cash Withdrawal,Success
T007191,A00162,2024-01-24,Debit,Mobile,6156.59,Cash Withdrawal,Failed
T007192,A00317,2025-08-02,UPI,Mobile,1249.57,Retail,Success
T007193,A00148,2024-02-21,Credit,Mobile,12114.97,Travel,Success
T007194,A00553,2024-10-05,Debit,Branch,15019.51,Travel,Success
T007195,A00585,2024-04-28,ATM,ATM,500.0,Cash Withdrawal,Success
T007196,A00439,2024-09-12,NEFT,Internet Banking,7697.04,Education,Reversed
T007197,A00297,2025-08-08,IMPS,Internet Banking,24002.58,Education,Success
T007198,A00179,2025-03-27,Credit,Branch,3134.46,Retail,Success
T007199,A00278,2024-04-24,NEFT,Mobile,33798.77,Utility,Success
T007200,A00437,2024-07-02,Debit,Mobile,10776.7,Healthcare,Success
T007201,A00458,2024-08-26,Credit,Mobile,10201.65,Education,Failed
T007202,A00340,2025-05-09,ATM,ATM,2000.0,Cash Withdrawal,Success
T007203,A00439,2024-06-11,Credit,ATM,9206.88,Cash Withdrawal,Success
T007204,A00383,2025-06-30,Debit,ATM,8043.39,Travel,Success
T007205,A00526,2025-06-13,Credit,Mobile,10230.97,Investment,Success
T007206,A00464,2025-02-24,NEFT,Mobile,48496.53,Healthcare,Success
T007207,A00061,2024-04-12,NEFT,Internet Banking,25707.26,Retail,Failed
T007208,A00556,2025-11-21,NEFT,Branch,13555.34,Utility,Success
T007209,A00561,2024-03-24,IMPS,Internet Banking,40607.07,Utility,Success
T007210,A00201,2025-01-14,Debit,ATM,17434.7,Investment,Success
T007211,A00016,2024-04-09,NEFT,Internet Banking,12998.82,Retail,Success
T007212,A00255,2024-12-10,UPI,Mobile,467.88,Retail,Success
T007213,A00420,2024-02-20,Credit,Mobile,4414.73,Investment,Success
T007214,A00564,2025-10-10,UPI,Mobile,1390.48,Utility,Success
T007215,A00491,2024-04-01,UPI,Mobile,4262.51,Travel,Success
T007216,A00326,2025-05-25,ATM,ATM,5000.0,Cash Withdrawal,Success
T007217,A00093,2024-01-13,UPI,Mobile,3828.4,Utility,Reversed
T007218,A00591,2024-02-01,Debit,Branch,12948.71,Travel,Success
T007219,A00317,2025-06-07,Credit,Mobile,4330.25,Cash Withdrawal,Success
T007220,A00314,2024-11-12,Debit,Internet Banking,24835.95,Cash Withdrawal,Success
T007221,A00441,2024-08-14,Debit,Mobile,25619.08,Retail,Success
T007222,A00449,2025-06-22,ATM,ATM,10000.0,Cash Withdrawal,Success
T007223,A00008,2024-03-03,Debit,ATM,5964.48,Travel,Success
T007224,A00045,2024-08-07,Credit,Internet Banking,10981.3,Investment,Success
T007225,A00112,2025-02-01,ATM,ATM,5000.0,Cash Withdrawal,Success
T007226,A00443,2024-11-14,NEFT,Branch,55750.88,Investment,Failed
T007227,A00557,2025-05-15,Credit,ATM,22909.14,Travel,Success
T007228,A00418,2025-09-10,Credit,ATM,9953.27,Cash Withdrawal,Success
T007229,A00393,2025-03-26,Credit,ATM,18458.36,Loan EMI,Success
T007230,A00234,2025-08-07,UPI,Mobile,1965.57,Travel,Success
T007231,A00027,2025-12-25,IMPS,Internet Banking,562712.22,Healthcare,Success
T007232,A00313,2024-04-22,UPI,Mobile,1768.56,Travel,Success
T007233,A00030,2024-03-05,UPI,Mobile,4394.45,Healthcare,Success
T007234,A00400,2024-09-05,NEFT,Internet Banking,35488.84,Utility,Success
T007235,A00591,2025-08-12,Debit,ATM,14845.43,Cash Withdrawal,Failed
T007236,A00053,2024-11-08,UPI,Mobile,4411.39,Utility,Success
T007237,A00166,2025-03-02,Debit,ATM,15506.7,Investment,Success
T007238,A00107,2025-11-27,UPI,Mobile,1005.46,Healthcare,Success
T007239,A00356,2025-04-14,NEFT,Internet Banking,32904.23,Utility,Success
T007240,A00528,2024-01-19,Credit,Mobile,6374.48,Healthcare,Success
T007241,A00202,2025-01-11,UPI,Mobile,1448.81,Healthcare,Success
T007242,A00438,2024-07-05,Debit,ATM,9961.84,Utility,Success
T007243,A00370,2024-01-29,ATM,ATM,1000.0,Cash Withdrawal,Success
T007244,A00547,2025-10-23,Debit,Mobile,8542.55,Investment,Success
T007245,A00551,2024-07-14,ATM,ATM,2000.0,Cash Withdrawal,Failed
T007246,A00168,2025-08-29,UPI,Mobile,1770.1,Healthcare,Success
T007247,A00130,2025-12-08,ATM,ATM,500.0,Cash Withdrawal,Success
T007248,A00580,2025-08-01,NEFT,Internet Banking,105150.32,Retail,Success
T007249,A00450,2024-12-18,UPI,Mobile,5043.64,Retail,Success
T007250,A00360,2025-03-19,Debit,Mobile,10094.45,Utility,Success
T007251,A00522,2024-02-08,ATM,ATM,10000.0,Cash Withdrawal,Success
T007252,A00058,2024-05-26,ATM,ATM,5000.0,Cash Withdrawal,Success
T007253,A00286,2025-02-04,Debit,Mobile,11010.53,Travel,Success
T007254,A00557,2025-03-06,NEFT,Branch,80552.88,Retail,Success
T007255,A00444,2024-03-22,UPI,Mobile,2228.64,Travel,Success
T007256,A00508,2024-03-09,UPI,Mobile,1120.79,Healthcare,Success
T007257,A00318,2025-11-20,NEFT,Branch,28126.7,Healthcare,Success
T007258,A00287,2025-12-25,UPI,Mobile,3078.37,Healthcare,Success
T007259,A00093,2025-11-18,UPI,Mobile,3365.89,Retail,Success
T007260,A00172,2025-03-31,ATM,ATM,5000.0,Cash Withdrawal,Success
T007261,A00569,2025-04-28,Debit,ATM,7808.96,Retail,Success
T007262,A00314,2025-07-01,Credit,Internet Banking,24234.05,Loan EMI,Success
T007263,A00391,2024-01-26,Credit,Mobile,3568.36,Education,Success
T007264,A00296,2024-03-23,Debit,Branch,26169.88,Retail,Success
T007265,A00573,2024-11-13,Debit,Branch,13896.01,Travel,Success
T007266,A00311,2025-02-03,Credit,Internet Banking,24049.47,Investment,Success
T007267,A00381,2025-03-26,IMPS,Internet Banking,52298.2,Investment,Success
T007268,A00239,2024-08-26,Credit,Mobile,8147.68,Education,Success
T007269,A00329,2025-02-10,ATM,ATM,2000.0,Cash Withdrawal,Success
T007270,A00187,2024-03-05,IMPS,Internet Banking,32263.04,Retail,Failed
T007271,A00412,2025-07-29,UPI,Mobile,1113.06,Healthcare,Success
T007272,A00198,2024-02-28,NEFT,Mobile,20272.7,Retail,Success
T007273,A00079,2025-12-12,NEFT,Branch,47526.55,Retail,Failed
T007274,A00534,2024-10-12,Debit,Internet Banking,2742.74,Travel,Success
T007275,A00396,2024-04-30,Credit,Mobile,10020.3,Education,Success
T007276,A00171,2024-11-22,UPI,Mobile,1658.1,Healthcare,Success
T007277,A00035,2024-05-25,UPI,Mobile,309.15,Utility,Failed
T007278,A00364,2025-01-17,Credit,Mobile,13674.43,Cash Withdrawal,Success
T007279,A00456,2025-01-26,ATM,ATM,500.0,Cash Withdrawal,Success
T007280,A00479,2024-06-09,UPI,Mobile,2385.28,Healthcare,Success
T007281,A00197,2024-01-23,Credit,Internet Banking,14886.76,Healthcare,Success
T007282,A00224,2025-07-31,ATM,ATM,2000.0,Cash Withdrawal,Success
T007283,A00239,2025-10-19,UPI,Mobile,2127.75,Healthcare,Success
T007284,A00488,2024-07-08,Credit,Branch,12023.22,Utility,Success
T007285,A00203,2024-05-24,Debit,Internet Banking,5497.8,Loan EMI,Success
T007286,A00509,2025-09-18,IMPS,Mobile,2145.81,Healthcare,Success
T007287,A00195,2024-10-10,Credit,ATM,9834.05,Cash Withdrawal,Success
T007288,A00542,2025-07-17,ATM,ATM,5000.0,Cash Withdrawal,Success
T007289,A00303,2025-03-23,NEFT,Branch,24591.48,Education,Success
T007290,A00395,2025-02-07,NEFT,Mobile,36884.38,Utility,Success
T007291,A00294,2024-05-20,UPI,Mobile,837.85,Travel,Success
T007292,A00134,2025-10-30,UPI,Mobile,3192.1,Utility,Success
T007293,A00192,2025-11-14,UPI,Mobile,396.93,Travel,Success
T007294,A00500,2025-05-07,UPI,Mobile,969.96,Travel,Success
T007295,A00289,2024-10-18,UPI,Mobile,1296.22,Healthcare,Success
T007296,A00475,2025-02-21,NEFT,Branch,47629.02,Healthcare,Success
T007297,A00019,2024-07-16,Credit,Internet Banking,15043.21,Utility,Success
T007298,A00448,2024-02-26,NEFT,Branch,62383.46,Retail,Success
T007299,A00407,2025-03-24,ATM,ATM,2000.0,Cash Withdrawal,Success
T007300,A00010,2024-12-04,ATM,ATM,500.0,Cash Withdrawal,Success
T007301,A00503,2025-07-01,IMPS,Mobile,56779.46,Investment,Success
T007302,A00221,2024-09-25,NEFT,Mobile,30631.27,Utility,Success
T007303,A00338,2024-04-26,Debit,Mobile,18550.74,Utility,Success
T007304,A00246,2025-12-30,UPI,Mobile,1371.86,Healthcare,Success
T007305,A00460,2025-11-07,UPI,Mobile,368.48,Utility,Failed
T007306,A00267,2025-03-23,NEFT,Internet Banking,10023.88,Utility,Success
T007307,A00371,2025-08-03,Debit,Internet Banking,9341.03,Loan EMI,Reversed
T007308,A00355,2025-01-13,ATM,ATM,1000.0,Cash Withdrawal,Success
T007309,A00140,2024-09-26,IMPS,Mobile,15067.7,Education,Success
T007310,A00384,2025-05-12,UPI,Mobile,1440.71,Travel,Success
T007311,A00579,2024-09-01,Credit,Branch,18003.94,Utility,Success
T007312,A00131,2024-03-25,Debit,Mobile,8736.04,Retail,Success
T007313,A00295,2025-09-07,UPI,Mobile,244.35,Retail,Failed
T007314,A00268,2025-03-29,IMPS,Mobile,49676.25,Education,Success
T007315,A00260,2024-10-24,ATM,ATM,1000.0,Cash Withdrawal,Success
T007316,A00071,2024-07-11,Credit,Mobile,8120.58,Education,Success
T007317,A00276,2025-09-30,UPI,Mobile,1295.28,Utility,Success
T007318,A00559,2024-10-05,Debit,Internet Banking,37668.95,Education,Reversed
T007319,A00485,2024-11-19,UPI,Mobile,2879.37,Utility,Success
T007320,A00200,2025-04-22,Credit,Branch,22202.15,Cash Withdrawal,Success
T007321,A00560,2024-10-10,Debit,Mobile,8892.67,Retail,Failed
T007322,A00029,2025-08-10,Debit,Branch,32801.88,Retail,Success
T007323,A00455,2024-10-24,UPI,Mobile,751.98,Utility,Success
T007324,A00589,2025-05-26,Credit,ATM,3338.87,Cash Withdrawal,Success
T007325,A00255,2024-03-25,Credit,ATM,36293.21,Utility,Success
T007326,A00181,2025-04-14,Debit,Branch,2408.62,Retail,Success
T007327,A00083,2024-05-26,Credit,Branch,8153.69,Travel,Success
T007328,A00145,2025-10-22,ATM,ATM,2000.0,Cash Withdrawal,Success
T007329,A00296,2024-02-02,Debit,Mobile,15751.39,Investment,Success
T007330,A00242,2025-05-15,Credit,Internet Banking,8971.43,Loan EMI,Success
T007331,A00056,2024-02-17,Debit,Branch,7063.38,Investment,Success
T007332,A00497,2025-06-05,ATM,ATM,1000.0,Cash Withdrawal,Success
T007333,A00270,2025-06-28,Debit,ATM,11407.94,Education,Success
T007334,A00220,2024-05-23,Debit,Branch,10939.53,Healthcare,Success
T007335,A00465,2025-05-07,Debit,ATM,12294.41,Healthcare,Success
T007336,A00452,2024-10-11,ATM,ATM,10000.0,Cash Withdrawal,Success
T007337,A00156,2024-05-21,Debit,Mobile,23468.75,Utility,Success
T007338,A00156,2024-12-30,IMPS,Mobile,52125.06,Retail,Success
T007339,A00177,2025-12-06,Debit,Internet Banking,9740.3,Travel,Success
T007340,A00350,2025-04-23,Credit,Internet Banking,13353.33,Loan EMI,Success
T007341,A00195,2024-11-03,Debit,ATM,547.78,Cash Withdrawal,Failed
T007342,A00346,2025-10-31,UPI,Mobile,1401.0,Healthcare,Success
T007343,A00116,2025-01-17,NEFT,Branch,44421.78,Healthcare,Success
T007344,A00222,2024-04-29,ATM,ATM,1000.0,Cash Withdrawal,Success
T007345,A00314,2024-11-20,UPI,Mobile,839.91,Healthcare,Success
T007346,A00297,2025-03-13,UPI,Mobile,1111.0,Utility,Success
T007347,A00013,2025-08-09,Credit,ATM,19393.1,Healthcare,Success
T007348,A00403,2024-07-13,ATM,ATM,20000.0,Cash Withdrawal,Success
T007349,A00197,2025-05-17,UPI,Mobile,627.48,Travel,Success
T007350,A00007,2024-06-26,Debit,Internet Banking,19713.8,Utility,Success
T007351,A00583,2024-02-01,UPI,Mobile,4427.46,Healthcare,Failed
T007352,A00326,2025-08-05,IMPS,Internet Banking,25866.5,Healthcare,Success
T007353,A00003,2025-11-30,UPI,Mobile,636.46,Healthcare,Success
T007354,A00232,2025-11-08,IMPS,Internet Banking,20301.96,Education,Success
T007355,A00354,2024-01-28,Credit,Mobile,27319.51,Travel,Reversed
T007356,A00504,2024-01-06,ATM,ATM,500.0,Cash Withdrawal,Success
T007357,A00188,2024-05-10,IMPS,Mobile,14302.48,Investment,Success
T007358,A00577,2025-08-23,Debit,ATM,5191.03,Investment,Success
T007359,A00564,2024-02-01,Debit,Internet Banking,2369.93,Travel,Success
T007360,A00016,2024-04-04,Debit,Branch,8218.77,Cash Withdrawal,Success
T007361,A00106,2024-05-04,IMPS,Internet Banking,39380.19,Retail,Success
T007362,A00344,2024-02-29,ATM,ATM,10000.0,Cash Withdrawal,Success
T007363,A00388,2025-04-18,ATM,ATM,500.0,Cash Withdrawal,Failed
T007364,A00208,2024-05-04,UPI,Mobile,3849.44,Travel,Success
T007365,A00161,2025-12-06,Debit,ATM,8752.24,Retail,Failed
T007366,A00211,2024-05-09,ATM,ATM,500.0,Cash Withdrawal,Success
T007367,A00370,2024-06-07,NEFT,Mobile,49153.34,Utility,Failed
T007368,A00271,2025-10-12,ATM,ATM,5000.0,Cash Withdrawal,Success
T007369,A00445,2025-01-22,UPI,Mobile,893.37,Utility,Success
T007370,A00126,2024-10-11,Credit,ATM,754184.12,Retail,Success
T007371,A00116,2024-08-04,ATM,ATM,5000.0,Cash Withdrawal,Success
T007372,A00286,2025-05-15,ATM,ATM,500.0,Cash Withdrawal,Success
T007373,A00187,2024-07-14,IMPS,Internet Banking,75237.33,Education,Failed
T007374,A00578,2025-12-07,Debit,Internet Banking,12322.13,Investment,Success
T007375,A00148,2024-08-02,ATM,ATM,2000.0,Cash Withdrawal,Success
T007376,A00292,2024-05-01,UPI,Mobile,2376.86,Healthcare,Success
T007377,A00451,2025-03-23,Credit,Mobile,346047.53,Retail,Success
T007378,A00129,2025-06-26,NEFT,Internet Banking,8885.25,Education,Success
T007379,A00227,2025-10-02,IMPS,Mobile,62394.38,Retail,Success
T007380,A00058,2024-05-11,Debit,Internet Banking,6606.18,Education,Success
T007381,A00368,2025-10-10,Debit,Mobile,14912.65,Retail,Success
T007382,A00359,2025-04-16,Debit,Branch,4672.48,Travel,Success
T007383,A00587,2024-05-19,IMPS,Mobile,14310.7,Utility,Success
T007384,A00290,2024-09-19,Debit,ATM,6994.11,Retail,Success
T007385,A00577,2024-03-30,Debit,ATM,5737.57,Cash Withdrawal,Success
T007386,A00328,2024-06-30,UPI,Mobile,511.48,Travel,Success
T007387,A00343,2025-04-09,Credit,Internet Banking,35728.94,Loan EMI,Success
T007388,A00520,2025-11-07,Credit,Mobile,11104.97,Investment,Success
T007389,A00367,2024-10-28,NEFT,Branch,7860.54,Healthcare,Success
T007390,A00245,2024-03-21,UPI,Mobile,538.67,Travel,Success
T007391,A00514,2025-04-24,Debit,Mobile,6036.12,Investment,Success
T007392,A00539,2025-03-20,UPI,Mobile,778746.73,Healthcare,Success
T007393,A00106,2024-03-27,NEFT,Branch,54545.29,Investment,Success
T007394,A00092,2025-12-24,Credit,Internet Banking,12559.01,Healthcare,Success
T007395,A00384,2025-07-29,NEFT,Internet Banking,33858.59,Retail,Success
T007396,A00209,2025-12-08,Debit,Mobile,3450.87,Cash Withdrawal,Reversed
T007397,A00141,2025-05-28,UPI,Mobile,2209.37,Healthcare,Success
T007398,A00429,2024-05-02,ATM,ATM,2000.0,Cash Withdrawal,Success
T007399,A00230,2024-09-13,IMPS,Branch,9021.27,Education,Failed
T007400,A00297,2025-11-14,ATM,ATM,1000.0,Cash Withdrawal,Success
T007401,A00160,2024-12-12,NEFT,Branch,29128.9,Investment,Success
T007402,A00371,2025-07-01,Credit,Internet Banking,13122.4,Healthcare,Reversed
T007403,A00259,2024-09-17,ATM,ATM,10000.0,Cash Withdrawal,Success
T007404,A00041,2025-06-03,UPI,Mobile,1913.02,Travel,Success
T007405,A00582,2024-09-02,IMPS,Branch,37548.52,Investment,Reversed
T007406,A00483,2025-03-29,UPI,Mobile,1741.21,Travel,Success
T007407,A00198,2024-05-20,IMPS,Branch,36475.97,Utility,Success
T007408,A00507,2024-03-29,NEFT,Mobile,11007.59,Healthcare,Success
T007409,A00238,2024-10-18,Credit,Mobile,3741.01,Loan EMI,Success
T007410,A00532,2024-11-14,Debit,ATM,18137.75,Travel,Success
T007411,A00536,2024-10-05,UPI,Mobile,143518.65,Retail,Success
T007412,A00095,2024-08-21,Debit,Branch,4897.68,Travel,Success
T007413,A00019,2024-09-18,IMPS,Internet Banking,37967.64,Utility,Success
T007414,A00170,2024-04-21,Debit,Mobile,13781.64,Utility,Success
T007415,A00154,2024-09-29,Debit,Internet Banking,10919.31,Investment,Success
T007416,A00079,2025-06-14,ATM,ATM,20000.0,Cash Withdrawal,Success
T007417,A00105,2025-01-17,IMPS,Branch,63998.44,Retail,Success
T007418,A00422,2024-12-02,UPI,Mobile,1053.09,Healthcare,Success
T007419,A00110,2024-10-25,UPI,Mobile,1130.45,Retail,Success
T007420,A00016,2025-06-07,NEFT,Internet Banking,64452.67,Retail,Success
T007421,A00400,2024-12-21,UPI,Mobile,466.66,Healthcare,Success
T007422,A00403,2025-07-10,NEFT,Internet Banking,56855.5,Healthcare,Success
T007423,A00125,2025-01-29,ATM,ATM,10000.0,Cash Withdrawal,Success
T007424,A00489,2025-04-08,ATM,ATM,20000.0,Cash Withdrawal,Success
T007425,A00454,2025-12-13,NEFT,Mobile,84729.74,Healthcare,Success
T007426,A00574,2025-03-10,Debit,Internet Banking,15025.7,Loan EMI,Success
T007427,A00497,2025-05-17,UPI,Mobile,1426.51,Travel,Success
T007428,A00541,2024-01-17,Credit,Internet Banking,4134.64,Healthcare,Success
T007429,A00560,2024-05-16,Debit,Branch,12096.69,Loan EMI,Success
T007430,A00251,2024-10-12,UPI,Mobile,819.57,Utility,Failed
T007431,A00184,2025-03-20,UPI,Mobile,1199.04,Healthcare,Success
T007432,A00477,2024-09-08,UPI,Mobile,1948.72,Utility,Success
T007433,A00383,2024-06-08,Credit,Internet Banking,5790.89,Education,Success
T007434,A00004,2025-10-15,Debit,Internet Banking,4649.43,Utility,Success
T007435,A00016,2024-06-17,IMPS,Branch,22371.7,Investment,Success
T007436,A00354,2025-05-26,Debit,Branch,24074.38,Retail,Success
T007437,A00532,2025-12-01,Credit,Mobile,13818.01,Retail,Success
T007438,A00087,2024-12-20,ATM,ATM,1000.0,Cash Withdrawal,Success
T007439,A00082,2025-07-30,NEFT,Mobile,482167.16,Healthcare,Success
T007440,A00577,2025-02-10,UPI,Mobile,884.61,Retail,Success
T007441,A00166,2024-10-27,UPI,Mobile,3240.42,Utility,Success
T007442,A00270,2024-07-25,UPI,Mobile,427.2,Retail,Success
T007443,A00447,2024-05-24,UPI,Mobile,3621.28,Healthcare,Success
T007444,A00012,2025-06-01,UPI,Mobile,702.79,Travel,Success
T007445,A00087,2025-12-31,Debit,Mobile,23190.23,Healthcare,Success
T007446,A00479,2024-03-04,Credit,Mobile,18064.69,Loan EMI,Success
T007447,A00282,2024-12-07,ATM,ATM,10000.0,Cash Withdrawal,Success
T007448,A00047,2025-05-02,NEFT,Branch,14885.52,Retail,Success
T007449,A00023,2024-06-02,Credit,Branch,16393.65,Travel,Success
T007450,A00423,2024-02-03,Debit,Branch,3032.8,Cash Withdrawal,Success
T007451,A00095,2025-04-30,Debit,Mobile,20262.38,Loan EMI,Success
T007452,A00093,2024-10-12,UPI,Mobile,615.63,Utility,Success
T007453,A00192,2024-09-10,NEFT,Mobile,65734.87,Education,Success
T007454,A00320,2025-09-26,Credit,Internet Banking,3912.05,Investment,Success
T007455,A00407,2024-07-23,Debit,Internet Banking,5292.63,Cash Withdrawal,Success
T007456,A00056,2025-04-02,IMPS,Mobile,90242.66,Investment,Success
T007457,A00337,2025-10-29,Credit,Mobile,14754.93,Investment,Success
T007458,A00493,2024-01-21,NEFT,Branch,16676.52,Healthcare,Success
T007459,A00513,2025-05-12,UPI,Mobile,1827.88,Retail,Success
T007460,A00067,2024-11-12,NEFT,Internet Banking,39884.25,Education,Success
T007461,A00463,2024-10-08,NEFT,Internet Banking,28291.08,Education,Failed
T007462,A00018,2025-11-15,Debit,ATM,12628.34,Travel,Success
T007463,A00403,2024-08-01,UPI,Mobile,3265.31,Utility,Success
T007464,A00104,2024-07-28,Credit,Internet Banking,17756.79,Travel,Success
T007465,A00110,2024-06-26,UPI,Mobile,2196.11,Utility,Success
T007466,A00551,2024-09-28,ATM,ATM,20000.0,Cash Withdrawal,Success
T007467,A00104,2025-08-12,NEFT,Branch,16295.09,Utility,Failed
T007468,A00100,2025-01-27,NEFT,Internet Banking,10912.01,Retail,Failed
T007469,A00256,2025-02-04,Credit,Branch,10314.11,Utility,Success
T007470,A00523,2024-05-02,Credit,Branch,18001.92,Cash Withdrawal,Success
T007471,A00147,2025-06-07,ATM,ATM,118616.1,Cash Withdrawal,Success
T007472,A00251,2025-06-28,Credit,Branch,1997.19,Utility,Success
T007473,A00527,2025-08-07,Credit,Internet Banking,7772.73,Investment,Success
T007474,A00467,2024-01-09,UPI,Mobile,2093.46,Retail,Success
T007475,A00156,2024-08-30,Debit,ATM,23496.32,Travel,Success
T007476,A00218,2024-03-25,IMPS,Internet Banking,31715.46,Education,Success
T007477,A00579,2025-04-16,ATM,ATM,20000.0,Cash Withdrawal,Success
T007478,A00023,2024-10-06,ATM,ATM,20000.0,Cash Withdrawal,Success
T007479,A00280,2025-04-02,ATM,ATM,500.0,Cash Withdrawal,Success
T007480,A00174,2025-06-28,ATM,ATM,10000.0,Cash Withdrawal,Success
T007481,A00135,2024-10-24,Debit,Branch,7397.11,Travel,Success
T007482,A00521,2024-01-05,Debit,Internet Banking,10919.94,Cash Withdrawal,Success
T007483,A00469,2024-08-24,Credit,Branch,15197.29,Education,Failed
T007484,A00266,2024-06-11,NEFT,Internet Banking,7512.94,Healthcare,Success
T007485,A00226,2025-02-06,UPI,Mobile,664.94,Retail,Success
T007486,A00312,2024-12-16,IMPS,Branch,17268.83,Healthcare,Success
T007487,A00510,2024-12-21,UPI,Mobile,1129.11,Utility,Success
T007488,A00095,2025-03-29,UPI,Mobile,3134.3,Travel,Success
T007489,A00365,2025-04-14,UPI,Mobile,613.72,Retail,Success
T007490,A00371,2024-08-10,Credit,Branch,6676.57,Utility,Success
T007491,A00573,2024-08-25,Debit,ATM,3766.01,Travel,Success
T007492,A00339,2024-01-06,ATM,ATM,20000.0,Cash Withdrawal,Success
T007493,A00338,2024-09-27,UPI,Mobile,1137.36,Retail,Success
T007494,A00029,2025-03-14,UPI,Mobile,1224.1,Utility,Success
T007495,A00459,2024-06-26,Debit,ATM,9565.02,Education,Success
T007496,A00131,2024-09-22,UPI,Mobile,6204.47,Utility,Success
T007497,A00299,2025-06-14,Debit,Branch,17906.11,Investment,Success
T007498,A00554,2025-12-02,IMPS,Internet Banking,32711.61,Utility,Success
T007499,A00140,2024-02-22,NEFT,Branch,47770.66,Utility,Success
T007500,A00507,2025-10-18,UPI,Mobile,928.22,Retail,Success
T007501,A00191,2024-06-24,IMPS,Branch,114541.33,Investment,Success
T007502,A00005,2025-10-24,ATM,ATM,10000.0,Cash Withdrawal,Success
T007503,A00366,2025-11-26,Debit,Mobile,18416.36,Education,Success
T007504,A00137,2025-08-24,NEFT,Branch,53985.72,Utility,Success
T007505,A00016,2025-11-19,IMPS,Internet Banking,78437.76,Healthcare,Failed
T007506,A00143,2025-01-04,NEFT,Branch,97022.87,Retail,Success
T007507,A00261,2024-12-06,NEFT,Branch,14872.21,Education,Success
T007508,A00035,2024-08-25,Credit,Branch,22243.99,Cash Withdrawal,Success
T007509,A00501,2025-04-29,UPI,Mobile,2060.18,Retail,Success
T007510,A00110,2025-05-17,Credit,ATM,13043.73,Retail,Success
T007511,A00155,2024-10-27,Debit,ATM,27116.09,Utility,Success
T007512,A00347,2024-04-29,IMPS,Internet Banking,16001.72,Investment,Success
T007513,A00446,2025-01-27,IMPS,Internet Banking,33118.32,Retail,Success
T007514,A00308,2025-08-14,Debit,Mobile,9745.27,Travel,Success
T007515,A00064,2024-08-28,UPI,Mobile,2039.02,Healthcare,Success
T007516,A00365,2025-09-20,ATM,ATM,20000.0,Cash Withdrawal,Success
T007517,A00153,2024-11-19,UPI,Mobile,2106.97,Healthcare,Success
T007518,A00215,2024-10-02,ATM,ATM,20000.0,Cash Withdrawal,Success
T007519,A00472,2025-07-07,IMPS,Mobile,70564.21,Healthcare,Success
T007520,A00193,2025-08-03,ATM,ATM,2000.0,Cash Withdrawal,Failed
T007521,A00344,2025-05-11,Credit,ATM,11327.09,Loan EMI,Success
T007522,A00053,2024-02-15,UPI,Mobile,4416.49,Retail,Success
T007523,A00049,2024-08-25,Debit,Branch,15230.95,Investment,Success
T007524,A00156,2024-04-27,UPI,Mobile,616.99,Healthcare,Success
T007525,A00359,2025-10-08,Credit,ATM,7275.42,Investment,Success
T007526,A00116,2025-11-05,UPI,Mobile,2466.63,Travel,Success
T007527,A00116,2024-03-06,Debit,Branch,14585.53,Travel,Success
T007528,A00557,2025-05-27,UPI,Mobile,2016.02,Utility,Success
T007529,A00121,2025-09-30,Credit,Internet Banking,31023.67,Healthcare,Success
T007530,A00509,2024-07-29,Debit,Internet Banking,20314.72,Investment,Success
T007531,A00235,2024-03-31,Debit,Internet Banking,635158.46,Cash Withdrawal,Success
T007532,A00098,2025-08-03,UPI,Mobile,1359.09,Retail,Success
T007533,A00438,2024-09-10,UPI,Mobile,1061.16,Travel,Success
T007534,A00166,2025-01-28,Debit,ATM,5934.32,Healthcare,Success
T007535,A00535,2024-05-03,UPI,Mobile,5078.43,Healthcare,Success
T007536,A00346,2024-03-07,IMPS,Branch,45966.25,Utility,Success
T007537,A00426,2025-08-16,UPI,Mobile,528.98,Retail,Success
T007538,A00284,2025-01-10,UPI,Mobile,4136.97,Utility,Success
T007539,A00030,2024-10-17,UPI,Mobile,841.13,Retail,Success
T007540,A00073,2024-02-04,IMPS,Mobile,40516.52,Retail,Success
T007541,A00098,2025-09-09,UPI,Mobile,1632.5,Travel,Failed
T007542,A00201,2024-03-28,Debit,Branch,3361.01,Investment,Success
T007543,A00250,2025-12-25,Credit,ATM,2121.36,Retail,Success
T007544,A00028,2025-11-02,IMPS,Mobile,58018.05,Utility,Success
T007545,A00478,2024-04-22,Credit,Mobile,23136.47,Loan EMI,Success
T007546,A00019,2024-11-29,UPI,Mobile,1913.78,Retail,Success
T007547,A00532,2024-10-23,UPI,Mobile,7264.37,Utility,Success
T007548,A00207,2025-08-31,Debit,ATM,6965.5,Investment,Success
T007549,A00270,2025-08-01,IMPS,Mobile,7125.62,Healthcare,Success
T007550,A00155,2025-02-24,UPI,Mobile,539408.1,Retail,Success
T007551,A00400,2025-12-22,UPI,Mobile,663.37,Travel,Success
T007552,A00497,2024-02-10,UPI,Mobile,539242.75,Travel,Success
T007553,A00497,2025-03-09,Credit,Branch,20579.48,Healthcare,Success
T007554,A00120,2024-03-27,UPI,Mobile,995.68,Retail,Success
T007555,A00448,2024-04-10,NEFT,Internet Banking,33022.51,Retail,Reversed
T007556,A00280,2024-11-14,Credit,Internet Banking,22475.47,Loan EMI,Success
T007557,A00020,2024-03-03,Debit,Branch,9747.7,Healthcare,Success
T007558,A00336,2025-05-23,Credit,ATM,14788.51,Cash Withdrawal,Success
T007559,A00320,2025-03-27,UPI,Mobile,2326.11,Utility,Success
T007560,A00268,2025-08-10,NEFT,Branch,30170.45,Utility,Success
T007561,A00278,2024-01-29,ATM,ATM,10000.0,Cash Withdrawal,Success
T007562,A00319,2024-11-14,NEFT,Mobile,30876.56,Investment,Failed
T007563,A00152,2024-04-22,UPI,Mobile,1517.54,Travel,Success
T007564,A00488,2024-08-10,NEFT,Branch,20905.27,Utility,Success
T007565,A00427,2025-05-12,Debit,Branch,14322.78,Cash Withdrawal,Success
T007566,A00253,2024-04-16,NEFT,Mobile,21275.23,Healthcare,Success
T007567,A00430,2024-12-21,NEFT,Internet Banking,23551.81,Utility,Success
T007568,A00060,2025-04-29,UPI,Mobile,674.22,Travel,Success
T007569,A00451,2025-06-07,Credit,Mobile,23575.05,Utility,Success
T007570,A00448,2025-03-01,Credit,Branch,3934.76,Healthcare,Success
T007571,A00089,2025-04-17,IMPS,Mobile,104586.1,Investment,Success
T007572,A00539,2024-03-09,NEFT,Internet Banking,31632.11,Investment,Success
T007573,A00200,2024-12-09,ATM,ATM,2000.0,Cash Withdrawal,Success
T007574,A00006,2024-03-25,ATM,ATM,10000.0,Cash Withdrawal,Success
T007575,A00139,2025-10-21,UPI,Mobile,1113.09,Retail,Success
T007576,A00235,2024-02-14,Debit,Internet Banking,5447.29,Loan EMI,Success
T007577,A00485,2024-04-06,UPI,Mobile,737.78,Utility,Success
T007578,A00081,2024-12-14,UPI,Mobile,918.44,Travel,Success
T007579,A00591,2025-04-16,Debit,Mobile,52158.73,Cash Withdrawal,Failed
T007580,A00249,2024-08-31,Debit,Branch,7067.77,Travel,Success
T007581,A00444,2024-09-16,Debit,Internet Banking,15028.28,Travel,Success
T007582,A00221,2024-02-18,Debit,Branch,9425.33,Utility,Success
T007583,A00588,2025-12-31,NEFT,Internet Banking,458327.57,Healthcare,Success
T007584,A00087,2025-12-18,NEFT,Mobile,40000.18,Education,Failed
T007585,A00092,2024-05-17,IMPS,Mobile,12871.51,Utility,Success
T007586,A00201,2025-12-10,Debit,Mobile,7954.07,Travel,Success
T007587,A00323,2024-09-29,IMPS,Branch,136473.93,Education,Success
T007588,A00467,2025-02-01,IMPS,Branch,59370.33,Healthcare,Success
T007589,A00482,2024-04-15,Credit,Mobile,10731.63,Utility,Success
T007590,A00390,2025-12-07,IMPS,Branch,16497.67,Education,Failed
T007591,A00475,2024-12-14,Debit,Branch,6105.77,Education,Success
T007592,A00137,2024-07-08,Debit,Branch,4999.14,Utility,Failed
T007593,A00096,2025-02-16,IMPS,Mobile,8738.56,Investment,Success
T007594,A00203,2025-12-11,Debit,Mobile,17708.62,Loan EMI,Success
T007595,A00068,2024-03-08,Credit,Branch,15770.58,Utility,Success
T007596,A00224,2024-02-26,UPI,Mobile,1702.48,Healthcare,Success
T007597,A00049,2025-10-11,IMPS,Branch,83844.26,Utility,Success
T007598,A00259,2024-03-17,Credit,Mobile,17314.15,Travel,Success
T007599,A00276,2025-02-05,Credit,ATM,3728.67,Utility,Success
T007600,A00361,2025-01-31,NEFT,Branch,34307.42,Healthcare,Success
T007601,A00212,2025-07-15,NEFT,Mobile,61497.81,Investment,Success
T007602,A00142,2025-04-15,NEFT,Branch,34545.17,Investment,Success
T007603,A00009,2024-06-19,Debit,Branch,11819.56,Utility,Success
T007604,A00580,2024-01-23,UPI,Mobile,343.21,Healthcare,Success
T007605,A00466,2024-12-31,UPI,Mobile,941.89,Healthcare,Success
T007606,A00374,2025-09-02,IMPS,Branch,47992.14,Retail,Success
T007607,A00076,2024-06-19,NEFT,Mobile,30722.83,Education,Success
T007608,A00275,2025-08-18,ATM,ATM,500.0,Cash Withdrawal,Success
T007609,A00543,2024-09-28,ATM,ATM,5000.0,Cash Withdrawal,Failed
T007610,A00165,2024-05-28,Credit,ATM,3494.89,Cash Withdrawal,Success
T007611,A00296,2025-04-09,NEFT,Branch,60884.94,Education,Success
T007612,A00420,2025-09-26,NEFT,Branch,29734.33,Education,Success
T007613,A00276,2024-06-30,Credit,ATM,11703.12,Loan EMI,Success
T007614,A00098,2024-09-19,Credit,Mobile,3763.01,Loan EMI,Success
T007615,A00090,2024-10-03,Debit,Branch,2794.65,Loan EMI,Success
T007616,A00422,2024-04-28,IMPS,Internet Banking,37940.63,Investment,Success
T007617,A00278,2025-01-10,ATM,ATM,20000.0,Cash Withdrawal,Success
T007618,A00118,2024-07-31,UPI,Mobile,3595.36,Retail,Success
T007619,A00471,2025-10-15,NEFT,Internet Banking,59662.85,Utility,Failed
T007620,A00492,2025-07-29,Credit,Branch,16899.53,Cash Withdrawal,Success
T007621,A00053,2025-05-05,Debit,Branch,12828.32,Travel,Success
T007622,A00200,2025-07-16,IMPS,Branch,12298.39,Retail,Success
T007623,A00222,2024-11-24,Credit,Branch,1741.07,Cash Withdrawal,Failed
T007624,A00360,2024-01-12,Debit,Internet Banking,43918.51,Travel,Success
T007625,A00279,2025-02-28,Credit,ATM,9638.07,Investment,Success
T007626,A00168,2024-03-14,UPI,Mobile,964.54,Healthcare,Success
T007627,A00186,2024-11-13,Debit,Mobile,11562.25,Cash Withdrawal,Success
T007628,A00372,2024-03-26,ATM,ATM,2000.0,Cash Withdrawal,Success
T007629,A00215,2025-10-27,Credit,ATM,5429.84,Cash Withdrawal,Success
T007630,A00580,2024-09-24,Debit,ATM,8013.64,Healthcare,Success
T007631,A00149,2024-05-23,Credit,ATM,31025.61,Travel,Success
T007632,A00055,2025-01-01,NEFT,Internet Banking,43786.33,Utility,Success
T007633,A00246,2024-01-25,IMPS,Branch,51030.18,Investment,Success
T007634,A00041,2024-06-17,ATM,ATM,2000.0,Cash Withdrawal,Success
T007635,A00456,2025-02-21,IMPS,Branch,31602.53,Healthcare,Success
T007636,A00429,2025-06-27,Debit,Branch,21772.26,Utility,Success
T007637,A00308,2024-03-02,ATM,ATM,500.0,Cash Withdrawal,Success
T007638,A00514,2025-05-14,Debit,ATM,21415.96,Investment,Success
T007639,A00371,2025-08-28,Credit,Mobile,9463.41,Utility,Success
T007640,A00199,2024-02-23,Credit,ATM,11084.53,Education,Reversed
T007641,A00462,2024-09-21,Debit,Branch,24007.48,Loan EMI,Success
T007642,A00349,2025-03-21,Debit,Mobile,11527.87,Education,Success
T007643,A00184,2024-07-06,Credit,ATM,8713.03,Healthcare,Success
T007644,A00527,2024-07-03,Credit,ATM,9152.59,Healthcare,Success
T007645,A00107,2025-02-10,NEFT,Branch,24111.87,Retail,Success
T007646,A00374,2024-11-20,Credit,Internet Banking,11432.82,Cash Withdrawal,Success
T007647,A00558,2024-08-01,ATM,ATM,500.0,Cash Withdrawal,Success
T007648,A00536,2024-10-15,NEFT,Branch,24717.71,Investment,Success
T007649,A00567,2025-10-11,IMPS,Branch,35538.99,Healthcare,Success
T007650,A00564,2024-01-15,Credit,Internet Banking,6655.4,Healthcare,Success
T007651,A00189,2025-06-26,Debit,ATM,14043.26,Education,Success
T007652,A00223,2025-03-11,Credit,ATM,15383.31,Travel,Success
T007653,A00246,2025-10-30,UPI,Mobile,2510.87,Healthcare,Success
T007654,A00274,2025-12-23,Credit,Mobile,15562.84,Retail,Success
T007655,A00370,2024-02-24,Debit,ATM,20755.19,Retail,Success
T007656,A00239,2025-09-08,IMPS,Mobile,37613.45,Retail,Success
T007657,A00276,2025-06-04,Debit,Mobile,11346.71,Healthcare,Success
T007658,A00382,2024-09-28,Credit,ATM,7303.08,Loan EMI,Success
T007659,A00327,2024-04-17,ATM,ATM,5000.0,Cash Withdrawal,Success
T007660,A00546,2025-06-14,UPI,Mobile,2678.71,Utility,Success
T007661,A00426,2025-09-16,UPI,Mobile,1004.14,Travel,Success
T007662,A00211,2025-04-12,UPI,Mobile,288.91,Retail,Success
T007663,A00559,2024-10-15,ATM,ATM,2000.0,Cash Withdrawal,Success
T007664,A00248,2024-08-23,Credit,ATM,7054.55,Loan EMI,Success
T007665,A00324,2024-04-14,IMPS,Branch,61241.48,Retail,Failed
T007666,A00535,2024-11-05,Credit,Internet Banking,16672.63,Loan EMI,Success
T007667,A00108,2025-03-19,Debit,Internet Banking,13109.11,Cash Withdrawal,Success
T007668,A00471,2025-07-23,Debit,Internet Banking,38673.39,Education,Success
T007669,A00315,2024-08-30,Debit,Mobile,14086.49,Travel,Success
T007670,A00392,2025-08-24,NEFT,Internet Banking,18419.3,Education,Success
T007671,A00460,2025-06-18,UPI,Mobile,730.57,Healthcare,Success
T007672,A00261,2024-10-06,ATM,ATM,1000.0,Cash Withdrawal,Success
T007673,A00129,2024-03-24,Credit,Branch,15548.67,Travel,Success
T007674,A00071,2024-10-03,Credit,Mobile,26236.29,Travel,Success
T007675,A00085,2025-10-24,UPI,Mobile,1565.29,Utility,Success
T007676,A00098,2024-11-16,ATM,ATM,10000.0,Cash Withdrawal,Reversed
T007677,A00289,2024-05-12,Debit,Mobile,14361.01,Utility,Success
T007678,A00342,2025-12-11,UPI,Mobile,2142.69,Utility,Success
T007679,A00009,2025-06-05,IMPS,Branch,132977.88,Healthcare,Success
T007680,A00552,2025-10-21,NEFT,Mobile,64806.81,Education,Success
T007681,A00306,2024-06-16,Debit,Branch,23071.57,Cash Withdrawal,Success
T007682,A00181,2025-01-30,UPI,Mobile,763.39,Retail,Success
T007683,A00311,2025-02-12,UPI,Mobile,1001.19,Travel,Success
T007684,A00183,2025-08-08,UPI,Mobile,938.58,Travel,Success
T007685,A00122,2025-06-19,UPI,Mobile,1305.34,Retail,Success
T007686,A00253,2024-08-01,NEFT,Mobile,36945.35,Education,Success
T007687,A00383,2024-02-17,UPI,Mobile,1961.77,Retail,Failed
T007688,A00342,2025-02-02,ATM,ATM,10000.0,Cash Withdrawal,Failed
T007689,A00322,2024-10-12,Credit,Branch,10723.86,Loan EMI,Success
T007690,A00139,2025-11-05,Debit,ATM,7092.76,Cash Withdrawal,Success
T007691,A00312,2025-04-13,UPI,Mobile,630.07,Utility,Success
T007692,A00367,2024-08-28,NEFT,Branch,46414.54,Retail,Success
T007693,A00019,2025-03-17,Credit,Branch,17413.88,Education,Success
T007694,A00017,2024-01-15,ATM,ATM,1000.0,Cash Withdrawal,Success
T007695,A00451,2025-10-15,UPI,Mobile,1350.14,Travel,Success
T007696,A00334,2024-07-26,Credit,Branch,3095.03,Utility,Success
T007697,A00134,2025-06-10,UPI,Mobile,2972.76,Healthcare,Success
T007698,A00340,2025-07-03,NEFT,Internet Banking,29483.93,Investment,Success
T007699,A00237,2024-11-08,Debit,ATM,4005.89,Travel,Success
T007700,A00060,2025-06-12,Debit,Mobile,11153.08,Cash Withdrawal,Success
T007701,A00286,2025-07-08,IMPS,Internet Banking,67282.35,Investment,Failed
T007702,A00133,2024-06-29,UPI,Mobile,1130.91,Utility,Success
T007703,A00420,2024-05-02,UPI,Mobile,109.87,Healthcare,Success
T007704,A00099,2025-06-05,UPI,Mobile,1253.55,Travel,Success
T007705,A00252,2025-10-20,Debit,ATM,6840.44,Utility,Success
T007706,A00379,2024-11-05,Debit,Branch,12513.73,Utility,Success
T007707,A00278,2025-06-12,IMPS,Branch,35252.98,Retail,Success
T007708,A00268,2024-06-18,IMPS,Branch,24099.05,Education,Success
T007709,A00212,2024-02-02,Debit,ATM,7632.28,Healthcare,Success
T007710,A00468,2024-10-02,NEFT,Internet Banking,80252.09,Utility,Success
T007711,A00054,2025-02-13,ATM,ATM,20000.0,Cash Withdrawal,Success
T007712,A00486,2025-05-14,Debit,Internet Banking,15493.56,Investment,Success
T007713,A00541,2024-12-30,UPI,Mobile,2197.83,Healthcare,Failed
T007714,A00337,2025-04-24,NEFT,Internet Banking,61993.45,Investment,Success
T007715,A00223,2025-05-25,ATM,ATM,10000.0,Cash Withdrawal,Success
T007716,A00569,2025-08-29,IMPS,Mobile,29303.8,Utility,Success
T007717,A00308,2025-11-26,NEFT,Mobile,94050.62,Utility,Success
T007718,A00560,2024-05-02,Credit,Mobile,13815.17,Loan EMI,Success
T007719,A00297,2025-07-07,Credit,ATM,12114.89,Utility,Success
T007720,A00486,2024-12-01,UPI,Mobile,1958.39,Healthcare,Success
T007721,A00477,2024-06-03,Credit,Internet Banking,9239.45,Retail,Success
T007722,A00351,2024-12-06,ATM,ATM,5000.0,Cash Withdrawal,Success
T007723,A00261,2025-01-12,Credit,Internet Banking,7072.69,Loan EMI,Success
T007724,A00274,2025-12-09,UPI,Mobile,3319.01,Retail,Success
T007725,A00131,2025-12-18,Debit,Internet Banking,4790.79,Retail,Success
T007726,A00304,2025-08-12,NEFT,Internet Banking,14834.31,Utility,Success
T007727,A00226,2024-08-17,Debit,Internet Banking,10458.12,Travel,Success
T007728,A00019,2024-07-19,UPI,Mobile,770.01,Travel,Success
T007729,A00543,2024-01-11,Debit,ATM,3102.8,Cash Withdrawal,Success
T007730,A00263,2025-03-27,ATM,ATM,500.0,Cash Withdrawal,Success
T007731,A00393,2025-12-12,Credit,ATM,4979.41,Travel,Success
T007732,A00388,2025-08-01,NEFT,Branch,18381.11,Healthcare,Success
T007733,A00140,2025-05-07,UPI,Mobile,2040.28,Travel,Success
T007734,A00575,2025-02-09,Debit,Mobile,9924.18,Retail,Success
T007735,A00459,2025-04-16,UPI,Mobile,2944.69,Travel,Success
T007736,A00578,2024-03-06,NEFT,Branch,13742.17,Utility,Success
T007737,A00581,2025-02-06,UPI,Mobile,670.44,Healthcare,Success
T007738,A00573,2025-02-20,NEFT,Mobile,40392.14,Education,Success
T007739,A00126,2025-07-12,Debit,Mobile,6860.08,Travel,Success
T007740,A00470,2024-06-28,Debit,Internet Banking,171734.29,Education,Success
T007741,A00048,2025-06-22,UPI,Mobile,614.17,Utility,Success
T007742,A00236,2024-01-17,Credit,Internet Banking,4766.46,Utility,Success
T007743,A00396,2024-06-11,Credit,ATM,6676.89,Utility,Failed
T007744,A00154,2024-09-04,Credit,Mobile,20438.93,Cash Withdrawal,Success
T007745,A00411,2025-01-27,IMPS,Internet Banking,11085.78,Retail,Success
T007746,A00389,2025-08-19,UPI,Mobile,3306.11,Healthcare,Success
T007747,A00543,2025-12-18,Debit,Mobile,19267.19,Healthcare,Failed
T007748,A00419,2024-12-05,UPI,Mobile,1051.6,Healthcare,Success
T007749,A00063,2025-09-20,Debit,Branch,11299.35,Cash Withdrawal,Success
T007750,A00467,2025-10-02,UPI,Mobile,1930.09,Healthcare,Success
T007751,A00426,2024-06-11,UPI,Mobile,2471.02,Retail,Success
T007752,A00203,2025-02-02,ATM,ATM,2000.0,Cash Withdrawal,Success
T007753,A00003,2025-07-10,IMPS,Internet Banking,437493.69,Utility,Success
T007754,A00576,2024-08-30,IMPS,Internet Banking,58144.23,Retail,Success
T007755,A00437,2024-07-27,UPI,Mobile,1669.2,Utility,Success
T007756,A00049,2024-07-31,IMPS,Internet Banking,16740.56,Education,Success
T007757,A00210,2024-08-24,UPI,Mobile,1682.65,Travel,Failed
T007758,A00272,2025-10-26,Debit,ATM,5660.95,Cash Withdrawal,Success
T007759,A00301,2024-10-16,IMPS,Internet Banking,34280.54,Healthcare,Success
T007760,A00183,2024-10-24,Debit,Internet Banking,8203.62,Loan EMI,Success
T007761,A00332,2024-01-25,UPI,Mobile,1748.8,Healthcare,Success
T007762,A00275,2024-05-08,NEFT,Branch,40426.52,Healthcare,Success
T007763,A00567,2024-06-18,Debit,Internet Banking,23711.1,Travel,Success
T007764,A00216,2024-01-31,UPI,Mobile,2372.85,Healthcare,Success
T007765,A00186,2025-05-27,IMPS,Internet Banking,46001.83,Utility,Success
T007766,A00229,2024-11-19,NEFT,Branch,8046.46,Retail,Success
T007767,A00078,2024-02-04,Credit,Internet Banking,20039.12,Utility,Success
T007768,A00108,2025-09-14,Debit,ATM,8443.39,Investment,Failed
T007769,A00541,2024-10-22,Debit,Internet Banking,5031.19,Utility,Success
T007770,A00534,2024-09-17,Credit,Mobile,34970.02,Utility,Success
T007771,A00060,2024-02-14,Debit,Branch,6854.81,Retail,Success
T007772,A00164,2025-05-27,ATM,ATM,500.0,Cash Withdrawal,Success
T007773,A00422,2025-11-05,UPI,Mobile,3872.55,Healthcare,Success
T007774,A00103,2025-05-16,Credit,ATM,13639.61,Retail,Success
T007775,A00508,2024-12-24,Credit,Internet Banking,15553.27,Investment,Success
T007776,A00272,2025-06-27,Credit,Mobile,11099.28,Investment,Success
T007777,A00106,2025-07-23,Debit,ATM,5821.4,Travel,Success
T007778,A00287,2025-09-28,ATM,ATM,2000.0,Cash Withdrawal,Success
T007779,A00096,2025-08-06,Debit,ATM,17439.04,Investment,Success
T007780,A00368,2025-10-11,NEFT,Branch,40962.06,Investment,Success
T007781,A00105,2024-02-18,NEFT,Mobile,40555.53,Investment,Success
T007782,A00507,2024-06-17,Credit,ATM,11749.91,Loan EMI,Success
T007783,A00341,2024-02-18,Credit,Branch,9409.25,Healthcare,Success
T007784,A00124,2025-11-08,Credit,Branch,17516.18,Loan EMI,Success
T007785,A00303,2025-11-24,NEFT,Mobile,48643.0,Education,Success
T007786,A00014,2025-04-08,UPI,Mobile,2778.73,Travel,Success
T007787,A00502,2025-03-26,Credit,Internet Banking,9694.59,Loan EMI,Success
T007788,A00012,2025-03-30,Debit,Mobile,9176.23,Investment,Success
T007789,A00456,2024-07-04,UPI,Mobile,1014.71,Healthcare,Success
T007790,A00040,2025-04-15,Debit,Branch,11966.47,Utility,Success
T007791,A00533,2025-02-03,Debit,Mobile,3070.78,Education,Success
T007792,A00378,2024-11-06,Debit,Branch,45146.24,Travel,Success
T007793,A00407,2024-12-06,Credit,ATM,7160.01,Cash Withdrawal,Success
T007794,A00286,2025-08-07,Credit,Branch,23222.39,Education,Success
T007795,A00035,2025-12-27,Credit,Branch,8314.86,Healthcare,Success
T007796,A00521,2024-11-03,NEFT,Branch,51436.92,Healthcare,Success
T007797,A00576,2024-02-17,Debit,ATM,29944.26,Investment,Success
T007798,A00277,2024-08-22,Debit,Mobile,15561.41,Loan EMI,Success
T007799,A00468,2024-06-13,UPI,Mobile,4492.47,Retail,Success
T007800,A00277,2024-11-30,Debit,Mobile,22400.47,Cash Withdrawal,Success
T007801,A00422,2024-04-16,ATM,ATM,5000.0,Cash Withdrawal,Success
T007802,A00520,2025-01-03,IMPS,Branch,16182.47,Education,Success
T007803,A00510,2025-07-05,IMPS,Internet Banking,56535.2,Healthcare,Success
T007804,A00045,2025-09-30,UPI,Mobile,2016.43,Retail,Success
T007805,A00541,2025-07-20,UPI,Mobile,869.37,Utility,Success
T007806,A00190,2024-03-26,UPI,Mobile,3196.85,Healthcare,Success
T007807,A00312,2024-11-21,UPI,Mobile,560.38,Healthcare,Success
T007808,A00422,2024-02-10,UPI,Mobile,3058.88,Utility,Success
T007809,A00541,2025-11-16,Debit,ATM,17753.34,Investment,Failed
T007810,A00244,2024-06-19,NEFT,Branch,37945.82,Education,Failed
T007811,A00074,2024-11-25,UPI,Mobile,969.24,Travel,Success
T007812,A00089,2025-10-19,Debit,Internet Banking,17456.73,Utility,Success
T007813,A00573,2024-03-24,UPI,Mobile,239.78,Utility,Reversed
T007814,A00157,2024-01-28,Credit,ATM,6435.95,Cash Withdrawal,Success
T007815,A00452,2024-10-11,IMPS,Mobile,34867.72,Utility,Success
T007816,A00328,2025-07-31,NEFT,Internet Banking,37967.25,Investment,Success
T007817,A00574,2024-08-03,UPI,Mobile,839.45,Travel,Success
T007818,A00094,2024-09-26,UPI,Mobile,857.16,Travel,Success
T007819,A00345,2025-08-14,ATM,ATM,10000.0,Cash Withdrawal,Failed
T007820,A00183,2024-01-09,IMPS,Mobile,50607.39,Healthcare,Success
T007821,A00533,2025-09-17,UPI,Mobile,705.87,Retail,Success
T007822,A00159,2025-07-03,IMPS,Internet Banking,727117.84,Utility,Success
T007823,A00424,2025-02-23,NEFT,Mobile,602270.12,Retail,Success
T007824,A00270,2024-11-11,ATM,ATM,20000.0,Cash Withdrawal,Success
T007825,A00151,2025-05-21,ATM,ATM,5000.0,Cash Withdrawal,Success
T007826,A00314,2024-06-14,Debit,Mobile,11621.1,Utility,Success
T007827,A00123,2025-01-05,IMPS,Mobile,30165.92,Investment,Reversed
T007828,A00164,2025-05-07,Credit,Internet Banking,2151.15,Investment,Success
T007829,A00400,2024-06-20,Debit,Branch,3935.97,Education,Success
T007830,A00050,2025-04-30,NEFT,Internet Banking,78915.94,Utility,Success
T007831,A00312,2024-11-11,Debit,Branch,6950.11,Cash Withdrawal,Failed
T007832,A00279,2025-08-11,Credit,ATM,14295.64,Retail,Success
T007833,A00214,2024-04-07,IMPS,Internet Banking,15664.55,Investment,Success
T007834,A00238,2024-10-06,UPI,Mobile,4041.52,Healthcare,Success
T007835,A00304,2024-03-14,UPI,Mobile,315.28,Travel,Success
T007836,A00113,2025-01-23,Debit,Internet Banking,22668.99,Investment,Success
T007837,A00197,2024-07-13,UPI,Mobile,1702.53,Healthcare,Success
T007838,A00137,2025-03-31,UPI,Mobile,2523.6,Retail,Success
T007839,A00443,2024-08-08,NEFT,Mobile,79665.72,Education,Reversed
T007840,A00071,2024-05-24,Credit,Mobile,13305.3,Cash Withdrawal,Success
T007841,A00369,2024-05-12,Debit,ATM,30460.24,Healthcare,Success
T007842,A00412,2025-01-08,Debit,Internet Banking,24086.98,Retail,Failed
T007843,A00308,2024-09-19,Debit,Mobile,16839.58,Cash Withdrawal,Success
T007844,A00074,2024-01-05,Credit,Branch,416428.49,Loan EMI,Success
T007845,A00459,2024-01-23,NEFT,Internet Banking,35325.71,Utility,Failed
T007846,A00007,2024-02-04,Debit,Internet Banking,5861.41,Loan EMI,Success
T007847,A00062,2025-06-22,Debit,Internet Banking,41350.71,Healthcare,Success
T007848,A00352,2025-12-25,UPI,Mobile,1663.79,Healthcare,Success
T007849,A00057,2025-10-20,Debit,ATM,13721.16,Cash Withdrawal,Success
T007850,A00019,2024-12-21,IMPS,Mobile,11612.64,Healthcare,Success
T007851,A00228,2025-12-15,NEFT,Branch,82831.07,Healthcare,Success
T007852,A00498,2024-01-10,NEFT,Mobile,42509.4,Retail,Success
T007853,A00253,2024-12-08,ATM,ATM,20000.0,Cash Withdrawal,Success
T007854,A00354,2024-03-25,UPI,Mobile,2308.54,Utility,Success
T007855,A00497,2025-05-09,Credit,ATM,17228.85,Education,Success
T007856,A00477,2025-02-04,Credit,Branch,6811.52,Utility,Success
T007857,A00165,2025-04-16,NEFT,Mobile,81404.86,Investment,Success
T007858,A00420,2024-06-14,NEFT,Mobile,45693.4,Utility,Success
T007859,A00323,2025-06-26,Debit,Branch,2280.39,Utility,Success
T007860,A00003,2024-03-14,Debit,Internet Banking,21848.28,Cash Withdrawal,Success
T007861,A00031,2024-09-11,UPI,Mobile,1471.44,Utility,Success
T007862,A00090,2025-07-08,Debit,Branch,7341.32,Retail,Success
T007863,A00045,2024-05-03,ATM,ATM,500.0,Cash Withdrawal,Success
T007864,A00230,2024-02-06,Debit,Mobile,3171.28,Retail,Success
T007865,A00254,2024-09-17,Credit,Internet Banking,8814.06,Retail,Success
T007866,A00514,2025-02-17,UPI,Mobile,1082.13,Healthcare,Success
T007867,A00322,2024-06-08,Credit,Branch,23308.64,Loan EMI,Success
T007868,A00500,2024-12-09,Debit,Internet Banking,7706.54,Cash Withdrawal,Success
T007869,A00184,2025-05-21,UPI,Mobile,430.6,Retail,Success
T007870,A00383,2024-05-13,ATM,ATM,5000.0,Cash Withdrawal,Success
T007871,A00197,2024-06-26,Credit,Internet Banking,15969.75,Retail,Success
T007872,A00183,2024-07-14,UPI,Mobile,3663.97,Retail,Success
T007873,A00480,2024-03-18,ATM,ATM,1000.0,Cash Withdrawal,Success
T007874,A00234,2025-11-11,Debit,Internet Banking,9222.51,Loan EMI,Success
T007875,A00267,2024-02-21,Debit,Branch,34084.9,Investment,Success
T007876,A00154,2024-08-22,IMPS,Mobile,70518.97,Education,Success
T007877,A00500,2024-07-23,UPI,Mobile,3882.92,Healthcare,Success
T007878,A00229,2024-03-04,NEFT,Branch,49963.83,Healthcare,Success
T007879,A00543,2024-05-26,UPI,Mobile,2102.25,Healthcare,Success
T007880,A00413,2025-09-28,UPI,Mobile,977.29,Retail,Success
T007881,A00590,2025-08-06,UPI,Mobile,4606.08,Retail,Success
T007882,A00544,2024-11-24,IMPS,Internet Banking,87782.61,Education,Success
T007883,A00332,2025-10-14,NEFT,Branch,99294.94,Retail,Success
T007884,A00567,2025-04-23,UPI,Mobile,1588.12,Retail,Success
T007885,A00421,2024-03-21,Credit,ATM,9329.96,Healthcare,Success
T007886,A00527,2024-11-02,NEFT,Branch,59709.31,Retail,Success
T007887,A00406,2024-04-16,Credit,Mobile,8432.55,Travel,Success
T007888,A00468,2024-05-09,UPI,Mobile,1601.36,Retail,Success
T007889,A00444,2025-06-03,Debit,Mobile,2534.14,Healthcare,Success
T007890,A00275,2024-07-09,Credit,Mobile,13767.84,Healthcare,Failed
T007891,A00101,2025-02-17,UPI,Mobile,2463.02,Healthcare,Success
T007892,A00280,2024-09-09,Debit,Branch,25671.69,Investment,Success
T007893,A00069,2025-09-11,NEFT,Mobile,61225.06,Healthcare,Success
T007894,A00138,2025-11-13,Debit,Internet Banking,21001.4,Travel,Success
T007895,A00507,2024-09-09,Credit,Internet Banking,32738.33,Healthcare,Success
T007896,A00190,2024-09-02,NEFT,Internet Banking,19350.33,Education,Success
T007897,A00063,2024-11-28,UPI,Mobile,711.89,Utility,Success
T007898,A00085,2025-03-29,Credit,Mobile,13162.8,Retail,Success
T007899,A00420,2024-08-02,NEFT,Internet Banking,15063.52,Utility,Success
T007900,A00486,2024-01-17,ATM,ATM,10000.0,Cash Withdrawal,Success
T007901,A00221,2024-12-24,Credit,ATM,14356.49,Cash Withdrawal,Success
T007902,A00200,2024-04-21,UPI,Mobile,658.99,Travel,Success
T007903,A00311,2025-03-29,Credit,Internet Banking,6193.34,Education,Success
T007904,A00381,2025-10-28,NEFT,Internet Banking,8831.77,Education,Success
T007905,A00440,2024-09-17,ATM,ATM,5000.0,Cash Withdrawal,Success
T007906,A00409,2025-12-09,Credit,ATM,13635.64,Education,Success
T007907,A00200,2024-03-31,Debit,ATM,4275.79,Education,Success
T007908,A00009,2025-04-24,NEFT,Internet Banking,51566.87,Healthcare,Success
T007909,A00368,2025-11-13,IMPS,Mobile,57352.19,Education,Success
T007910,A00139,2024-06-14,UPI,Mobile,916.18,Healthcare,Success
T007911,A00136,2024-04-08,UPI,Mobile,2890.48,Retail,Success
T007912,A00518,2024-05-09,Debit,Internet Banking,18067.81,Education,Success
T007913,A00301,2024-09-17,IMPS,Mobile,72980.16,Utility,Success
T007914,A00433,2025-03-26,UPI,Mobile,851.41,Travel,Success
T007915,A00202,2024-01-16,UPI,Mobile,821.98,Utility,Success
T007916,A00523,2024-04-15,Credit,ATM,17265.42,Utility,Success
T007917,A00367,2024-10-03,Debit,Branch,13044.16,Loan EMI,Success
T007918,A00272,2025-08-02,NEFT,Internet Banking,43732.43,Education,Success
T007919,A00543,2025-10-28,ATM,ATM,1000.0,Cash Withdrawal,Success
T007920,A00233,2024-12-10,Credit,Branch,26196.96,Loan EMI,Success
T007921,A00421,2025-10-17,UPI,Mobile,3027.36,Travel,Success
T007922,A00117,2024-08-12,IMPS,Internet Banking,58152.44,Education,Success
T007923,A00524,2024-12-09,Credit,Branch,16829.2,Travel,Success
T007924,A00168,2024-02-16,Credit,ATM,21308.81,Retail,Success
T007925,A00298,2024-05-16,IMPS,Internet Banking,31853.3,Investment,Success
T007926,A00512,2025-10-17,Debit,ATM,5053.27,Healthcare,Success
T007927,A00382,2024-02-03,NEFT,Internet Banking,23174.89,Utility,Success
T007928,A00252,2025-07-10,Debit,Internet Banking,7008.85,Investment,Success
T007929,A00199,2025-02-20,NEFT,Branch,2488.15,Healthcare,Failed
T007930,A00074,2025-09-12,UPI,Mobile,2469.54,Utility,Success
T007931,A00232,2025-12-27,UPI,Mobile,1276.36,Utility,Success
T007932,A00341,2024-09-10,ATM,ATM,10000.0,Cash Withdrawal,Success
T007933,A00525,2024-11-18,UPI,Mobile,1437.29,Travel,Success
T007934,A00579,2025-06-21,ATM,ATM,500.0,Cash Withdrawal,Success
T007935,A00242,2024-09-06,NEFT,Internet Banking,24273.8,Retail,Success
T007936,A00103,2024-12-13,Debit,Mobile,11509.63,Investment,Success
T007937,A00497,2025-04-12,Credit,ATM,28538.87,Cash Withdrawal,Success
T007938,A00274,2024-02-02,IMPS,Mobile,8691.77,Education,Reversed
T007939,A00422,2024-12-27,Credit,Branch,31709.07,Investment,Success
T007940,A00289,2025-09-03,NEFT,Mobile,42699.23,Education,Success
T007941,A00212,2025-06-09,Debit,ATM,8394.52,Investment,Success
T007942,A00233,2024-11-05,ATM,ATM,2000.0,Cash Withdrawal,Success
T007943,A00355,2025-12-10,UPI,Mobile,1230.21,Travel,Success
T007944,A00054,2025-08-31,NEFT,Mobile,18049.1,Healthcare,Success
T007945,A00457,2025-04-03,UPI,Mobile,235.06,Utility,Success
T007946,A00176,2024-10-06,UPI,Mobile,662.86,Travel,Failed
T007947,A00272,2024-04-09,Debit,Internet Banking,11539.27,Investment,Success
T007948,A00216,2025-06-05,UPI,Mobile,1346.16,Utility,Success
T007949,A00107,2024-10-20,UPI,Mobile,2254.47,Travel,Failed
T007950,A00359,2025-10-16,ATM,ATM,1000.0,Cash Withdrawal,Success
T007951,A00237,2024-03-27,ATM,ATM,500.0,Cash Withdrawal,Success
T007952,A00550,2025-03-07,UPI,Mobile,1070.27,Utility,Success
T007953,A00478,2025-06-20,IMPS,Branch,21978.57,Healthcare,Success
T007954,A00065,2025-06-28,Credit,Mobile,38239.28,Investment,Success
T007955,A00121,2025-11-10,UPI,Mobile,791.21,Travel,Success
T007956,A00086,2025-05-31,ATM,ATM,5000.0,Cash Withdrawal,Success
T007957,A00364,2024-08-21,ATM,ATM,10000.0,Cash Withdrawal,Success
T007958,A00022,2024-12-25,ATM,ATM,500.0,Cash Withdrawal,Success
T007959,A00318,2025-12-16,UPI,Mobile,834.72,Utility,Success
T007960,A00129,2025-05-07,Debit,Internet Banking,21092.98,Travel,Success
T007961,A00474,2024-11-13,Credit,ATM,18040.96,Travel,Success
T007962,A00559,2025-11-27,Debit,Branch,8809.81,Loan EMI,Success
T007963,A00248,2024-12-19,UPI,Mobile,2818.74,Utility,Success
T007964,A00123,2024-02-07,Credit,Branch,12458.69,Cash Withdrawal,Success
T007965,A00127,2024-06-03,UPI,Mobile,1079.68,Utility,Success
T007966,A00489,2024-07-01,UPI,Mobile,2543.1,Travel,Success
T007967,A00546,2024-03-14,Credit,Internet Banking,11671.5,Investment,Success
T007968,A00136,2025-08-15,Debit,Internet Banking,2422.06,Retail,Success
T007969,A00048,2025-01-31,Debit,Branch,17307.26,Education,Success
T007970,A00534,2024-10-13,NEFT,Branch,32738.93,Healthcare,Success
T007971,A00082,2025-07-04,ATM,ATM,5000.0,Cash Withdrawal,Success
T007972,A00553,2025-12-11,IMPS,Internet Banking,89627.83,Investment,Success
T007973,A00404,2024-02-05,Debit,Branch,19501.78,Loan EMI,Success
T007974,A00495,2024-05-26,Debit,Branch,13093.53,Investment,Failed
T007975,A00221,2025-01-25,Credit,Branch,8983.44,Loan EMI,Success
T007976,A00109,2025-03-18,Credit,ATM,11463.47,Loan EMI,Failed
T007977,A00537,2025-05-19,IMPS,Branch,17687.88,Utility,Success
T007978,A00124,2024-09-30,Debit,ATM,13091.55,Education,Success
T007979,A00374,2025-02-18,ATM,ATM,500.0,Cash Withdrawal,Success
T007980,A00359,2025-07-21,IMPS,Mobile,93925.92,Healthcare,Success
T007981,A00353,2024-08-24,ATM,ATM,2000.0,Cash Withdrawal,Success
T007982,A00227,2025-09-19,Debit,Branch,34032.77,Investment,Success
T007983,A00220,2024-05-08,Debit,Mobile,23575.83,Education,Failed
T007984,A00422,2024-04-24,UPI,Mobile,1782.95,Healthcare,Success
T007985,A00303,2024-05-15,NEFT,Branch,10489.29,Investment,Success
T007986,A00480,2025-06-21,Credit,Branch,11006.36,Loan EMI,Success
T007987,A00463,2024-11-25,UPI,Mobile,3038.02,Retail,Failed
T007988,A00123,2025-12-07,Credit,ATM,18917.7,Investment,Success
T007989,A00338,2025-03-20,Debit,Internet Banking,10321.75,Education,Failed
T007990,A00588,2025-11-14,ATM,ATM,1000.0,Cash Withdrawal,Success
T007991,A00147,2024-06-29,Debit,Mobile,9775.17,Cash Withdrawal,Success
T007992,A00059,2024-08-24,UPI,Mobile,2130.58,Travel,Success
T007993,A00573,2025-04-01,UPI,Mobile,1673.65,Travel,Success
T007994,A00097,2024-06-27,Debit,ATM,10967.23,Loan EMI,Success
T007995,A00229,2025-05-21,UPI,Mobile,1465.98,Utility,Success
T007996,A00136,2025-08-26,NEFT,Branch,83968.98,Investment,Success
T007997,A00071,2024-08-27,Debit,Mobile,5415.34,Cash Withdrawal,Success
T007998,A00281,2025-12-31,Credit,ATM,9391.57,Retail,Failed
T007999,A00315,2025-09-08,UPI,Mobile,1330.98,Retail,Success
T008000,A00574,2024-05-17,Debit,Internet Banking,12834.43,Investment,Success
T008001,A00582,2024-05-31,NEFT,Branch,36446.86,Investment,Success
T008002,A00020,2025-12-02,Debit,Branch,11180.55,Education,Failed
T008003,A00487,2024-07-22,IMPS,Mobile,16637.72,Utility,Failed
T008004,A00301,2025-05-25,ATM,ATM,500.0,Cash Withdrawal,Success
T008005,A00450,2024-03-30,IMPS,Branch,36411.35,Education,Success
T008006,A00078,2024-01-12,Debit,ATM,17028.32,Utility,Success
T008007,A00193,2024-06-17,IMPS,Internet Banking,41274.14,Retail,Success
T008008,A00364,2025-12-31,ATM,ATM,10000.0,Cash Withdrawal,Success
T008009,A00043,2024-03-06,IMPS,Internet Banking,15559.34,Retail,Success
T008010,A00078,2024-01-08,UPI,Mobile,1735.35,Travel,Success
T008011,A00531,2024-11-03,IMPS,Mobile,36885.04,Retail,Success
T008012,A00328,2024-09-30,Credit,Branch,9144.69,Cash Withdrawal,Success
T008013,A00159,2024-12-13,Debit,ATM,13209.72,Utility,Success
T008014,A00097,2025-05-22,UPI,Mobile,979.86,Utility,Success
T008015,A00163,2024-08-08,UPI,Mobile,2574.62,Travel,Success
T008016,A00398,2025-03-25,IMPS,Branch,548864.58,Utility,Success
T008017,A00475,2025-08-14,ATM,ATM,1000.0,Cash Withdrawal,Success
T008018,A00329,2024-04-02,Credit,Branch,18419.06,Cash Withdrawal,Success
T008019,A00415,2024-07-27,Credit,Internet Banking,6648.87,Utility,Success
T008020,A00299,2024-03-08,IMPS,Mobile,54127.02,Healthcare,Success
T008021,A00575,2025-09-17,UPI,Mobile,2913.39,Healthcare,Success
T008022,A00468,2025-12-19,Debit,Internet Banking,14622.05,Utility,Success
T008023,A00179,2025-08-23,UPI,Mobile,2261.47,Retail,Success
T008024,A00328,2024-03-05,Credit,Mobile,10981.4,Utility,Success
T008025,A00188,2024-08-04,Credit,ATM,4720.74,Travel,Success
T008026,A00168,2024-11-28,NEFT,Mobile,32463.37,Investment,Success
T008027,A00548,2024-01-27,IMPS,Mobile,17520.12,Retail,Failed
T008028,A00388,2024-10-07,UPI,Mobile,1352.69,Retail,Success
T008029,A00319,2025-10-20,UPI,Mobile,1052.88,Utility,Success
T008030,A00015,2024-09-22,Credit,Mobile,5659.23,Cash Withdrawal,Success
T008031,A00559,2025-03-26,UPI,Mobile,3821.87,Healthcare,Success
T008032,A00236,2024-06-13,Credit,ATM,11527.57,Cash Withdrawal,Success
T008033,A00202,2024-11-25,UPI,Mobile,1081.87,Retail,Success
T008034,A00077,2024-03-02,Debit,Internet Banking,3300.07,Retail,Success
T008035,A00226,2024-11-21,UPI,Mobile,2812.26,Travel,Success
T008036,A00025,2025-03-23,Credit,ATM,13394.03,Travel,Success
T008037,A00393,2025-04-29,NEFT,Branch,118958.08,Retail,Success
T008038,A00418,2024-02-06,Debit,Internet Banking,7062.84,Travel,Success
T008039,A00297,2024-08-13,NEFT,Mobile,77719.89,Retail,Success
T008040,A00537,2025-08-09,Credit,ATM,10490.67,Healthcare,Success
T008041,A00304,2025-10-28,UPI,Mobile,784.03,Utility,Success
T008042,A00243,2024-02-27,Debit,Mobile,8800.92,Education,Success
T008043,A00360,2025-07-14,NEFT,Branch,38974.86,Utility,Success
T008044,A00371,2024-08-29,Debit,Internet Banking,8156.6,Utility,Success
T008045,A00571,2025-11-10,Credit,ATM,4851.8,Travel,Success
T008046,A00265,2024-09-02,UPI,Mobile,760.61,Travel,Success
T008047,A00216,2025-12-14,UPI,Mobile,2329.61,Utility,Success
T008048,A00362,2025-11-04,Credit,Branch,471968.83,Utility,Success
T008049,A00580,2025-12-24,Debit,Internet Banking,7421.45,Utility,Success
T008050,A00224,2024-07-07,IMPS,Branch,16476.84,Education,Success
T008051,A00199,2025-11-30,Debit,Mobile,13610.36,Cash Withdrawal,Success
T008052,A00046,2024-04-27,ATM,ATM,500.0,Cash Withdrawal,Success
T008053,A00540,2024-08-19,Debit,Mobile,46021.81,Loan EMI,Success
T008054,A00451,2025-10-08,Credit,Mobile,15581.68,Education,Success
T008055,A00471,2024-09-04,Debit,Internet Banking,6827.32,Education,Success
T008056,A00233,2025-10-28,ATM,ATM,10000.0,Cash Withdrawal,Success
T008057,A00341,2024-07-25,Credit,ATM,13600.97,Utility,Failed
T008058,A00582,2025-01-19,Credit,Branch,7126.69,Utility,Success
T008059,A00049,2024-02-03,Credit,Branch,12805.59,Loan EMI,Success
T008060,A00575,2024-03-26,UPI,Mobile,4125.48,Utility,Success
T008061,A00152,2025-07-28,UPI,Mobile,569682.68,Utility,Success
T008062,A00395,2025-10-22,UPI,Mobile,2039.2,Utility,Failed
T008063,A00367,2024-03-24,UPI,Mobile,1596.27,Retail,Success
T008064,A00464,2024-11-14,Debit,ATM,19940.86,Utility,Success
T008065,A00316,2024-03-15,Debit,Branch,17205.41,Cash Withdrawal,Success
T008066,A00197,2025-05-11,UPI,Mobile,1223.43,Healthcare,Success
T008067,A00210,2025-09-24,ATM,ATM,358089.77,Cash Withdrawal,Success
T008068,A00390,2025-10-27,UPI,Mobile,2529.34,Utility,Success
T008069,A00199,2024-08-24,Credit,Branch,12874.29,Cash Withdrawal,Success
T008070,A00385,2025-08-03,UPI,Mobile,1147.53,Travel,Success
T008071,A00311,2024-10-25,Debit,Internet Banking,8674.67,Education,Success
T008072,A00012,2024-05-26,UPI,Mobile,1785.4,Travel,Success
T008073,A00112,2025-12-04,NEFT,Internet Banking,44507.07,Retail,Success
T008074,A00318,2024-01-13,UPI,Mobile,1419.61,Utility,Success
T008075,A00467,2024-06-21,Credit,Internet Banking,14289.5,Education,Success
T008076,A00305,2024-08-27,IMPS,Mobile,19936.38,Investment,Success
T008077,A00512,2024-12-10,NEFT,Internet Banking,15422.95,Retail,Success
T008078,A00152,2025-06-24,UPI,Mobile,424.9,Retail,Success
T008079,A00489,2025-10-30,Credit,ATM,15832.02,Retail,Success
T008080,A00150,2025-05-11,Credit,Internet Banking,3430.98,Education,Success
T008081,A00569,2024-11-08,UPI,Mobile,2038.06,Healthcare,Failed
T008082,A00579,2025-03-30,Credit,Branch,8236.24,Utility,Success
T008083,A00162,2024-05-09,UPI,Mobile,1254.25,Utility,Success
T008084,A00147,2025-05-03,IMPS,Mobile,28677.14,Utility,Success
T008085,A00585,2024-11-27,UPI,Mobile,6622.49,Utility,Failed
T008086,A00174,2024-08-29,ATM,ATM,1000.0,Cash Withdrawal,Success
T008087,A00538,2024-12-28,UPI,Mobile,993.5,Retail,Success
T008088,A00098,2024-09-16,Debit,Branch,5900.66,Loan EMI,Success
T008089,A00280,2025-08-15,Credit,ATM,31725.35,Cash Withdrawal,Success
T008090,A00068,2024-07-25,NEFT,Internet Banking,11360.16,Education,Success
T008091,A00075,2024-10-18,IMPS,Internet Banking,13780.67,Investment,Success
T008092,A00199,2024-09-10,UPI,Mobile,2848.47,Travel,Success
T008093,A00368,2025-12-07,Debit,ATM,14501.09,Travel,Success
T008094,A00375,2025-04-19,IMPS,Branch,26348.34,Utility,Success
T008095,A00480,2024-09-14,UPI,Mobile,668.49,Travel,Success
T008096,A00199,2025-09-25,NEFT,Mobile,5712.24,Education,Success
T008097,A00111,2025-10-16,Debit,Mobile,27628.79,Utility,Success
T008098,A00337,2025-11-04,UPI,Mobile,2534.15,Utility,Success
T008099,A00157,2025-01-15,Credit,Internet Banking,25852.85,Education,Success
T008100,A00243,2025-03-01,Debit,Branch,21316.36,Healthcare,Success
T008101,A00118,2024-07-04,Credit,Internet Banking,14962.53,Education,Success
T008102,A00060,2025-09-14,IMPS,Branch,22331.29,Investment,Success
T008103,A00575,2025-02-05,Debit,Branch,5415.85,Travel,Success
T008104,A00340,2025-05-24,Debit,ATM,22577.06,Cash Withdrawal,Success
T008105,A00524,2024-08-21,Debit,Branch,8249.01,Travel,Success
T008106,A00317,2024-02-17,Credit,Internet Banking,5645.55,Cash Withdrawal,Success
T008107,A00215,2024-09-29,IMPS,Branch,21133.57,Healthcare,Success
T008108,A00208,2025-01-07,Debit,ATM,23417.99,Investment,Success
T008109,A00345,2024-10-25,Credit,Internet Banking,6069.55,Utility,Success
T008110,A00085,2025-06-22,UPI,Mobile,1163.99,Travel,Success
T008111,A00063,2024-04-01,Debit,Mobile,10497.13,Travel,Success
T008112,A00195,2024-05-25,Credit,Internet Banking,13079.79,Loan EMI,Success
T008113,A00069,2024-11-01,Debit,Internet Banking,296050.93,Utility,Success
T008114,A00236,2025-03-29,ATM,ATM,5000.0,Cash Withdrawal,Failed
T008115,A00107,2025-12-13,UPI,Mobile,1411.29,Healthcare,Success
T008116,A00288,2024-09-07,UPI,Mobile,2885.35,Retail,Success
T008117,A00040,2025-04-21,UPI,Mobile,5642.31,Travel,Success
T008118,A00591,2025-08-18,NEFT,Mobile,14453.33,Retail,Success
T008119,A00388,2025-03-04,Debit,Branch,5604.58,Travel,Failed
T008120,A00590,2024-04-15,ATM,ATM,1000.0,Cash Withdrawal,Failed
T008121,A00561,2025-05-03,UPI,Mobile,790.4,Utility,Success
T008122,A00050,2024-12-27,NEFT,Branch,52912.86,Retail,Success
T008123,A00440,2025-06-19,Debit,Mobile,5265.14,Retail,Success
T008124,A00275,2025-04-12,ATM,ATM,10000.0,Cash Withdrawal,Success
T008125,A00424,2025-10-28,Credit,Internet Banking,10034.28,Utility,Success
T008126,A00042,2025-07-11,UPI,Mobile,1268.83,Travel,Success
T008127,A00408,2024-08-25,UPI,Mobile,5963.69,Healthcare,Success
T008128,A00457,2024-08-24,UPI,Mobile,986.68,Healthcare,Success
T008129,A00508,2024-09-01,UPI,Mobile,939.89,Retail,Success
T008130,A00391,2024-01-12,Debit,ATM,16540.3,Travel,Failed
T008131,A00243,2025-05-27,UPI,Mobile,1937.31,Retail,Success
T008132,A00156,2025-07-11,UPI,Mobile,888.77,Retail,Success
T008133,A00502,2025-09-03,Credit,Internet Banking,24402.68,Loan EMI,Failed
T008134,A00536,2025-07-03,ATM,ATM,500.0,Cash Withdrawal,Success
T008135,A00444,2025-12-24,Credit,Internet Banking,3921.52,Cash Withdrawal,Success
T008136,A00004,2024-05-14,NEFT,Branch,33215.67,Utility,Success
T008137,A00188,2025-11-26,Debit,Internet Banking,8958.01,Investment,Success
T008138,A00346,2024-04-04,UPI,Mobile,1387.28,Utility,Success
T008139,A00192,2025-02-17,Debit,Internet Banking,6837.0,Retail,Success
T008140,A00565,2024-07-24,Debit,Branch,10266.6,Education,Success
T008141,A00557,2024-09-28,Credit,Mobile,12620.2,Utility,Success
T008142,A00081,2025-04-11,UPI,Mobile,129.54,Utility,Success
T008143,A00475,2024-10-30,Credit,Branch,8020.25,Healthcare,Failed
T008144,A00057,2025-11-26,ATM,ATM,5000.0,Cash Withdrawal,Success
T008145,A00342,2024-11-03,UPI,Mobile,796.1,Retail,Success
T008146,A00282,2025-02-01,ATM,ATM,1000.0,Cash Withdrawal,Success
T008147,A00265,2025-04-27,Credit,Mobile,30493.74,Investment,Success
T008148,A00244,2024-04-27,ATM,ATM,500.0,Cash Withdrawal,Success
T008149,A00478,2025-08-05,UPI,Mobile,2111.5,Healthcare,Success
T008150,A00054,2024-07-02,Credit,Mobile,6009.39,Education,Success
T008151,A00137,2024-08-10,UPI,Mobile,1017.54,Travel,Success
T008152,A00148,2024-01-31,UPI,Mobile,1242.18,Retail,Success
T008153,A00357,2025-11-01,ATM,ATM,1000.0,Cash Withdrawal,Success
T008154,A00024,2024-06-22,Debit,Mobile,7612.72,Cash Withdrawal,Success
T008155,A00428,2024-12-07,Debit,Branch,15347.33,Healthcare,Success
T008156,A00414,2024-11-23,UPI,Mobile,4237.2,Travel,Success
T008157,A00344,2024-01-27,NEFT,Branch,1393.59,Investment,Success
T008158,A00515,2025-01-14,ATM,ATM,5000.0,Cash Withdrawal,Failed
T008159,A00202,2025-12-29,NEFT,Mobile,26885.15,Investment,Success
T008160,A00318,2024-08-30,NEFT,Branch,118684.4,Retail,Failed
T008161,A00308,2025-04-08,Credit,Mobile,9052.46,Investment,Success
T008162,A00583,2024-04-26,UPI,Mobile,1859.08,Travel,Success
T008163,A00075,2024-03-02,Debit,Mobile,1819.88,Loan EMI,Success
T008164,A00452,2024-09-16,UPI,Mobile,3698.5,Retail,Success
T008165,A00568,2025-06-24,UPI,Mobile,599.61,Utility,Success
T008166,A00106,2024-05-25,UPI,Mobile,2074.8,Healthcare,Success
T008167,A00039,2024-12-10,Debit,Internet Banking,5631.3,Healthcare,Success
T008168,A00362,2024-08-05,ATM,ATM,2000.0,Cash Withdrawal,Reversed
T008169,A00482,2025-10-18,IMPS,Internet Banking,2426.17,Retail,Success
T008170,A00527,2024-07-26,Debit,Mobile,13592.78,Retail,Success
T008171,A00205,2024-06-17,ATM,ATM,20000.0,Cash Withdrawal,Success
T008172,A00332,2025-10-12,Debit,Mobile,17484.6,Cash Withdrawal,Failed
T008173,A00148,2024-01-15,Credit,Internet Banking,10506.09,Healthcare,Success
T008174,A00200,2024-08-16,Debit,Internet Banking,4467.62,Travel,Success
T008175,A00176,2024-04-05,Credit,ATM,39713.64,Loan EMI,Success
T008176,A00335,2025-05-13,Debit,ATM,17071.01,Travel,Success
T008177,A00354,2025-03-05,Credit,Branch,12281.62,Travel,Success
T008178,A00122,2025-08-18,UPI,Mobile,3305.92,Travel,Success
T008179,A00424,2024-04-26,UPI,Mobile,999.14,Retail,Success
T008180,A00216,2025-12-25,Credit,ATM,32304.98,Investment,Success
T008181,A00479,2024-06-08,UPI,Mobile,2538.32,Utility,Success
T008182,A00524,2024-12-03,Debit,Branch,20636.14,Utility,Success
T008183,A00006,2025-11-15,IMPS,Mobile,26484.21,Utility,Success
T008184,A00138,2024-05-14,UPI,Mobile,585.34,Travel,Success
T008185,A00079,2024-08-17,Debit,Internet Banking,12399.1,Retail,Success
T008186,A00043,2024-08-09,UPI,Mobile,1034.83,Healthcare,Success
T008187,A00317,2024-07-17,Credit,Branch,34584.38,Loan EMI,Success
T008188,A00130,2024-05-21,UPI,Mobile,442.41,Retail,Success
T008189,A00153,2025-07-03,ATM,ATM,2000.0,Cash Withdrawal,Success
T008190,A00254,2024-05-02,Debit,Mobile,25508.32,Utility,Success
T008191,A00315,2025-07-01,IMPS,Mobile,7721.18,Education,Failed
T008192,A00100,2024-05-16,UPI,Mobile,700.04,Retail,Failed
T008193,A00369,2024-11-21,NEFT,Internet Banking,7554.18,Utility,Success
T008194,A00352,2024-08-05,Credit,Mobile,7622.24,Healthcare,Success
T008195,A00589,2025-12-02,Debit,Internet Banking,9526.22,Travel,Success
T008196,A00137,2025-09-14,Credit,Mobile,6945.1,Retail,Success
T008197,A00587,2025-10-06,ATM,ATM,20000.0,Cash Withdrawal,Success
T008198,A00425,2024-11-23,ATM,ATM,2000.0,Cash Withdrawal,Success
T008199,A00535,2024-11-27,Debit,ATM,14416.07,Retail,Success
T008200,A00253,2025-08-16,NEFT,Mobile,29410.17,Retail,Failed
T008201,A00306,2025-09-28,UPI,Mobile,182.15,Utility,Success
T008202,A00421,2024-02-09,Credit,Internet Banking,5386.02,Retail,Success
T008203,A00326,2024-02-19,Debit,Branch,8628.78,Travel,Success
T008204,A00019,2024-07-10,IMPS,Mobile,69282.75,Healthcare,Success
T008205,A00537,2024-04-02,Debit,Mobile,11879.17,Utility,Success
T008206,A00214,2025-01-31,NEFT,Mobile,23872.27,Healthcare,Success
T008207,A00527,2025-08-15,Credit,Branch,3453.32,Cash Withdrawal,Success
T008208,A00479,2025-08-25,UPI,Mobile,1720.89,Travel,Success
T008209,A00262,2024-05-23,ATM,ATM,10000.0,Cash Withdrawal,Success
T008210,A00274,2025-10-22,NEFT,Branch,79989.27,Utility,Success
T008211,A00181,2025-05-12,Debit,Branch,8893.89,Travel,Success
T008212,A00093,2024-11-29,Debit,ATM,5791.37,Cash Withdrawal,Success
T008213,A00371,2024-01-16,Credit,ATM,15824.3,Investment,Success
T008214,A00074,2025-02-02,NEFT,Internet Banking,71083.85,Utility,Success
T008215,A00515,2025-05-11,ATM,ATM,20000.0,Cash Withdrawal,Success
T008216,A00355,2024-04-07,ATM,ATM,20000.0,Cash Withdrawal,Success
T008217,A00477,2024-07-13,NEFT,Internet Banking,29974.19,Utility,Success
T008218,A00187,2025-11-22,NEFT,Internet Banking,54450.14,Education,Success
T008219,A00166,2024-03-18,UPI,Mobile,1087.92,Utility,Failed
T008220,A00217,2025-11-02,ATM,ATM,1000.0,Cash Withdrawal,Success
T008221,A00388,2024-02-03,Credit,Mobile,17510.03,Cash Withdrawal,Failed
T008222,A00564,2025-03-21,UPI,Mobile,3857.0,Healthcare,Success
T008223,A00408,2024-10-27,Debit,Branch,19145.6,Investment,Success
T008224,A00158,2024-02-05,UPI,Mobile,2235.99,Retail,Success
T008225,A00201,2024-03-28,NEFT,Branch,467593.4,Retail,Failed
T008226,A00035,2024-03-09,ATM,ATM,5000.0,Cash Withdrawal,Success
T008227,A00059,2025-10-05,ATM,ATM,5000.0,Cash Withdrawal,Success
T008228,A00136,2024-09-29,NEFT,Mobile,28170.23,Retail,Success
T008229,A00413,2024-10-13,Credit,Mobile,15413.89,Utility,Success
T008230,A00210,2025-10-01,UPI,Mobile,1277.38,Healthcare,Success
T008231,A00478,2025-11-25,NEFT,Internet Banking,49067.62,Investment,Success
T008232,A00173,2025-09-10,Credit,Mobile,17101.37,Education,Success
T008233,A00006,2025-02-06,Credit,Internet Banking,19919.28,Cash Withdrawal,Success
T008234,A00157,2025-04-03,Debit,ATM,11325.23,Retail,Success
T008235,A00434,2025-09-24,Debit,Branch,2394.42,Investment,Success
T008236,A00459,2025-08-19,Credit,ATM,9546.66,Education,Success
T008237,A00074,2024-06-08,ATM,ATM,10000.0,Cash Withdrawal,Success
T008238,A00417,2024-06-22,Credit,Internet Banking,16731.05,Cash Withdrawal,Success
T008239,A00316,2024-02-29,Debit,ATM,13531.42,Travel,Success
T008240,A00446,2024-11-18,Debit,Internet Banking,14830.21,Travel,Success
T008241,A00429,2024-10-31,Debit,Mobile,17777.81,Loan EMI,Success
T008242,A00418,2025-01-31,IMPS,Internet Banking,13907.06,Education,Success
T008243,A00230,2025-09-23,ATM,ATM,10000.0,Cash Withdrawal,Success
T008244,A00401,2025-01-23,NEFT,Branch,59064.22,Investment,Success
T008245,A00194,2024-11-08,NEFT,Internet Banking,103537.85,Education,Success
T008246,A00075,2024-06-29,NEFT,Branch,26275.51,Healthcare,Success
T008247,A00112,2024-05-16,ATM,ATM,10000.0,Cash Withdrawal,Failed
T008248,A00167,2024-10-13,NEFT,Branch,65332.26,Retail,Success
T008249,A00479,2025-09-15,UPI,Mobile,1650.67,Utility,Success
T008250,A00539,2024-03-16,UPI,Mobile,2098.43,Retail,Success
T008251,A00186,2025-04-14,Debit,Mobile,18986.7,Retail,Success
T008252,A00455,2025-04-28,NEFT,Internet Banking,42499.89,Investment,Success
T008253,A00418,2025-05-30,IMPS,Branch,25096.27,Utility,Success
T008254,A00292,2025-04-16,Credit,Internet Banking,13874.24,Healthcare,Success
T008255,A00571,2025-03-05,NEFT,Internet Banking,16945.88,Investment,Success
T008256,A00377,2024-05-11,UPI,Mobile,398.6,Healthcare,Success
T008257,A00318,2025-04-20,ATM,ATM,500.0,Cash Withdrawal,Failed
T008258,A00400,2024-05-21,IMPS,Branch,86007.28,Investment,Success
T008259,A00132,2025-05-18,IMPS,Mobile,47811.61,Education,Success
T008260,A00075,2024-08-01,NEFT,Branch,55197.23,Retail,Success
T008261,A00144,2024-07-25,Debit,Branch,12988.0,Healthcare,Success
T008262,A00020,2024-11-14,Debit,Internet Banking,2856.17,Education,Success
T008263,A00387,2024-05-21,Debit,Mobile,25060.24,Healthcare,Success
T008264,A00336,2024-03-30,ATM,ATM,500.0,Cash Withdrawal,Success
T008265,A00435,2024-01-13,Debit,Mobile,8282.74,Healthcare,Success
T008266,A00223,2025-08-16,UPI,Mobile,1285.61,Retail,Success
T008267,A00545,2024-09-09,Credit,ATM,23229.84,Loan EMI,Success
T008268,A00440,2025-07-09,ATM,ATM,5000.0,Cash Withdrawal,Success
T008269,A00168,2025-07-05,UPI,Mobile,713.28,Travel,Success
T008270,A00271,2025-09-21,UPI,Mobile,1198.83,Healthcare,Success
T008271,A00099,2025-12-31,UPI,Mobile,1131.89,Retail,Failed
T008272,A00389,2024-09-21,ATM,ATM,10000.0,Cash Withdrawal,Failed
T008273,A00091,2024-03-11,Debit,Branch,5574.13,Education,Success
T008274,A00324,2024-10-18,UPI,Mobile,1672.72,Utility,Success
T008275,A00054,2024-08-26,Debit,Branch,6163.58,Investment,Success
T008276,A00282,2024-12-15,NEFT,Mobile,84514.46,Utility,Success
T008277,A00371,2025-02-12,UPI,Mobile,368.76,Retail,Failed
T008278,A00408,2024-11-10,ATM,ATM,2000.0,Cash Withdrawal,Success
T008279,A00458,2025-03-03,Credit,Mobile,4344.12,Loan EMI,Success
T008280,A00406,2024-04-08,NEFT,Mobile,27173.22,Healthcare,Success
T008281,A00577,2024-01-30,Credit,Internet Banking,11034.59,Utility,Success
T008282,A00214,2024-01-13,Credit,Internet Banking,6873.7,Cash Withdrawal,Success
T008283,A00160,2024-04-18,UPI,Mobile,2651.43,Utility,Success
T008284,A00582,2025-07-02,Debit,Internet Banking,9777.23,Cash Withdrawal,Success
T008285,A00024,2025-11-14,Debit,ATM,15607.58,Travel,Success
T008286,A00376,2024-12-21,IMPS,Branch,80591.92,Healthcare,Success
T008287,A00363,2025-10-10,UPI,Mobile,4623.09,Healthcare,Success
T008288,A00502,2025-10-20,Credit,Mobile,9047.74,Healthcare,Success
T008289,A00022,2024-05-08,IMPS,Branch,37028.98,Investment,Success
T008290,A00428,2024-08-08,UPI,Mobile,1915.06,Retail,Success
T008291,A00301,2025-09-08,UPI,Mobile,1252.46,Healthcare,Success
T008292,A00408,2025-01-10,UPI,Mobile,654.74,Healthcare,Success
T008293,A00115,2025-06-30,NEFT,Internet Banking,67996.1,Healthcare,Success
T008294,A00040,2025-08-17,UPI,Mobile,655.05,Healthcare,Success
T008295,A00120,2024-03-30,NEFT,Mobile,72436.28,Healthcare,Success
T008296,A00300,2024-10-13,Credit,Mobile,14876.75,Utility,Success
T008297,A00408,2024-07-05,UPI,Mobile,1862.58,Healthcare,Success
T008298,A00513,2024-06-15,NEFT,Mobile,19431.98,Retail,Success
T008299,A00251,2024-08-07,Credit,Branch,2186.73,Investment,Failed
T008300,A00211,2024-03-07,UPI,Mobile,3093.87,Travel,Success
T008301,A00534,2024-03-14,ATM,ATM,500.0,Cash Withdrawal,Success
T008302,A00479,2024-06-10,UPI,Mobile,828.07,Retail,Failed
T008303,A00091,2025-10-15,Debit,Internet Banking,15468.93,Retail,Success
T008304,A00579,2024-08-04,IMPS,Branch,51038.56,Education,Success
T008305,A00407,2024-10-09,Debit,Internet Banking,11153.84,Travel,Success
T008306,A00418,2024-12-21,IMPS,Branch,41585.72,Education,Success
T008307,A00274,2024-12-01,Debit,Internet Banking,14739.5,Healthcare,Success
T008308,A00133,2024-02-23,Credit,Internet Banking,12514.34,Healthcare,Success
T008309,A00511,2025-10-24,UPI,Mobile,757.08,Retail,Success
T008310,A00058,2024-03-25,UPI,Mobile,372.58,Retail,Success
T008311,A00151,2024-01-02,ATM,ATM,20000.0,Cash Withdrawal,Success
T008312,A00182,2024-03-10,IMPS,Internet Banking,20662.39,Education,Success
T008313,A00560,2025-04-28,UPI,Mobile,1139.68,Retail,Success
T008314,A00127,2025-05-15,UPI,Mobile,3894.96,Travel,Failed
T008315,A00517,2024-04-21,Credit,Mobile,4495.46,Cash Withdrawal,Success
T008316,A00238,2025-02-10,NEFT,Branch,91168.64,Retail,Success
T008317,A00101,2025-02-20,ATM,ATM,2000.0,Cash Withdrawal,Success
T008318,A00237,2025-03-08,NEFT,Branch,110329.1,Investment,Failed
T008319,A00040,2025-07-10,Debit,Mobile,7098.8,Retail,Success
T008320,A00022,2025-12-27,ATM,ATM,500.0,Cash Withdrawal,Failed
T008321,A00248,2025-09-08,UPI,Mobile,5090.88,Healthcare,Success
T008322,A00565,2025-07-14,Credit,ATM,570502.65,Investment,Success
T008323,A00152,2024-09-23,ATM,ATM,618461.67,Cash Withdrawal,Success
T008324,A00321,2024-07-31,Debit,ATM,8977.98,Travel,Success
T008325,A00392,2025-01-20,UPI,Mobile,3897.23,Healthcare,Failed
T008326,A00423,2024-07-09,Credit,Branch,12823.25,Education,Success
T008327,A00397,2024-01-11,Credit,Internet Banking,11608.94,Investment,Success
T008328,A00141,2024-04-14,Debit,Mobile,6845.65,Loan EMI,Success
T008329,A00035,2025-12-12,Debit,Mobile,7297.65,Travel,Success
T008330,A00571,2024-08-07,IMPS,Internet Banking,339129.73,Retail,Success
T008331,A00420,2025-11-12,NEFT,Internet Banking,83398.0,Retail,Success
T008332,A00255,2024-01-11,Debit,Mobile,4516.0,Travel,Success
T008333,A00063,2024-12-24,Credit,Branch,10438.92,Travel,Success
T008334,A00419,2024-12-25,NEFT,Mobile,10732.93,Investment,Success
T008335,A00544,2025-02-02,IMPS,Branch,19573.87,Utility,Failed
T008336,A00551,2024-11-15,Credit,Mobile,16919.08,Healthcare,Success
T008337,A00197,2024-06-12,Debit,Branch,5685.57,Cash Withdrawal,Success
T008338,A00029,2025-02-13,UPI,Mobile,3249.35,Retail,Success
T008339,A00186,2025-12-11,Credit,Mobile,5663.83,Loan EMI,Success
T008340,A00295,2025-07-07,Debit,Branch,7465.63,Utility,Success
T008341,A00125,2024-10-28,Debit,Mobile,2405.75,Travel,Success
T008342,A00371,2025-01-21,ATM,ATM,2000.0,Cash Withdrawal,Success
T008343,A00562,2025-10-15,Credit,Internet Banking,21576.05,Travel,Success
T008344,A00547,2024-01-03,UPI,Mobile,2934.02,Retail,Success
T008345,A00553,2024-11-10,UPI,Mobile,453.67,Travel,Success
T008346,A00061,2025-12-08,IMPS,Mobile,27569.13,Utility,Success
T008347,A00398,2025-08-17,Debit,Internet Banking,8488.87,Retail,Success
T008348,A00512,2025-10-31,ATM,ATM,1000.0,Cash Withdrawal,Success
T008349,A00460,2025-08-12,IMPS,Branch,24138.45,Retail,Success
T008350,A00075,2024-03-12,ATM,ATM,1000.0,Cash Withdrawal,Success
T008351,A00240,2025-05-06,Credit,Internet Banking,33271.88,Travel,Success
T008352,A00508,2024-07-04,NEFT,Internet Banking,23892.87,Investment,Success
T008353,A00039,2024-06-18,UPI,Mobile,244534.64,Retail,Success
T008354,A00197,2024-01-20,ATM,ATM,10000.0,Cash Withdrawal,Success
T008355,A00129,2025-08-14,Debit,ATM,2655.95,Travel,Success
T008356,A00261,2024-04-02,ATM,ATM,20000.0,Cash Withdrawal,Success
T008357,A00242,2024-02-24,UPI,Mobile,776.94,Travel,Success
T008358,A00150,2025-08-04,UPI,Mobile,3887.24,Healthcare,Success
T008359,A00493,2024-03-15,Debit,Mobile,12730.07,Cash Withdrawal,Success
T008360,A00502,2025-11-17,Debit,Mobile,756946.02,Retail,Success
T008361,A00490,2025-09-23,UPI,Mobile,818.45,Travel,Success
T008362,A00036,2025-09-12,NEFT,Branch,74917.8,Education,Success
T008363,A00068,2024-07-11,IMPS,Mobile,49803.29,Education,Success
T008364,A00492,2025-10-04,UPI,Mobile,1068.37,Utility,Success
T008365,A00128,2025-08-19,Debit,ATM,5261.65,Utility,Success
T008366,A00269,2024-02-12,Credit,ATM,10457.17,Healthcare,Success
T008367,A00560,2025-09-12,Credit,Mobile,5595.87,Loan EMI,Success
T008368,A00558,2025-11-11,UPI,Mobile,1313.0,Utility,Success
T008369,A00463,2024-10-21,ATM,ATM,5000.0,Cash Withdrawal,Success
T008370,A00479,2025-11-27,Credit,ATM,11975.19,Cash Withdrawal,Success
T008371,A00532,2024-12-04,Debit,Mobile,6624.35,Loan EMI,Success
T008372,A00392,2024-07-13,Credit,Internet Banking,1375.43,Travel,Success
T008373,A00012,2025-11-10,IMPS,Mobile,45816.44,Investment,Success
T008374,A00513,2024-09-18,NEFT,Mobile,20186.33,Healthcare,Reversed
T008375,A00095,2025-03-05,UPI,Mobile,1670.46,Retail,Success
T008376,A00366,2025-11-25,ATM,ATM,5000.0,Cash Withdrawal,Success
T008377,A00020,2025-05-20,Credit,ATM,9933.65,Cash Withdrawal,Success
T008378,A00401,2024-10-22,NEFT,Internet Banking,98886.42,Investment,Success
T008379,A00455,2024-03-07,NEFT,Branch,34387.73,Utility,Success
T008380,A00553,2024-10-27,Credit,ATM,19540.55,Utility,Success
T008381,A00497,2024-05-02,UPI,Mobile,1114.57,Retail,Failed
T008382,A00315,2025-05-14,IMPS,Branch,470333.49,Retail,Success
T008383,A00361,2025-06-30,ATM,ATM,10000.0,Cash Withdrawal,Success
T008384,A00220,2024-12-03,ATM,ATM,20000.0,Cash Withdrawal,Success
T008385,A00120,2024-08-29,Debit,Mobile,14871.09,Investment,Success
T008386,A00282,2024-07-20,Credit,Branch,6424.79,Cash Withdrawal,Success
T008387,A00378,2024-05-06,UPI,Mobile,2562.08,Healthcare,Success
T008388,A00530,2025-04-29,UPI,Mobile,505.0,Travel,Success
T008389,A00531,2024-05-03,UPI,Mobile,1947.34,Utility,Success
T008390,A00400,2025-10-01,UPI,Mobile,1505.92,Healthcare,Success
T008391,A00230,2025-09-05,NEFT,Internet Banking,86886.9,Retail,Success
T008392,A00280,2025-05-13,UPI,Mobile,2093.31,Healthcare,Success
T008393,A00280,2024-11-09,Credit,Internet Banking,10040.95,Cash Withdrawal,Success
T008394,A00550,2024-07-12,Debit,Branch,18258.06,Retail,Failed
T008395,A00031,2024-03-16,Credit,Internet Banking,1353.55,Utility,Success
T008396,A00579,2024-07-12,ATM,ATM,1000.0,Cash Withdrawal,Success
T008397,A00376,2025-03-14,UPI,Mobile,2285.09,Utility,Success
T008398,A00214,2025-07-03,UPI,Mobile,2430.68,Retail,Success
T008399,A00581,2025-03-15,Credit,Mobile,17818.23,Education,Success
T008400,A00461,2025-11-24,Debit,Mobile,17024.06,Investment,Failed
T008401,A00033,2025-01-04,ATM,ATM,500.0,Cash Withdrawal,Success
T008402,A00315,2025-10-21,UPI,Mobile,2217.52,Healthcare,Success
T008403,A00127,2025-06-08,NEFT,Mobile,26286.72,Retail,Success
T008404,A00413,2024-08-17,Debit,ATM,12149.63,Healthcare,Failed
T008405,A00235,2024-08-23,UPI,Mobile,914.98,Retail,Success
T008406,A00235,2024-12-09,Credit,Mobile,5994.13,Loan EMI,Success
T008407,A00112,2024-04-30,NEFT,Internet Banking,27124.41,Retail,Success
T008408,A00343,2024-03-16,Credit,Internet Banking,9671.1,Travel,Success
T008409,A00556,2024-03-30,Debit,Internet Banking,14071.78,Retail,Success
T008410,A00256,2024-08-10,Credit,ATM,23929.68,Loan EMI,Failed
T008411,A00481,2025-02-17,IMPS,Branch,62372.4,Education,Success
T008412,A00410,2024-10-07,Debit,Branch,13355.82,Healthcare,Success
T008413,A00510,2024-07-31,Debit,Mobile,22128.71,Retail,Success
T008414,A00488,2024-04-11,Debit,Internet Banking,11140.35,Utility,Reversed
T008415,A00185,2025-01-09,Debit,Mobile,15452.6,Travel,Success
T008416,A00094,2025-08-30,Debit,Mobile,8654.77,Travel,Success
T008417,A00141,2024-02-22,UPI,Mobile,1518.71,Retail,Success
T008418,A00311,2024-04-10,Debit,ATM,9221.5,Investment,Success
T008419,A00481,2024-02-15,UPI,Mobile,341.27,Utility,Success
T008420,A00508,2024-07-18,ATM,ATM,5000.0,Cash Withdrawal,Success
T008421,A00248,2025-01-17,IMPS,Mobile,8664.03,Education,Success
T008422,A00174,2024-05-09,Credit,ATM,3939.78,Loan EMI,Success
T008423,A00037,2024-02-27,UPI,Mobile,1912.08,Utility,Success
T008424,A00002,2025-08-12,IMPS,Internet Banking,79416.32,Investment,Success
T008425,A00397,2025-07-22,Credit,Mobile,22079.5,Cash Withdrawal,Success
T008426,A00394,2025-09-29,NEFT,Mobile,49531.9,Utility,Failed
T008427,A00427,2024-12-09,UPI,Mobile,1005.45,Utility,Success
T008428,A00287,2025-09-03,NEFT,Mobile,17231.84,Retail,Failed
T008429,A00384,2025-01-12,UPI,Mobile,1669.25,Retail,Success
T008430,A00047,2024-03-24,ATM,ATM,2000.0,Cash Withdrawal,Success
T008431,A00312,2024-01-26,UPI,Mobile,984.06,Utility,Success
T008432,A00284,2024-06-23,Credit,Branch,3657.69,Travel,Success
T008433,A00044,2025-08-29,Debit,ATM,5214.82,Utility,Success
T008434,A00144,2024-10-31,IMPS,Internet Banking,26213.68,Retail,Success
T008435,A00487,2025-06-08,UPI,Mobile,3618.34,Utility,Success
T008436,A00476,2024-06-01,Debit,Internet Banking,2767.61,Education,Success
T008437,A00224,2025-02-03,ATM,ATM,10000.0,Cash Withdrawal,Success
T008438,A00531,2025-06-10,IMPS,Branch,12529.35,Education,Success
T008439,A00387,2024-06-15,Debit,ATM,9112.95,Education,Success
T008440,A00361,2024-05-02,Debit,Mobile,6337.94,Cash Withdrawal,Failed
T008441,A00306,2024-09-02,UPI,Mobile,2072.69,Travel,Success
T008442,A00576,2025-06-08,Debit,Internet Banking,9289.77,Retail,Success
T008443,A00125,2024-11-01,Debit,Branch,3602.4,Healthcare,Success
T008444,A00052,2025-08-04,NEFT,Mobile,22970.68,Retail,Success
T008445,A00352,2025-12-17,UPI,Mobile,1722.31,Retail,Failed
T008446,A00018,2025-06-25,UPI,Mobile,2437.39,Healthcare,Success
T008447,A00306,2024-12-06,Debit,Mobile,4350.53,Healthcare,Success
T008448,A00190,2025-09-09,Debit,Branch,12757.52,Loan EMI,Success
T008449,A00268,2025-04-30,UPI,Mobile,1176.93,Retail,Success
T008450,A00421,2025-07-15,Debit,ATM,21959.08,Retail,Success
T008451,A00249,2024-10-10,Debit,Mobile,7694.02,Utility,Success
T008452,A00524,2025-11-23,Credit,ATM,3676.87,Utility,Success
T008453,A00022,2024-09-03,UPI,Mobile,856.1,Healthcare,Success
T008454,A00237,2024-11-02,Credit,Mobile,2052.91,Travel,Success
T008455,A00555,2024-02-12,UPI,Mobile,231.01,Utility,Success
T008456,A00198,2024-11-09,UPI,Mobile,396089.97,Travel,Success
T008457,A00209,2024-11-13,UPI,Mobile,2085.54,Healthcare,Success
T008458,A00343,2025-05-19,UPI,Mobile,1918.7,Travel,Success
T008459,A00275,2025-01-02,Debit,ATM,15007.76,Education,Success
T008460,A00234,2024-07-16,Credit,Branch,7125.84,Travel,Success
T008461,A00048,2025-07-22,Credit,Mobile,5313.12,Education,Success
T008462,A00584,2024-01-27,NEFT,Mobile,122407.49,Healthcare,Success
T008463,A00551,2024-04-06,NEFT,Branch,36779.46,Healthcare,Failed
T008464,A00012,2025-12-11,IMPS,Mobile,13994.55,Healthcare,Success
T008465,A00211,2024-07-19,IMPS,Mobile,84573.13,Education,Success
T008466,A00237,2025-06-29,Credit,Branch,23476.16,Loan EMI,Success
T008467,A00046,2024-04-20,NEFT,Mobile,51076.01,Utility,Success
T008468,A00242,2024-10-13,Debit,ATM,9594.08,Loan EMI,Success
T008469,A00299,2024-09-11,UPI,Mobile,742.85,Travel,Success
T008470,A00391,2025-06-13,Credit,ATM,7908.87,Education,Success
T008471,A00299,2025-08-07,UPI,Mobile,3243.04,Retail,Success
T008472,A00237,2024-02-06,Credit,Mobile,6454.37,Utility,Success
T008473,A00424,2024-03-02,NEFT,Mobile,11987.76,Investment,Success
T008474,A00387,2025-01-07,Debit,ATM,15841.28,Travel,Success
T008475,A00499,2025-11-23,IMPS,Internet Banking,32351.84,Education,Success
T008476,A00145,2024-10-29,Debit,Internet Banking,6638.54,Loan EMI,Success
T008477,A00271,2025-10-06,ATM,ATM,500.0,Cash Withdrawal,Success
T008478,A00055,2025-10-08,NEFT,Branch,21194.97,Healthcare,Success
T008479,A00214,2024-11-25,ATM,ATM,5000.0,Cash Withdrawal,Failed
T008480,A00561,2025-08-29,Debit,Internet Banking,1809.94,Cash Withdrawal,Success
T008481,A00359,2024-08-07,Credit,Internet Banking,643264.34,Travel,Success
T008482,A00381,2025-02-23,Debit,Branch,20305.01,Education,Failed
T008483,A00202,2024-11-10,UPI,Mobile,663.71,Retail,Success
T008484,A00032,2024-01-26,Credit,Branch,40158.75,Retail,Success
T008485,A00139,2025-04-05,UPI,Mobile,1464.09,Retail,Success
T008486,A00140,2025-01-17,ATM,ATM,2000.0,Cash Withdrawal,Success
T008487,A00505,2024-10-29,Debit,Mobile,3422.2,Utility,Success
T008488,A00304,2024-06-27,Credit,Branch,12490.2,Loan EMI,Success
T008489,A00156,2024-03-20,IMPS,Branch,15604.58,Education,Success
T008490,A00305,2025-04-29,UPI,Mobile,2343.31,Retail,Success
T008491,A00467,2024-03-12,UPI,Mobile,3389.93,Utility,Success
T008492,A00537,2025-10-05,ATM,ATM,10000.0,Cash Withdrawal,Success
T008493,A00160,2025-01-28,NEFT,Branch,58345.25,Retail,Success
T008494,A00327,2024-03-29,Debit,ATM,17876.22,Retail,Success
T008495,A00223,2024-07-19,NEFT,Branch,23941.96,Retail,Success
T008496,A00548,2024-06-14,ATM,ATM,1000.0,Cash Withdrawal,Success
T008497,A00163,2025-05-23,Credit,Internet Banking,5468.46,Education,Success
T008498,A00415,2024-08-02,NEFT,Mobile,47318.67,Healthcare,Success
T008499,A00463,2024-12-12,UPI,Mobile,725.38,Travel,Success
T008500,A00396,2024-05-10,NEFT,Branch,24579.97,Utility,Success
T008501,A00098,2024-12-25,NEFT,Branch,17534.32,Education,Success
T008502,A00172,2024-07-19,UPI,Mobile,830.33,Healthcare,Success
T008503,A00588,2024-06-26,Debit,Branch,15654.86,Healthcare,Success
T008504,A00349,2025-12-28,Credit,ATM,6212.01,Cash Withdrawal,Success
T008505,A00385,2025-04-05,Credit,Mobile,15838.52,Loan EMI,Success
T008506,A00058,2024-03-29,IMPS,Branch,72726.52,Investment,Success
T008507,A00056,2025-05-07,Debit,Mobile,7271.19,Cash Withdrawal,Success
T008508,A00235,2025-03-25,Debit,ATM,4709.21,Healthcare,Reversed
T008509,A00398,2025-10-27,Credit,Internet Banking,19612.58,Education,Success
T008510,A00069,2025-02-20,Debit,ATM,13006.05,Loan EMI,Success
T008511,A00095,2025-01-15,ATM,ATM,500.0,Cash Withdrawal,Failed
T008512,A00375,2024-12-09,UPI,Mobile,769.21,Retail,Success
T008513,A00412,2024-09-13,Credit,Branch,8415.83,Investment,Success
T008514,A00098,2024-11-07,IMPS,Internet Banking,43312.68,Investment,Success
T008515,A00301,2024-12-04,Debit,Mobile,3060.28,Investment,Success
T008516,A00409,2024-10-15,NEFT,Internet Banking,92797.5,Retail,Success
T008517,A00282,2024-01-11,Credit,ATM,18625.46,Education,Success
T008518,A00014,2025-11-11,ATM,ATM,2000.0,Cash Withdrawal,Success
T008519,A00499,2025-09-22,Debit,Mobile,10748.11,Retail,Success
T008520,A00577,2025-08-28,UPI,Mobile,4208.62,Retail,Success
T008521,A00533,2024-01-23,IMPS,Branch,80485.84,Retail,Success
T008522,A00354,2025-04-03,IMPS,Branch,28636.12,Retail,Success
T008523,A00519,2024-03-09,UPI,Mobile,1189.94,Utility,Success
T008524,A00561,2025-03-16,UPI,Mobile,1228.1,Utility,Success
T008525,A00187,2024-01-24,Debit,ATM,15207.44,Utility,Success
T008526,A00318,2024-03-02,Credit,ATM,14455.9,Cash Withdrawal,Success
T008527,A00391,2024-01-19,Debit,ATM,2249.99,Travel,Success
T008528,A00096,2024-03-23,Debit,Internet Banking,13827.48,Loan EMI,Success
T008529,A00057,2025-07-26,NEFT,Internet Banking,43481.7,Education,Success
T008530,A00440,2025-04-08,Debit,Mobile,9164.37,Investment,Success
T008531,A00147,2024-07-15,Credit,Branch,11188.0,Cash Withdrawal,Success
T008532,A00208,2025-09-19,ATM,ATM,20000.0,Cash Withdrawal,Success
T008533,A00493,2024-04-07,IMPS,Branch,7195.81,Retail,Success
T008534,A00047,2024-04-18,UPI,Mobile,483.88,Utility,Success
T008535,A00177,2024-10-04,NEFT,Internet Banking,16977.5,Investment,Success
T008536,A00571,2025-09-20,ATM,ATM,1000.0,Cash Withdrawal,Success
T008537,A00314,2025-04-21,Debit,Mobile,377289.5,Cash Withdrawal,Success
T008538,A00193,2025-03-08,Credit,Branch,22989.29,Utility,Failed
T008539,A00379,2024-07-26,UPI,Mobile,2119.49,Travel,Success
T008540,A00585,2025-01-03,Debit,Internet Banking,11596.32,Utility,Success
T008541,A00042,2025-03-18,Debit,ATM,16814.71,Cash Withdrawal,Success
T008542,A00387,2025-08-14,UPI,Mobile,79.4,Retail,Success
T008543,A00254,2025-04-28,NEFT,Mobile,71080.32,Utility,Success
T008544,A00551,2024-07-27,Credit,Internet Banking,9785.99,Utility,Success
T008545,A00472,2024-02-22,Debit,Internet Banking,20172.52,Loan EMI,Success
T008546,A00476,2025-09-26,ATM,ATM,10000.0,Cash Withdrawal,Success
T008547,A00224,2025-04-07,ATM,ATM,10000.0,Cash Withdrawal,Success
T008548,A00283,2025-04-03,Credit,Branch,16137.3,Utility,Success
T008549,A00521,2024-01-03,ATM,ATM,5000.0,Cash Withdrawal,Success
T008550,A00336,2025-11-14,Credit,ATM,6078.78,Utility,Success
T008551,A00092,2024-02-15,IMPS,Internet Banking,39404.35,Retail,Success
T008552,A00099,2024-01-23,NEFT,Mobile,19250.94,Healthcare,Success
T008553,A00037,2024-02-06,UPI,Mobile,2064.16,Utility,Success
T008554,A00277,2024-05-30,UPI,Mobile,4705.9,Travel,Success
T008555,A00128,2025-07-12,Credit,ATM,14400.45,Education,Success
T008556,A00321,2025-07-08,NEFT,Branch,17273.26,Investment,Failed
T008557,A00326,2024-12-19,Credit,Branch,18640.42,Loan EMI,Success
T008558,A00580,2025-12-27,Debit,ATM,5627.93,Travel,Success
T008559,A00540,2025-07-18,ATM,ATM,2000.0,Cash Withdrawal,Success
T008560,A00582,2024-06-08,Credit,Branch,22421.33,Investment,Success
T008561,A00355,2024-01-09,Debit,ATM,4872.01,Loan EMI,Success
T008562,A00519,2024-10-26,Credit,ATM,20612.34,Cash Withdrawal,Failed
T008563,A00435,2025-03-21,NEFT,Internet Banking,22313.49,Education,Success
T008564,A00463,2025-11-15,Credit,Mobile,15362.23,Utility,Success
T008565,A00121,2025-07-21,Credit,Internet Banking,18760.05,Retail,Success
T008566,A00107,2024-01-24,UPI,Mobile,1758.92,Healthcare,Failed
T008567,A00171,2025-02-22,ATM,ATM,500.0,Cash Withdrawal,Success
T008568,A00189,2024-01-20,Credit,Internet Banking,8037.45,Education,Success
T008569,A00036,2025-08-28,Credit,ATM,12776.07,Education,Success
T008570,A00316,2024-01-05,ATM,ATM,5000.0,Cash Withdrawal,Success
T008571,A00303,2024-05-31,IMPS,Mobile,30109.06,Utility,Success
T008572,A00294,2025-04-13,IMPS,Internet Banking,34074.48,Healthcare,Success
T008573,A00591,2025-08-06,UPI,Mobile,337.54,Healthcare,Success
T008574,A00414,2024-05-25,Credit,Internet Banking,16524.6,Cash Withdrawal,Success
T008575,A00508,2024-03-16,UPI,Mobile,1720.43,Retail,Success
T008576,A00211,2024-10-15,ATM,ATM,20000.0,Cash Withdrawal,Success
T008577,A00096,2024-04-11,Debit,Internet Banking,2414.85,Travel,Failed
T008578,A00405,2024-11-15,UPI,Mobile,1120.88,Retail,Success
T008579,A00234,2025-07-31,Debit,Internet Banking,1623.59,Travel,Success
T008580,A00279,2024-05-26,Debit,Mobile,11139.24,Investment,Success
T008581,A00140,2024-05-11,NEFT,Mobile,47881.96,Healthcare,Success
T008582,A00451,2024-10-24,Credit,Mobile,6657.78,Cash Withdrawal,Success
T008583,A00383,2024-06-15,Debit,ATM,6302.09,Education,Success
T008584,A00387,2025-03-15,Debit,Internet Banking,8096.88,Education,Success
T008585,A00534,2024-02-13,NEFT,Internet Banking,18572.78,Utility,Success
T008586,A00527,2024-12-31,UPI,Mobile,676.48,Healthcare,Success
T008587,A00336,2025-02-18,UPI,Mobile,210.13,Healthcare,Success
T008588,A00529,2025-01-21,Debit,Internet Banking,6123.3,Cash Withdrawal,Success
T008589,A00232,2024-11-05,ATM,ATM,500.0,Cash Withdrawal,Success
T008590,A00296,2024-01-13,Debit,ATM,3149.64,Utility,Success
T008591,A00269,2024-12-27,Debit,Branch,21792.91,Cash Withdrawal,Success
T008592,A00140,2024-05-02,Debit,Mobile,500535.9,Retail,Success
T008593,A00044,2024-02-24,Debit,Mobile,14514.68,Education,Success
T008594,A00311,2025-02-13,UPI,Mobile,3177.79,Utility,Success
T008595,A00239,2025-05-07,UPI,Mobile,719.31,Travel,Success
T008596,A00034,2024-02-07,Debit,Branch,14983.55,Cash Withdrawal,Success
T008597,A00531,2025-01-01,Credit,ATM,14733.34,Retail,Failed
T008598,A00344,2024-10-05,IMPS,Mobile,40554.66,Utility,Success
T008599,A00290,2024-02-08,Credit,ATM,7929.12,Utility,Success
T008600,A00045,2025-11-12,ATM,ATM,2000.0,Cash Withdrawal,Success
T008601,A00201,2024-04-12,Credit,Mobile,10609.73,Healthcare,Success
T008602,A00392,2025-08-07,NEFT,Mobile,39431.7,Utility,Success
T008603,A00463,2025-02-04,Debit,Branch,12379.6,Investment,Success
T008604,A00091,2024-04-21,UPI,Mobile,639.48,Retail,Success
T008605,A00262,2024-06-03,ATM,ATM,1000.0,Cash Withdrawal,Success
T008606,A00304,2024-09-30,IMPS,Branch,76090.82,Retail,Success
T008607,A00074,2025-11-01,UPI,Mobile,1555.13,Retail,Success
T008608,A00581,2024-05-03,NEFT,Internet Banking,55134.01,Education,Success
T008609,A00532,2024-07-01,Debit,Mobile,7155.37,Loan EMI,Success
T008610,A00129,2025-01-18,Debit,ATM,14376.28,Healthcare,Success
T008611,A00346,2025-10-04,UPI,Mobile,1636.68,Healthcare,Success
T008612,A00210,2025-11-11,Credit,Mobile,5630.87,Education,Success
T008613,A00078,2024-07-08,Debit,ATM,10717.63,Investment,Success
T008614,A00117,2024-07-25,IMPS,Mobile,26252.55,Investment,Success
T008615,A00292,2024-09-21,Credit,Internet Banking,9249.1,Retail,Failed
T008616,A00449,2024-04-25,ATM,ATM,500.0,Cash Withdrawal,Reversed
T008617,A00290,2025-09-02,UPI,Mobile,2846.84,Utility,Success
T008618,A00211,2025-03-11,IMPS,Internet Banking,30508.1,Healthcare,Success
T008619,A00213,2025-12-02,Debit,Branch,18422.39,Education,Success
T008620,A00458,2025-09-28,Debit,Internet Banking,15262.22,Healthcare,Success
T008621,A00004,2025-04-04,ATM,ATM,5000.0,Cash Withdrawal,Success
T008622,A00348,2024-09-24,UPI,Mobile,1606.24,Travel,Success
T008623,A00400,2024-03-31,Credit,ATM,19815.28,Loan EMI,Failed
T008624,A00005,2025-05-05,NEFT,Internet Banking,60797.49,Retail,Success
T008625,A00264,2025-11-30,ATM,ATM,2000.0,Cash Withdrawal,Success
T008626,A00412,2025-03-12,UPI,Mobile,1608.82,Travel,Failed
T008627,A00430,2024-07-01,ATM,ATM,5000.0,Cash Withdrawal,Success
T008628,A00490,2024-12-08,Debit,Mobile,12101.71,Travel,Success
T008629,A00305,2024-07-20,NEFT,Mobile,64546.1,Retail,Success
T008630,A00239,2025-08-06,Debit,Internet Banking,15873.0,Utility,Success
T008631,A00156,2025-06-29,NEFT,Internet Banking,75581.23,Education,Success
T008632,A00407,2024-01-15,Debit,Branch,9766.67,Loan EMI,Success
T008633,A00020,2025-01-28,Debit,Mobile,4523.07,Education,Success
T008634,A00166,2025-09-24,NEFT,Internet Banking,19321.6,Education,Success
T008635,A00137,2024-08-25,NEFT,Internet Banking,5956.91,Healthcare,Success
T008636,A00261,2025-08-27,NEFT,Branch,18320.39,Retail,Success
T008637,A00152,2025-03-08,Debit,Branch,15764.95,Education,Success
T008638,A00314,2025-04-26,IMPS,Branch,30407.61,Retail,Success
T008639,A00377,2024-09-19,NEFT,Mobile,16384.89,Utility,Success
T008640,A00578,2025-02-25,UPI,Mobile,948.78,Healthcare,Success
T008641,A00331,2025-06-12,Credit,Branch,12913.12,Investment,Failed
T008642,A00302,2025-06-16,NEFT,Internet Banking,22711.46,Healthcare,Success
T008643,A00368,2025-09-10,Credit,Mobile,9133.53,Cash Withdrawal,Success
T008644,A00424,2024-10-31,Debit,Internet Banking,3233.66,Loan EMI,Success
T008645,A00578,2025-05-29,IMPS,Mobile,69873.57,Utility,Success
T008646,A00269,2025-04-02,NEFT,Internet Banking,76374.72,Retail,Success
T008647,A00402,2024-04-22,UPI,Mobile,730.97,Travel,Success
T008648,A00140,2025-11-30,ATM,ATM,2000.0,Cash Withdrawal,Failed
T008649,A00179,2025-03-28,IMPS,Branch,25534.34,Retail,Success
T008650,A00346,2025-09-18,IMPS,Internet Banking,5223.7,Retail,Success
T008651,A00396,2024-04-28,Credit,Internet Banking,20417.42,Cash Withdrawal,Success
T008652,A00327,2025-03-30,IMPS,Mobile,11422.35,Investment,Success
T008653,A00537,2024-08-10,NEFT,Mobile,32139.23,Utility,Success
T008654,A00172,2024-07-16,NEFT,Internet Banking,14366.95,Investment,Success
T008655,A00543,2024-07-08,Credit,Branch,10556.88,Retail,Success
T008656,A00391,2025-06-10,Credit,Branch,18068.41,Loan EMI,Success
T008657,A00351,2024-03-25,UPI,Mobile,2200.27,Healthcare,Success
T008658,A00398,2024-06-02,Debit,ATM,15914.64,Healthcare,Success
T008659,A00245,2025-01-06,UPI,Mobile,422.1,Utility,Success
T008660,A00178,2025-09-06,Credit,Internet Banking,10216.75,Loan EMI,Success
T008661,A00587,2024-10-17,Debit,ATM,32329.22,Healthcare,Success
T008662,A00039,2024-11-25,Debit,Internet Banking,12422.37,Utility,Success
T008663,A00117,2024-07-09,UPI,Mobile,1497.55,Healthcare,Success
T008664,A00389,2025-11-23,NEFT,Internet Banking,27174.46,Healthcare,Success
T008665,A00227,2024-05-29,Debit,Mobile,11684.51,Travel,Success
T008666,A00376,2024-12-30,NEFT,Mobile,32594.99,Healthcare,Success
T008667,A00398,2025-10-26,NEFT,Mobile,95890.97,Healthcare,Success
T008668,A00453,2025-10-12,NEFT,Mobile,55766.1,Education,Success
T008669,A00217,2025-05-23,Debit,Internet Banking,9709.41,Retail,Success
T008670,A00443,2025-02-06,Debit,Internet Banking,16849.92,Retail,Success
T008671,A00486,2024-04-29,ATM,ATM,2000.0,Cash Withdrawal,Success
T008672,A00021,2024-12-07,Debit,Mobile,6174.58,Investment,Success
T008673,A00195,2025-06-03,UPI,Mobile,1435.3,Healthcare,Success
T008674,A00164,2025-04-18,Debit,Internet Banking,714317.57,Retail,Success
T008675,A00397,2025-07-28,IMPS,Branch,51562.08,Investment,Success
T008676,A00248,2025-01-16,Credit,Mobile,9924.13,Cash Withdrawal,Success
T008677,A00475,2024-09-21,Debit,Mobile,11574.76,Loan EMI,Success
T008678,A00272,2024-02-21,NEFT,Branch,28907.66,Healthcare,Success
T008679,A00182,2025-11-27,Debit,ATM,13292.57,Investment,Success
T008680,A00349,2025-10-02,Debit,ATM,16310.41,Retail,Failed
T008681,A00193,2024-02-25,Credit,Mobile,23420.1,Travel,Success
T008682,A00548,2025-10-29,NEFT,Branch,26936.12,Education,Success
T008683,A00464,2025-10-14,UPI,Mobile,638.24,Retail,Success
T008684,A00217,2024-09-26,Debit,Mobile,13751.24,Investment,Success
T008685,A00513,2024-03-17,IMPS,Internet Banking,11957.6,Healthcare,Success
T008686,A00408,2025-04-23,Credit,Mobile,8651.02,Investment,Success
T008687,A00364,2024-03-02,ATM,ATM,2000.0,Cash Withdrawal,Success
T008688,A00576,2024-08-22,Credit,ATM,3343.28,Retail,Success
T008689,A00312,2024-10-14,Credit,Mobile,47745.72,Cash Withdrawal,Success
T008690,A00202,2024-11-24,Debit,Internet Banking,21614.42,Education,Success
T008691,A00463,2024-04-21,Debit,ATM,20391.13,Utility,Success
T008692,A00084,2024-03-09,Debit,ATM,24129.77,Travel,Success
T008693,A00110,2024-05-21,UPI,Mobile,2831.22,Travel,Success
T008694,A00575,2025-12-13,Debit,Branch,12472.14,Loan EMI,Success
T008695,A00438,2025-05-27,UPI,Mobile,1797.25,Healthcare,Failed
T008696,A00282,2024-11-28,ATM,ATM,10000.0,Cash Withdrawal,Success
T008697,A00053,2025-09-13,NEFT,Internet Banking,74132.05,Retail,Success
T008698,A00459,2024-12-04,UPI,Mobile,3599.55,Travel,Success
T008699,A00266,2024-09-19,NEFT,Branch,16210.07,Retail,Success
T008700,A00495,2025-10-29,ATM,ATM,2000.0,Cash Withdrawal,Success
T008701,A00536,2024-09-25,Debit,Mobile,9740.46,Utility,Success
T008702,A00513,2025-04-30,Credit,ATM,11313.45,Investment,Failed
T008703,A00033,2025-10-31,IMPS,Internet Banking,62679.37,Retail,Success
T008704,A00080,2025-06-03,Debit,Internet Banking,6212.03,Travel,Success
T008705,A00582,2025-12-29,UPI,Mobile,715.87,Retail,Success
T008706,A00506,2025-06-24,Credit,Mobile,3942.92,Retail,Success
T008707,A00282,2024-10-10,ATM,ATM,2000.0,Cash Withdrawal,Success
T008708,A00242,2025-11-20,Credit,Internet Banking,7640.76,Loan EMI,Failed
T008709,A00066,2025-07-30,ATM,ATM,2000.0,Cash Withdrawal,Success
T008710,A00008,2025-08-04,Debit,Branch,8581.25,Investment,Success
T008711,A00139,2024-03-13,UPI,Mobile,4129.15,Utility,Success
T008712,A00181,2025-11-27,NEFT,Internet Banking,799878.5,Utility,Success
T008713,A00556,2025-10-30,IMPS,Mobile,62656.35,Healthcare,Success
T008714,A00327,2024-09-02,UPI,Mobile,618.76,Healthcare,Success
T008715,A00392,2024-11-29,IMPS,Mobile,28684.82,Retail,Success
T008716,A00082,2024-10-12,UPI,Mobile,2443.52,Utility,Success
T008717,A00046,2025-05-19,Debit,Internet Banking,11854.33,Investment,Failed
T008718,A00075,2025-08-28,ATM,ATM,10000.0,Cash Withdrawal,Success
T008719,A00504,2025-04-07,Debit,Mobile,14947.8,Retail,Success
T008720,A00339,2025-12-07,NEFT,Mobile,11301.29,Education,Success
T008721,A00220,2024-12-04,IMPS,Mobile,35969.67,Utility,Success
T008722,A00071,2025-10-02,Debit,ATM,17246.58,Retail,Success
T008723,A00461,2025-04-29,Credit,Internet Banking,5193.82,Travel,Failed
T008724,A00151,2024-04-08,ATM,ATM,20000.0,Cash Withdrawal,Success
T008725,A00033,2024-11-27,ATM,ATM,10000.0,Cash Withdrawal,Success
T008726,A00571,2025-11-05,UPI,Mobile,278.43,Healthcare,Success
T008727,A00151,2025-01-12,Debit,Internet Banking,5031.83,Loan EMI,Success
T008728,A00434,2025-05-04,ATM,ATM,1000.0,Cash Withdrawal,Success
T008729,A00417,2025-01-26,Credit,Internet Banking,22547.72,Retail,Success
T008730,A00226,2025-05-22,NEFT,Internet Banking,12748.2,Retail,Success
T008731,A00163,2024-04-28,UPI,Mobile,1518.42,Healthcare,Success
T008732,A00411,2025-06-18,UPI,Mobile,267.11,Travel,Success
T008733,A00559,2025-07-31,NEFT,Branch,16782.3,Education,Success
T008734,A00310,2024-10-24,Debit,Mobile,12323.25,Investment,Success
T008735,A00352,2025-06-02,IMPS,Branch,33442.83,Investment,Success
T008736,A00080,2025-11-18,NEFT,Branch,66215.9,Investment,Success
T008737,A00295,2024-10-31,Credit,Internet Banking,14000.62,Healthcare,Success
T008738,A00567,2024-12-20,UPI,Mobile,638.32,Utility,Success
T008739,A00444,2024-06-21,Debit,ATM,9260.85,Cash Withdrawal,Success
T008740,A00227,2024-04-03,UPI,Mobile,1063.13,Healthcare,Success
T008741,A00100,2025-05-13,Credit,Mobile,1613.88,Education,Success
T008742,A00271,2025-03-27,Debit,Branch,27201.76,Travel,Success
T008743,A00455,2025-11-20,Debit,ATM,11116.05,Retail,Success
T008744,A00346,2025-03-04,UPI,Mobile,1754.8,Retail,Success
T008745,A00103,2025-10-04,UPI,Mobile,2389.85,Retail,Success
T008746,A00157,2024-03-04,UPI,Mobile,628545.54,Travel,Failed
T008747,A00475,2025-04-18,Credit,Internet Banking,17594.48,Investment,Failed
T008748,A00475,2024-08-19,Debit,ATM,8342.31,Investment,Success
T008749,A00345,2024-02-06,Credit,ATM,7668.61,Healthcare,Success
T008750,A00310,2025-12-07,Debit,Mobile,20911.53,Investment,Success
T008751,A00177,2024-04-23,Credit,Mobile,27609.87,Healthcare,Success
T008752,A00129,2025-06-09,UPI,Mobile,265.99,Retail,Success
T008753,A00253,2025-12-16,ATM,ATM,5000.0,Cash Withdrawal,Success
T008754,A00071,2025-03-23,Debit,ATM,20450.44,Cash Withdrawal,Success
T008755,A00141,2025-11-12,Debit,Mobile,9264.92,Investment,Success
T008756,A00095,2024-08-21,Credit,Mobile,10330.16,Cash Withdrawal,Failed
T008757,A00409,2024-05-27,IMPS,Branch,2327.83,Healthcare,Success
T008758,A00259,2025-10-20,ATM,ATM,20000.0,Cash Withdrawal,Success
T008759,A00084,2025-07-05,UPI,Mobile,1517.09,Healthcare,Success
T008760,A00298,2025-03-14,Debit,Mobile,7239.81,Travel,Failed
T008761,A00067,2025-08-09,Debit,Mobile,1450.0,Investment,Success
T008762,A00156,2025-08-10,ATM,ATM,5000.0,Cash Withdrawal,Reversed
T008763,A00410,2024-04-25,Debit,Mobile,22171.97,Travel,Success
T008764,A00386,2024-02-28,IMPS,Mobile,38671.56,Education,Success
T008765,A00078,2024-06-30,Debit,ATM,13571.26,Utility,Success
T008766,A00412,2024-04-09,IMPS,Branch,71825.33,Retail,Success
T008767,A00065,2024-12-01,NEFT,Internet Banking,53380.03,Utility,Success
T008768,A00252,2024-08-05,UPI,Mobile,578010.01,Travel,Success
T008769,A00247,2025-10-27,Credit,Internet Banking,19084.7,Healthcare,Success
T008770,A00493,2025-01-11,UPI,Mobile,337.62,Utility,Success
T008771,A00327,2025-01-13,Credit,Internet Banking,15888.14,Utility,Success
T008772,A00288,2024-01-07,Debit,Internet Banking,31126.6,Cash Withdrawal,Success
T008773,A00203,2024-08-30,IMPS,Branch,50959.17,Retail,Failed
T008774,A00340,2025-01-04,Credit,Branch,8585.38,Healthcare,Failed
T008775,A00269,2024-05-08,Credit,ATM,30482.03,Travel,Success
T008776,A00417,2024-07-26,Credit,ATM,12310.29,Investment,Success
T008777,A00200,2025-10-30,Debit,ATM,5315.51,Investment,Success
T008778,A00239,2024-04-20,Credit,Branch,6838.85,Loan EMI,Success
T008779,A00450,2025-04-25,ATM,ATM,10000.0,Cash Withdrawal,Success
T008780,A00131,2024-08-04,ATM,ATM,2000.0,Cash Withdrawal,Success
T008781,A00159,2024-03-19,NEFT,Internet Banking,19873.75,Utility,Success
T008782,A00585,2024-08-09,ATM,ATM,500.0,Cash Withdrawal,Success
T008783,A00225,2024-08-12,Debit,Mobile,34785.46,Education,Success
T008784,A00086,2025-10-07,UPI,Mobile,2299.14,Healthcare,Success
T008785,A00019,2025-06-06,Credit,Internet Banking,16164.0,Travel,Success
T008786,A00215,2024-11-21,IMPS,Branch,45973.06,Retail,Reversed
T008787,A00262,2025-01-13,UPI,Mobile,1831.47,Retail,Success
T008788,A00482,2025-05-12,ATM,ATM,10000.0,Cash Withdrawal,Success
T008789,A00435,2025-07-23,UPI,Mobile,1019.36,Retail,Success
T008790,A00275,2024-10-06,Credit,Branch,4396.29,Healthcare,Success
T008791,A00406,2024-10-05,UPI,Mobile,1956.61,Retail,Failed
T008792,A00195,2025-12-03,NEFT,Internet Banking,99160.2,Investment,Success
T008793,A00396,2024-09-18,IMPS,Internet Banking,41700.02,Education,Success
T008794,A00095,2024-11-04,UPI,Mobile,3565.9,Travel,Success
T008795,A00114,2024-12-09,NEFT,Mobile,6542.88,Education,Success
T008796,A00560,2024-04-19,Debit,Branch,13289.42,Cash Withdrawal,Success
T008797,A00361,2024-10-10,Debit,Internet Banking,7390.91,Loan EMI,Success
T008798,A00198,2025-10-29,ATM,ATM,5000.0,Cash Withdrawal,Success
T008799,A00475,2024-02-29,UPI,Mobile,624.96,Retail,Success
T008800,A00402,2025-02-21,NEFT,Branch,85990.02,Education,Success
T008801,A00397,2025-06-15,ATM,ATM,10000.0,Cash Withdrawal,Success
T008802,A00371,2025-04-26,Credit,Internet Banking,8095.35,Retail,Success
T008803,A00015,2024-06-29,Credit,Branch,15784.18,Healthcare,Failed
T008804,A00447,2024-01-12,Debit,ATM,10097.97,Healthcare,Success
T008805,A00385,2024-01-24,UPI,Mobile,445.28,Utility,Success
T008806,A00286,2025-06-30,UPI,Mobile,2526.0,Utility,Success
T008807,A00420,2024-03-08,UPI,Mobile,1137.15,Healthcare,Success
T008808,A00336,2025-03-27,UPI,Mobile,2795.33,Travel,Success
T008809,A00464,2025-09-04,ATM,ATM,500.0,Cash Withdrawal,Failed
T008810,A00509,2024-08-27,UPI,Mobile,720.53,Retail,Success
T008811,A00036,2025-04-21,UPI,Mobile,981.07,Healthcare,Failed
T008812,A00227,2024-07-18,Debit,Mobile,15411.51,Loan EMI,Success
T008813,A00031,2024-04-22,ATM,ATM,20000.0,Cash Withdrawal,Success
T008814,A00309,2024-08-20,ATM,ATM,5000.0,Cash Withdrawal,Failed
T008815,A00520,2025-12-17,Debit,Internet Banking,6110.33,Education,Failed
T008816,A00378,2024-08-28,ATM,ATM,500.0,Cash Withdrawal,Success
T008817,A00131,2025-11-25,Credit,ATM,17012.3,Healthcare,Success
T008818,A00219,2024-06-22,Debit,Mobile,2022.43,Retail,Failed
T008819,A00555,2025-12-24,UPI,Mobile,530.58,Utility,Success
T008820,A00584,2024-10-15,UPI,Mobile,1595.35,Retail,Success
T008821,A00019,2025-12-14,Credit,Internet Banking,16183.65,Investment,Success
T008822,A00173,2025-02-12,Debit,ATM,11786.79,Retail,Success
T008823,A00097,2024-10-16,UPI,Mobile,2169.02,Healthcare,Success
T008824,A00078,2025-05-30,ATM,ATM,1000.0,Cash Withdrawal,Success
T008825,A00109,2024-07-17,ATM,ATM,10000.0,Cash Withdrawal,Success
T008826,A00574,2025-07-27,ATM,ATM,5000.0,Cash Withdrawal,Success
T008827,A00221,2025-09-02,Debit,Branch,8152.11,Healthcare,Success
T008828,A00564,2025-02-15,UPI,Mobile,180.99,Travel,Success
T008829,A00243,2025-04-22,Debit,Internet Banking,8892.79,Travel,Success
T008830,A00477,2024-07-08,UPI,Mobile,1218.66,Healthcare,Success
T008831,A00575,2024-01-27,UPI,Mobile,3365.76,Travel,Success
T008832,A00547,2024-04-15,ATM,ATM,20000.0,Cash Withdrawal,Success
T008833,A00167,2024-08-12,UPI,Mobile,2461.57,Healthcare,Success
T008834,A00021,2024-10-04,ATM,ATM,2000.0,Cash Withdrawal,Success
T008835,A00576,2025-06-30,IMPS,Internet Banking,13707.64,Investment,Success
T008836,A00256,2025-01-11,UPI,Mobile,125.03,Retail,Success
T008837,A00539,2025-04-13,UPI,Mobile,1377.62,Utility,Success
T008838,A00535,2024-10-19,Credit,Mobile,7354.44,Cash Withdrawal,Success
T008839,A00519,2025-08-27,ATM,ATM,10000.0,Cash Withdrawal,Success
T008840,A00005,2024-03-11,ATM,ATM,5000.0,Cash Withdrawal,Failed
T008841,A00415,2025-12-04,UPI,Mobile,4434.87,Travel,Success
T008842,A00197,2025-05-20,IMPS,Branch,73947.88,Investment,Success
T008843,A00527,2025-08-18,UPI,Mobile,444.87,Retail,Success
T008844,A00569,2025-09-05,UPI,Mobile,2409.72,Retail,Success
T008845,A00545,2024-08-28,IMPS,Branch,47228.9,Investment,Success
T008846,A00114,2024-07-12,UPI,Mobile,2089.96,Travel,Success
T008847,A00201,2024-03-24,UPI,Mobile,7335.23,Travel,Success
T008848,A00275,2025-02-08,UPI,Mobile,1413.21,Utility,Success
T008849,A00203,2024-07-01,Credit,ATM,17756.33,Retail,Success
T008850,A00499,2025-06-18,NEFT,Branch,62398.73,Education,Success
T008851,A00012,2025-01-18,UPI,Mobile,1964.52,Utility,Success
T008852,A00030,2024-05-10,UPI,Mobile,4395.5,Travel,Success
T008853,A00233,2025-11-08,UPI,Mobile,1760.54,Retail,Success
T008854,A00302,2024-07-16,ATM,ATM,20000.0,Cash Withdrawal,Success
T008855,A00259,2025-04-17,NEFT,Internet Banking,60249.77,Education,Success
T008856,A00315,2024-02-02,NEFT,Branch,19812.91,Healthcare,Success
T008857,A00525,2024-08-16,UPI,Mobile,526.73,Utility,Success
T008858,A00115,2024-06-29,IMPS,Internet Banking,48796.74,Healthcare,Success
T008859,A00338,2025-08-07,ATM,ATM,20000.0,Cash Withdrawal,Success
T008860,A00006,2024-06-30,IMPS,Internet Banking,32930.6,Education,Success
T008861,A00177,2025-10-18,IMPS,Branch,34314.48,Utility,Success
T008862,A00201,2025-04-20,UPI,Mobile,1172.82,Retail,Success
T008863,A00011,2025-09-22,ATM,ATM,2000.0,Cash Withdrawal,Success
T008864,A00243,2025-07-27,IMPS,Mobile,59377.71,Education,Success
T008865,A00199,2024-06-28,NEFT,Internet Banking,38600.93,Utility,Success
T008866,A00140,2025-11-04,Credit,ATM,37376.78,Cash Withdrawal,Success
T008867,A00128,2024-08-13,Credit,Internet Banking,359696.23,Travel,Success
T008868,A00519,2024-02-26,Debit,Branch,14171.59,Investment,Success
T008869,A00407,2024-10-07,IMPS,Mobile,64305.54,Utility,Success
T008870,A00143,2024-07-05,Credit,Mobile,15273.19,Education,Success
T008871,A00396,2024-03-04,Credit,Branch,4578.12,Education,Success
T008872,A00165,2024-05-03,Debit,Branch,9600.06,Healthcare,Success
T008873,A00127,2024-10-16,IMPS,Mobile,18727.82,Investment,Success
T008874,A00106,2025-12-31,Debit,Mobile,14774.32,Investment,Success
T008875,A00089,2025-09-06,NEFT,Branch,41172.2,Education,Success
T008876,A00097,2024-01-01,Debit,Internet Banking,19117.24,Cash Withdrawal,Success
T008877,A00576,2024-03-31,NEFT,Branch,67297.54,Investment,Success
T008878,A00323,2025-12-05,ATM,ATM,10000.0,Cash Withdrawal,Success
T008879,A00573,2024-03-29,UPI,Mobile,174273.76,Travel,Success
T008880,A00109,2024-04-20,Debit,Branch,20490.27,Travel,Success
T008881,A00054,2024-03-21,ATM,ATM,500.0,Cash Withdrawal,Success
T008882,A00320,2025-11-21,IMPS,Branch,73207.86,Retail,Success
T008883,A00276,2025-11-11,Debit,Branch,5353.31,Retail,Success
T008884,A00198,2025-10-09,Credit,Internet Banking,14186.43,Education,Success
T008885,A00216,2025-09-16,UPI,Mobile,3832.0,Utility,Success
T008886,A00133,2024-02-22,ATM,ATM,20000.0,Cash Withdrawal,Success
T008887,A00497,2025-09-25,ATM,ATM,5000.0,Cash Withdrawal,Success
T008888,A00149,2025-04-20,NEFT,Branch,29141.06,Education,Success
T008889,A00103,2024-08-21,Credit,Internet Banking,11091.14,Utility,Success
T008890,A00174,2024-11-12,NEFT,Branch,44686.1,Healthcare,Success
T008891,A00209,2024-01-17,Debit,Internet Banking,407.58,Loan EMI,Success
T008892,A00122,2025-08-11,Debit,Mobile,12175.92,Utility,Success
T008893,A00365,2024-10-22,Credit,Mobile,12701.41,Utility,Success
T008894,A00415,2025-06-16,ATM,ATM,2000.0,Cash Withdrawal,Success
T008895,A00462,2025-10-30,Credit,ATM,16590.89,Cash Withdrawal,Success
T008896,A00019,2025-02-21,Credit,ATM,17006.17,Utility,Success
T008897,A00300,2025-04-30,IMPS,Mobile,33596.76,Healthcare,Success
T008898,A00101,2025-05-10,Credit,Mobile,30095.01,Utility,Success
T008899,A00334,2024-09-06,Debit,ATM,6299.92,Education,Success
T008900,A00220,2024-01-22,UPI,Mobile,2784.37,Travel,Success
T008901,A00544,2025-10-29,Debit,Mobile,1475.32,Retail,Success
T008902,A00052,2025-05-30,Debit,Branch,11604.45,Retail,Success
T008903,A00359,2025-09-21,UPI,Mobile,100.61,Travel,Success
T008904,A00573,2025-01-01,UPI,Mobile,1706.1,Utility,Success
T008905,A00271,2025-12-16,Debit,ATM,15146.18,Retail,Success
T008906,A00320,2025-12-22,IMPS,Branch,27202.25,Investment,Success
T008907,A00395,2024-10-13,Debit,ATM,11374.78,Travel,Success
T008908,A00076,2024-04-10,NEFT,Branch,57180.59,Retail,Failed
T008909,A00312,2024-10-03,IMPS,Internet Banking,494.55,Retail,Success
T008910,A00356,2025-11-14,UPI,Mobile,1038.07,Healthcare,Success
T008911,A00468,2025-09-06,NEFT,Mobile,294771.77,Investment,Success
T008912,A00362,2024-01-24,UPI,Mobile,536.44,Utility,Success
T008913,A00404,2025-12-28,Debit,Internet Banking,6874.64,Education,Success
T008914,A00540,2025-11-17,IMPS,Internet Banking,5075.56,Education,Success
T008915,A00168,2024-12-22,Credit,Mobile,7916.47,Travel,Success
T008916,A00300,2025-01-25,Credit,Mobile,10451.64,Travel,Success
T008917,A00393,2025-01-12,Debit,Internet Banking,754397.19,Education,Success
T008918,A00203,2024-07-26,Debit,Mobile,14529.41,Travel,Success
T008919,A00014,2025-04-14,ATM,ATM,20000.0,Cash Withdrawal,Reversed
T008920,A00350,2025-02-17,UPI,Mobile,1088.37,Retail,Success
T008921,A00473,2024-08-03,Debit,Branch,3113.14,Education,Success
T008922,A00408,2024-06-01,Debit,Internet Banking,6917.09,Loan EMI,Success
T008923,A00418,2024-05-05,NEFT,Mobile,17398.73,Education,Success
T008924,A00336,2025-04-19,UPI,Mobile,151.88,Retail,Success
T008925,A00381,2024-12-14,UPI,Mobile,519.64,Retail,Success
T008926,A00452,2025-08-07,NEFT,Mobile,25487.06,Retail,Success
T008927,A00193,2024-10-14,NEFT,Branch,28481.71,Healthcare,Success
T008928,A00301,2024-07-24,UPI,Mobile,2592.82,Travel,Success
T008929,A00365,2025-03-01,Debit,Branch,26197.49,Loan EMI,Success
T008930,A00478,2025-10-07,Debit,Internet Banking,9149.28,Education,Success
T008931,A00058,2024-04-28,Credit,Internet Banking,19157.05,Investment,Success
T008932,A00047,2025-01-11,Debit,ATM,8201.3,Retail,Failed
T008933,A00106,2025-03-14,ATM,ATM,20000.0,Cash Withdrawal,Failed
T008934,A00576,2025-10-04,IMPS,Internet Banking,16137.33,Healthcare,Success
T008935,A00407,2024-11-04,UPI,Mobile,2501.74,Healthcare,Failed
T008936,A00394,2025-04-07,IMPS,Mobile,24538.6,Healthcare,Success
T008937,A00400,2024-07-26,ATM,ATM,2000.0,Cash Withdrawal,Success
T008938,A00430,2024-07-01,Credit,Mobile,6101.31,Utility,Success
T008939,A00412,2024-12-10,IMPS,Mobile,15466.92,Healthcare,Success
T008940,A00402,2025-11-27,NEFT,Internet Banking,7494.71,Healthcare,Success
T008941,A00528,2024-06-16,IMPS,Branch,35337.78,Investment,Success
T008942,A00441,2024-03-17,IMPS,Mobile,21464.81,Healthcare,Success
T008943,A00502,2025-10-05,Credit,ATM,19614.62,Retail,Success
T008944,A00116,2025-12-31,ATM,ATM,1000.0,Cash Withdrawal,Success
T008945,A00269,2024-12-13,ATM,ATM,1000.0,Cash Withdrawal,Success
T008946,A00092,2025-04-11,UPI,Mobile,4746.24,Travel,Success
T008947,A00560,2025-10-13,Credit,ATM,5285.07,Loan EMI,Success
T008948,A00257,2024-07-27,UPI,Mobile,415.44,Retail,Success
T008949,A00251,2024-04-28,Debit,Internet Banking,235289.86,Loan EMI,Success
T008950,A00042,2025-06-29,NEFT,Internet Banking,37984.29,Retail,Success
T008951,A00410,2024-02-28,Debit,Internet Banking,11847.27,Utility,Success
T008952,A00387,2025-03-02,ATM,ATM,500.0,Cash Withdrawal,Success
T008953,A00014,2025-07-09,NEFT,Branch,43217.11,Healthcare,Success
T008954,A00225,2025-07-22,ATM,ATM,500.0,Cash Withdrawal,Success
T008955,A00315,2024-10-01,Credit,Internet Banking,21779.51,Travel,Success
T008956,A00104,2024-07-25,NEFT,Mobile,70537.61,Investment,Success
T008957,A00205,2025-08-10,IMPS,Internet Banking,52861.79,Utility,Success
T008958,A00021,2025-06-11,UPI,Mobile,533.17,Retail,Success
T008959,A00276,2025-11-27,UPI,Mobile,231.86,Healthcare,Success
T008960,A00267,2024-02-24,Credit,Branch,4499.03,Loan EMI,Success
T008961,A00149,2025-04-14,UPI,Mobile,324.26,Travel,Success
T008962,A00277,2025-12-03,Debit,Mobile,17801.18,Healthcare,Success
T008963,A00214,2025-10-29,Credit,Mobile,6802.27,Healthcare,Success
T008964,A00294,2025-12-17,Debit,Internet Banking,16309.31,Utility,Success
T008965,A00427,2025-03-10,Debit,Branch,10964.51,Retail,Success
T008966,A00087,2025-02-25,Debit,Internet Banking,6727.0,Investment,Success
T008967,A00492,2024-09-05,Debit,Branch,5365.69,Healthcare,Success
T008968,A00419,2025-08-07,ATM,ATM,2000.0,Cash Withdrawal,Success
T008969,A00062,2024-04-27,Debit,Mobile,6372.86,Education,Success
T008970,A00458,2024-06-06,UPI,Mobile,421.69,Travel,Success
T008971,A00130,2024-09-01,Debit,Branch,30915.04,Education,Success
T008972,A00182,2024-01-17,NEFT,Mobile,31266.08,Healthcare,Success
T008973,A00072,2024-08-12,UPI,Mobile,452953.24,Healthcare,Success
T008974,A00481,2024-05-16,NEFT,Branch,33405.39,Retail,Success
T008975,A00266,2025-01-13,UPI,Mobile,2579.39,Utility,Success
T008976,A00126,2025-11-22,NEFT,Mobile,17453.65,Healthcare,Success
T008977,A00511,2024-01-31,Credit,Internet Banking,22479.81,Retail,Success
T008978,A00325,2024-09-27,Debit,ATM,8676.69,Education,Failed
T008979,A00526,2024-03-13,UPI,Mobile,1125.19,Retail,Success
T008980,A00455,2024-07-30,Debit,Mobile,24671.46,Investment,Success
T008981,A00082,2024-09-05,ATM,ATM,1000.0,Cash Withdrawal,Success
T008982,A00240,2025-02-12,UPI,Mobile,735.83,Healthcare,Success
T008983,A00041,2025-07-09,Credit,Mobile,14236.36,Education,Success
T008984,A00287,2024-05-11,Credit,Branch,10716.37,Healthcare,Success
T008985,A00290,2024-05-19,Debit,ATM,6695.87,Travel,Success
T008986,A00561,2025-07-25,ATM,ATM,10000.0,Cash Withdrawal,Success
T008987,A00332,2024-09-09,UPI,Mobile,2289.88,Healthcare,Success
T008988,A00246,2024-07-17,IMPS,Branch,11940.11,Education,Failed
T008989,A00516,2025-03-14,IMPS,Mobile,19798.61,Retail,Success
T008990,A00027,2025-05-14,Debit,Mobile,11592.29,Education,Failed
T008991,A00527,2024-10-24,NEFT,Mobile,92930.88,Investment,Success
T008992,A00560,2025-06-14,NEFT,Mobile,87454.51,Healthcare,Success
T008993,A00358,2024-12-22,Debit,Branch,14378.5,Healthcare,Success
T008994,A00512,2025-10-05,Debit,Mobile,8819.43,Retail,Success
T008995,A00579,2024-02-15,Debit,ATM,1798.2,Loan EMI,Success
T008996,A00278,2025-06-07,UPI,Mobile,183969.84,Travel,Success
T008997,A00455,2024-02-20,IMPS,Internet Banking,68361.18,Healthcare,Success
T008998,A00232,2025-08-10,Debit,ATM,14246.7,Investment,Success
T008999,A00453,2024-01-10,IMPS,Branch,27846.9,Education,Success
T009000,A00550,2024-09-02,UPI,Mobile,2694.36,Healthcare,Success
T009001,A00561,2025-10-05,UPI,Mobile,1448.74,Utility,Success
T009002,A00228,2025-06-10,UPI,Mobile,1315.72,Retail,Success
T009003,A00439,2024-08-24,Debit,Mobile,2966.71,Investment,Success
T009004,A00474,2025-10-29,ATM,ATM,10000.0,Cash Withdrawal,Success
T009005,A00329,2024-09-13,Debit,Branch,17607.84,Utility,Success
T009006,A00276,2025-08-17,Credit,Mobile,11882.82,Loan EMI,Success
T009007,A00103,2025-10-28,UPI,Mobile,4079.18,Travel,Success
T009008,A00367,2025-06-17,NEFT,Mobile,21093.5,Retail,Success
T009009,A00271,2025-01-24,Credit,ATM,5563.18,Travel,Success
T009010,A00065,2024-09-23,Credit,Internet Banking,20923.1,Loan EMI,Failed
T009011,A00125,2024-01-31,Debit,Internet Banking,23778.57,Education,Success
T009012,A00187,2024-10-10,UPI,Mobile,1519.39,Retail,Success
T009013,A00526,2025-07-09,ATM,ATM,2000.0,Cash Withdrawal,Success
T009014,A00587,2025-01-27,UPI,Mobile,2779.36,Healthcare,Success
T009015,A00029,2024-08-12,IMPS,Internet Banking,26366.8,Utility,Success
T009016,A00294,2024-11-25,UPI,Mobile,1211.66,Retail,Success
T009017,A00541,2024-11-01,NEFT,Branch,45256.1,Utility,Success
T009018,A00439,2025-06-09,Debit,Branch,8909.03,Loan EMI,Failed
T009019,A00568,2025-08-25,UPI,Mobile,1831.01,Travel,Success
T009020,A00029,2025-01-17,UPI,Mobile,1633.56,Retail,Success
T009021,A00543,2024-01-21,Debit,Branch,4595.38,Utility,Success
T009022,A00192,2024-05-11,Debit,Internet Banking,12867.59,Healthcare,Success
T009023,A00104,2024-04-15,UPI,Mobile,568.46,Utility,Failed
T009024,A00476,2024-03-07,UPI,Mobile,2626.16,Retail,Success
T009025,A00472,2025-03-28,UPI,Mobile,3181.36,Retail,Success
T009026,A00336,2025-09-22,IMPS,Branch,29913.27,Utility,Success
T009027,A00497,2025-06-07,ATM,ATM,500.0,Cash Withdrawal,Success
T009028,A00068,2025-08-02,Credit,Branch,28257.47,Cash Withdrawal,Failed
T009029,A00282,2024-02-07,NEFT,Mobile,76829.31,Utility,Success
T009030,A00237,2024-12-06,ATM,ATM,20000.0,Cash Withdrawal,Success
T009031,A00299,2025-10-11,UPI,Mobile,1846.11,Utility,Success
T009032,A00543,2024-11-18,NEFT,Branch,27609.87,Education,Success
T009033,A00386,2025-10-05,Debit,Branch,20016.73,Loan EMI,Success
T009034,A00360,2025-03-19,UPI,Mobile,4435.17,Travel,Success
T009035,A00552,2024-03-19,Debit,ATM,13689.54,Education,Success
T009036,A00326,2024-03-30,IMPS,Internet Banking,104482.45,Investment,Success
T009037,A00182,2025-02-08,ATM,ATM,500.0,Cash Withdrawal,Success
T009038,A00318,2024-11-13,Debit,Mobile,307650.42,Utility,Success
T009039,A00246,2024-12-31,UPI,Mobile,2447.94,Retail,Success
T009040,A00336,2025-05-02,IMPS,Branch,33770.59,Healthcare,Success
T009041,A00292,2025-12-29,UPI,Mobile,662.56,Travel,Success
T009042,A00176,2024-01-13,NEFT,Mobile,24886.39,Investment,Success
T009043,A00029,2024-02-06,Credit,Mobile,21083.65,Investment,Success
T009044,A00396,2024-06-04,IMPS,Internet Banking,31127.08,Investment,Success
T009045,A00161,2024-09-15,Debit,Internet Banking,7444.8,Investment,Success
T009046,A00163,2024-02-08,UPI,Mobile,3696.52,Utility,Failed
T009047,A00450,2025-05-22,Credit,Branch,20696.14,Loan EMI,Success
T009048,A00069,2024-02-22,UPI,Mobile,1127.37,Utility,Success
T009049,A00517,2024-12-27,Debit,Branch,32414.09,Healthcare,Success
T009050,A00269,2025-12-05,Debit,Mobile,10429.33,Travel,Success
T009051,A00371,2025-12-14,UPI,Mobile,1962.67,Retail,Success
T009052,A00505,2025-07-13,Credit,Internet Banking,11577.06,Healthcare,Success
T009053,A00093,2025-01-03,UPI,Mobile,758.25,Retail,Success
T009054,A00146,2024-08-29,UPI,Mobile,1349.98,Healthcare,Success
T009055,A00495,2024-03-10,UPI,Mobile,1489.47,Healthcare,Success
T009056,A00186,2024-04-18,Credit,Mobile,2363.74,Retail,Success
T009057,A00073,2025-08-07,ATM,ATM,500.0,Cash Withdrawal,Success
T009058,A00463,2025-06-12,Debit,Mobile,13287.55,Retail,Success
T009059,A00005,2025-07-08,IMPS,Internet Banking,61653.63,Education,Success
T009060,A00086,2024-02-25,Credit,Internet Banking,4757.57,Cash Withdrawal,Success
T009061,A00540,2024-07-17,UPI,Mobile,2495.89,Healthcare,Success
T009062,A00290,2025-04-28,Credit,Mobile,21759.71,Utility,Success
T009063,A00394,2025-02-20,IMPS,Branch,892.61,Investment,Success
T009064,A00413,2025-08-25,Credit,Branch,9986.42,Investment,Reversed
T009065,A00244,2024-10-23,Credit,Mobile,32071.97,Cash Withdrawal,Success
T009066,A00467,2024-08-22,Credit,Internet Banking,13077.64,Utility,Success
T009067,A00587,2024-01-19,Debit,Internet Banking,2263.33,Healthcare,Success
T009068,A00202,2024-12-23,IMPS,Internet Banking,11530.38,Healthcare,Success
T009069,A00299,2025-04-02,UPI,Mobile,1920.24,Travel,Success
T009070,A00131,2025-09-14,UPI,Mobile,2404.0,Retail,Success
T009071,A00127,2025-05-18,Credit,Branch,11418.19,Utility,Success
T009072,A00192,2025-12-21,ATM,ATM,5000.0,Cash Withdrawal,Success
T009073,A00215,2025-06-26,UPI,Mobile,1837.32,Utility,Success
T009074,A00299,2024-01-28,NEFT,Mobile,36316.34,Education,Success
T009075,A00192,2024-10-29,IMPS,Internet Banking,20745.41,Healthcare,Success
T009076,A00510,2024-02-05,NEFT,Internet Banking,36392.69,Education,Failed
T009077,A00295,2025-11-21,Credit,Internet Banking,3190.9,Travel,Success
T009078,A00548,2025-08-01,UPI,Mobile,1170.83,Utility,Success
T009079,A00011,2024-01-01,Debit,ATM,15731.79,Cash Withdrawal,Success
T009080,A00147,2025-05-23,NEFT,Internet Banking,16830.69,Healthcare,Success
T009081,A00422,2025-12-05,UPI,Mobile,1255.98,Utility,Success
T009082,A00332,2024-10-07,UPI,Mobile,1718.41,Healthcare,Success
T009083,A00166,2025-01-21,IMPS,Mobile,102666.01,Utility,Success
T009084,A00254,2025-03-02,UPI,Mobile,3091.99,Retail,Success
T009085,A00151,2024-12-20,ATM,ATM,10000.0,Cash Withdrawal,Success
T009086,A00053,2024-05-17,UPI,Mobile,340.87,Retail,Success
T009087,A00248,2025-06-03,IMPS,Branch,118642.55,Retail,Failed
T009088,A00274,2024-02-05,Credit,Internet Banking,25257.91,Cash Withdrawal,Success
T009089,A00533,2025-07-24,NEFT,Mobile,39981.43,Investment,Success
T009090,A00133,2024-09-26,Debit,Mobile,18511.34,Healthcare,Success
T009091,A00256,2024-04-24,UPI,Mobile,811.2,Retail,Success
T009092,A00518,2025-09-15,Debit,Mobile,10800.38,Healthcare,Success
T009093,A00348,2024-04-15,Debit,ATM,6079.9,Retail,Success
T009094,A00351,2025-03-05,UPI,Mobile,2386.49,Travel,Success
T009095,A00410,2024-03-18,Credit,ATM,42104.76,Retail,Success
T009096,A00105,2025-05-12,NEFT,Branch,25525.49,Education,Success
T009097,A00101,2025-04-17,UPI,Mobile,530639.62,Utility,Success
T009098,A00506,2025-08-14,UPI,Mobile,1534.61,Travel,Success
T009099,A00124,2025-01-06,ATM,ATM,2000.0,Cash Withdrawal,Reversed
T009100,A00066,2025-03-07,Debit,Branch,8729.91,Utility,Success
T009101,A00493,2024-01-02,Credit,Internet Banking,15751.86,Cash Withdrawal,Success
T009102,A00588,2025-07-15,UPI,Mobile,3256.69,Travel,Success
T009103,A00524,2024-12-27,UPI,Mobile,966.7,Retail,Reversed
T009104,A00582,2025-04-15,NEFT,Branch,34024.37,Investment,Success
T009105,A00368,2025-04-29,NEFT,Mobile,54737.89,Utility,Success
T009106,A00266,2024-04-12,ATM,ATM,1000.0,Cash Withdrawal,Success
T009107,A00216,2024-06-13,Credit,Internet Banking,5674.28,Cash Withdrawal,Success
T009108,A00458,2025-05-14,Credit,Branch,4314.64,Investment,Success
T009109,A00324,2025-12-31,Credit,Mobile,7293.21,Utility,Success
T009110,A00186,2025-09-03,UPI,Mobile,2598.84,Retail,Success
T009111,A00161,2025-07-26,Credit,Mobile,5456.54,Healthcare,Success
T009112,A00178,2025-03-17,Debit,Mobile,7659.82,Loan EMI,Success
T009113,A00193,2024-12-19,UPI,Mobile,1530.81,Travel,Failed
T009114,A00566,2024-04-19,Credit,Mobile,12280.55,Healthcare,Success
T009115,A00348,2024-05-21,UPI,Mobile,1375.37,Retail,Success
T009116,A00113,2024-07-08,IMPS,Internet Banking,34811.15,Utility,Success
T009117,A00063,2024-03-19,UPI,Mobile,388.46,Travel,Success
T009118,A00210,2025-11-29,NEFT,Mobile,21192.07,Education,Failed
T009119,A00100,2024-03-02,Credit,Internet Banking,18477.03,Cash Withdrawal,Success
T009120,A00049,2024-12-22,ATM,ATM,500.0,Cash Withdrawal,Success
T009121,A00069,2025-09-14,UPI,Mobile,857.5,Healthcare,Success
T009122,A00544,2025-01-15,UPI,Mobile,1765.62,Retail,Success
T009123,A00343,2024-01-24,ATM,ATM,2000.0,Cash Withdrawal,Success
T009124,A00364,2024-03-02,NEFT,Internet Banking,36548.96,Investment,Success
T009125,A00352,2024-03-02,IMPS,Internet Banking,55497.35,Healthcare,Success
T009126,A00057,2025-08-26,UPI,Mobile,2808.92,Retail,Success
T009127,A00302,2025-09-11,IMPS,Mobile,72354.15,Utility,Success
T009128,A00393,2024-04-23,Debit,ATM,26410.02,Investment,Success
T009129,A00127,2025-05-21,Debit,Internet Banking,5510.68,Travel,Success
T009130,A00239,2024-10-29,UPI,Mobile,184.07,Travel,Success
T009131,A00167,2025-04-23,Debit,Branch,8425.95,Investment,Success
T009132,A00506,2025-09-20,IMPS,Branch,15104.58,Utility,Success
T009133,A00203,2025-11-07,ATM,ATM,5000.0,Cash Withdrawal,Success
T009134,A00073,2025-05-10,UPI,Mobile,771.25,Utility,Success
T009135,A00402,2024-10-03,NEFT,Branch,48817.58,Education,Success
T009136,A00588,2024-03-15,Credit,ATM,21409.49,Healthcare,Success
T009137,A00024,2025-03-29,NEFT,Mobile,39940.16,Healthcare,Success
T009138,A00138,2025-04-17,Credit,Internet Banking,6879.5,Travel,Success
T009139,A00034,2024-09-12,Credit,Branch,13142.26,Healthcare,Success
T009140,A00151,2025-05-27,Credit,Internet Banking,426856.78,Retail,Success
T009141,A00409,2024-04-29,IMPS,Mobile,675046.12,Retail,Success
T009142,A00274,2025-04-22,Debit,Mobile,8851.62,Loan EMI,Success
T009143,A00272,2024-11-02,IMPS,Internet Banking,28767.53,Retail,Success
T009144,A00177,2025-02-13,Debit,Internet Banking,9850.57,Education,Success
T009145,A00557,2024-04-20,ATM,ATM,1000.0,Cash Withdrawal,Failed
T009146,A00199,2024-10-13,IMPS,Branch,16955.01,Education,Success
T009147,A00358,2024-07-03,UPI,Mobile,1900.87,Travel,Success
T009148,A00485,2024-04-01,Debit,Internet Banking,14171.78,Travel,Success
T009149,A00060,2024-03-23,Debit,Mobile,5422.98,Education,Reversed
T009150,A00526,2025-05-28,UPI,Mobile,3766.24,Healthcare,Success
T009151,A00560,2025-10-18,NEFT,Internet Banking,12654.63,Retail,Success
T009152,A00059,2025-04-06,IMPS,Internet Banking,19947.98,Education,Success
T009153,A00054,2025-09-12,UPI,Mobile,479.82,Healthcare,Success
T009154,A00027,2025-08-22,IMPS,Mobile,10049.43,Healthcare,Success
T009155,A00004,2024-12-08,NEFT,Internet Banking,37169.63,Healthcare,Success
T009156,A00191,2025-01-07,ATM,ATM,20000.0,Cash Withdrawal,Success
T009157,A00487,2024-07-21,UPI,Mobile,859.15,Utility,Success
T009158,A00277,2024-04-27,UPI,Mobile,2820.98,Travel,Success
T009159,A00439,2025-11-26,NEFT,Internet Banking,17133.0,Healthcare,Success
T009160,A00532,2025-08-06,UPI,Mobile,868.85,Travel,Success
T009161,A00349,2024-08-17,NEFT,Internet Banking,55910.9,Utility,Success
T009162,A00350,2024-05-07,NEFT,Branch,13832.26,Healthcare,Success
T009163,A00563,2025-01-16,ATM,ATM,2000.0,Cash Withdrawal,Success
T009164,A00262,2025-04-05,IMPS,Branch,23767.68,Education,Success
T009165,A00127,2024-12-18,IMPS,Mobile,79850.22,Utility,Success
T009166,A00344,2025-12-25,IMPS,Internet Banking,2383.93,Healthcare,Success
T009167,A00544,2024-06-01,UPI,Mobile,392.29,Travel,Success
T009168,A00036,2024-05-27,ATM,ATM,500.0,Cash Withdrawal,Success
T009169,A00430,2024-06-26,Credit,Internet Banking,27025.68,Loan EMI,Success
T009170,A00526,2024-11-16,ATM,ATM,500.0,Cash Withdrawal,Success
T009171,A00479,2024-05-24,Debit,Mobile,14343.23,Investment,Success
T009172,A00453,2024-12-16,IMPS,Branch,41907.07,Healthcare,Success
T009173,A00275,2025-08-26,ATM,ATM,20000.0,Cash Withdrawal,Success
T009174,A00114,2024-04-22,Credit,Mobile,3469.77,Loan EMI,Success
T009175,A00240,2024-12-03,NEFT,Internet Banking,36137.19,Retail,Success
T009176,A00438,2025-03-11,ATM,ATM,5000.0,Cash Withdrawal,Success
T009177,A00541,2024-03-28,UPI,Mobile,683.64,Travel,Success
T009178,A00023,2025-03-07,Credit,Internet Banking,19300.64,Travel,Success
T009179,A00057,2025-04-06,Debit,ATM,19870.69,Education,Success
T009180,A00512,2025-07-02,Credit,Internet Banking,7216.76,Cash Withdrawal,Success
T009181,A00208,2024-10-03,IMPS,Mobile,47815.98,Education,Success
T009182,A00552,2025-06-18,Debit,ATM,13751.55,Travel,Success
T009183,A00114,2025-05-15,Debit,Internet Banking,9963.59,Investment,Success
T009184,A00523,2025-08-18,Credit,Branch,5656.54,Travel,Success
T009185,A00213,2024-06-14,Credit,Internet Banking,7898.17,Education,Success
T009186,A00349,2024-10-23,Debit,Mobile,18828.0,Travel,Failed
T009187,A00188,2025-06-21,UPI,Mobile,3761.43,Travel,Success
T009188,A00475,2025-02-21,Credit,Branch,8421.62,Cash Withdrawal,Success
T009189,A00406,2024-02-14,Credit,Mobile,26173.95,Retail,Success
T009190,A00458,2024-05-14,Debit,Branch,14352.83,Travel,Failed
T009191,A00526,2024-04-18,UPI,Mobile,1399.77,Travel,Success
T009192,A00189,2025-04-11,Credit,Mobile,9401.84,Investment,Success
T009193,A00466,2024-12-31,NEFT,Mobile,17455.51,Retail,Success
T009194,A00087,2025-10-22,Credit,Internet Banking,15743.74,Cash Withdrawal,Success
T009195,A00454,2024-11-02,Debit,Internet Banking,28953.86,Travel,Success
T009196,A00170,2024-11-02,UPI,Mobile,1355.54,Healthcare,Success
T009197,A00078,2024-11-25,Debit,Branch,5125.2,Travel,Failed
T009198,A00067,2025-12-13,IMPS,Internet Banking,55892.68,Investment,Success
T009199,A00254,2025-08-28,NEFT,Internet Banking,24606.12,Investment,Success
T009200,A00482,2025-03-19,UPI,Mobile,737.09,Travel,Success
T009201,A00089,2025-10-20,Credit,ATM,3326.76,Retail,Success
T009202,A00199,2025-02-20,UPI,Mobile,2235.69,Utility,Success
T009203,A00148,2025-05-21,UPI,Mobile,3356.17,Healthcare,Success
T009204,A00524,2024-07-11,Credit,ATM,4198.48,Healthcare,Failed
T009205,A00351,2025-01-09,Debit,Internet Banking,8747.32,Cash Withdrawal,Reversed
T009206,A00427,2024-02-13,Debit,Branch,9309.09,Travel,Success
T009207,A00095,2025-01-29,IMPS,Branch,18280.03,Education,Success
T009208,A00198,2025-08-19,Debit,Branch,25733.41,Cash Withdrawal,Success
T009209,A00329,2024-06-20,UPI,Mobile,355.49,Utility,Failed
T009210,A00286,2025-04-25,IMPS,Internet Banking,45771.11,Utility,Success
T009211,A00093,2025-01-27,UPI,Mobile,2376.61,Retail,Success
T009212,A00284,2024-05-24,Debit,Internet Banking,6149.08,Loan EMI,Success
T009213,A00340,2024-07-21,Credit,Branch,5054.75,Travel,Success
T009214,A00361,2025-09-13,UPI,Mobile,899.77,Utility,Success
T009215,A00123,2025-08-20,ATM,ATM,20000.0,Cash Withdrawal,Success
T009216,A00447,2024-10-29,ATM,ATM,500.0,Cash Withdrawal,Success
T009217,A00005,2024-08-25,ATM,ATM,5000.0,Cash Withdrawal,Success
T009218,A00452,2024-04-19,ATM,ATM,10000.0,Cash Withdrawal,Success
T009219,A00524,2024-09-01,UPI,Mobile,230.96,Retail,Success
T009220,A00532,2024-01-05,IMPS,Mobile,97480.11,Investment,Success
T009221,A00134,2024-05-20,Debit,Internet Banking,7382.01,Education,Success
T009222,A00415,2024-10-19,UPI,Mobile,1079.02,Utility,Success
T009223,A00118,2025-05-02,Debit,Branch,32625.44,Cash Withdrawal,Reversed
T009224,A00075,2025-04-10,Debit,Mobile,2633.05,Cash Withdrawal,Success
T009225,A00480,2025-07-15,Credit,Mobile,9854.86,Utility,Failed
T009226,A00025,2024-03-18,NEFT,Branch,56918.07,Education,Failed
T009227,A00556,2025-05-21,UPI,Mobile,4589.87,Travel,Success
T009228,A00177,2025-08-31,Credit,Branch,2934.23,Education,Success
T009229,A00084,2025-11-02,UPI,Mobile,5032.36,Healthcare,Success
T009230,A00047,2024-02-26,NEFT,Mobile,26574.98,Investment,Success
T009231,A00572,2025-10-07,Debit,Branch,8769.96,Education,Success
T009232,A00225,2024-11-23,Debit,Branch,4268.91,Cash Withdrawal,Success
T009233,A00514,2024-06-25,NEFT,Internet Banking,35373.07,Healthcare,Success
T009234,A00535,2024-09-10,UPI,Mobile,5047.27,Travel,Success
T009235,A00403,2024-02-15,NEFT,Branch,34871.82,Investment,Success
T009236,A00476,2024-12-04,Debit,Internet Banking,5688.98,Healthcare,Success
T009237,A00287,2025-11-18,IMPS,Mobile,19696.53,Investment,Success
T009238,A00541,2025-12-13,Credit,Mobile,6863.66,Utility,Failed
T009239,A00149,2024-10-13,Credit,Branch,26977.63,Investment,Success
T009240,A00526,2025-01-14,Credit,Branch,30700.16,Utility,Success
T009241,A00523,2024-09-25,UPI,Mobile,354.22,Retail,Success
T009242,A00185,2025-09-17,Debit,Internet Banking,4546.06,Loan EMI,Success
T009243,A00292,2024-12-23,Debit,ATM,4997.73,Cash Withdrawal,Success
T009244,A00495,2024-08-15,UPI,Mobile,933.11,Healthcare,Success
T009245,A00243,2024-07-28,IMPS,Mobile,114689.06,Retail,Success
T009246,A00375,2025-01-15,IMPS,Mobile,105579.66,Investment,Success
T009247,A00244,2025-08-31,Debit,Mobile,10785.85,Travel,Failed
T009248,A00350,2024-08-08,Credit,Internet Banking,7843.27,Cash Withdrawal,Success
T009249,A00403,2025-03-31,IMPS,Mobile,4451.88,Utility,Success
T009250,A00512,2024-04-05,Debit,Mobile,12425.36,Education,Success
T009251,A00238,2024-08-25,Debit,Branch,11503.39,Healthcare,Success
T009252,A00356,2025-07-18,Debit,Mobile,4135.49,Education,Success
T009253,A00245,2025-03-27,Debit,Branch,14151.65,Retail,Success
T009254,A00135,2024-05-15,Credit,Internet Banking,19517.81,Education,Success
T009255,A00184,2024-05-09,UPI,Mobile,479.73,Retail,Success
T009256,A00419,2025-10-06,IMPS,Branch,22473.22,Healthcare,Success
T009257,A00514,2024-01-17,UPI,Mobile,2807.23,Healthcare,Success
T009258,A00575,2025-02-21,NEFT,Branch,18815.05,Retail,Success
T009259,A00459,2025-07-28,IMPS,Branch,21708.43,Investment,Success
T009260,A00084,2024-03-29,IMPS,Internet Banking,22886.22,Retail,Success
T009261,A00219,2025-06-22,NEFT,Mobile,46231.11,Utility,Success
T009262,A00473,2025-01-12,Debit,Internet Banking,21252.03,Cash Withdrawal,Success
T009263,A00201,2025-12-04,ATM,ATM,500.0,Cash Withdrawal,Success
T009264,A00255,2024-01-14,NEFT,Mobile,93741.77,Investment,Success
T009265,A00417,2025-09-15,Credit,Mobile,20288.15,Investment,Success
T009266,A00117,2024-03-16,Debit,Internet Banking,10710.15,Cash Withdrawal,Success
T009267,A00266,2025-02-26,NEFT,Branch,51994.15,Investment,Success
T009268,A00398,2025-09-01,UPI,Mobile,446.31,Travel,Success
T009269,A00562,2024-01-16,Credit,Internet Banking,37106.21,Retail,Success
T009270,A00042,2024-01-14,NEFT,Branch,17316.32,Retail,Failed
T009271,A00200,2025-07-30,Credit,ATM,15497.82,Loan EMI,Success
T009272,A00022,2025-01-08,Debit,Branch,11917.26,Travel,Success
T009273,A00009,2024-11-14,NEFT,Branch,9801.91,Education,Success
T009274,A00152,2024-08-31,ATM,ATM,500.0,Cash Withdrawal,Success
T009275,A00022,2025-11-10,IMPS,Mobile,17400.35,Investment,Success
T009276,A00218,2025-12-30,UPI,Mobile,3346.22,Retail,Success
T009277,A00099,2024-02-10,Credit,ATM,390483.67,Travel,Success
T009278,A00523,2025-06-11,Debit,Internet Banking,5158.18,Retail,Success
T009279,A00162,2025-12-17,Credit,Internet Banking,8751.16,Loan EMI,Success
T009280,A00456,2025-11-17,NEFT,Internet Banking,14973.12,Utility,Failed
T009281,A00355,2024-07-24,Credit,ATM,7181.3,Utility,Success
T009282,A00347,2024-09-01,Credit,Mobile,2838.46,Cash Withdrawal,Success
T009283,A00187,2025-10-21,ATM,ATM,500.0,Cash Withdrawal,Success
T009284,A00160,2024-07-19,Debit,Branch,10706.01,Loan EMI,Success
T009285,A00288,2024-11-12,NEFT,Mobile,36969.84,Retail,Success
T009286,A00304,2025-08-18,NEFT,Internet Banking,792682.32,Healthcare,Success
T009287,A00466,2025-06-08,UPI,Mobile,3334.8,Healthcare,Success
T009288,A00518,2024-07-23,UPI,Mobile,995.32,Travel,Success
T009289,A00514,2025-01-16,UPI,Mobile,1332.0,Travel,Success
T009290,A00474,2024-02-03,Credit,Branch,498291.37,Travel,Success
T009291,A00591,2025-06-16,Credit,Branch,8123.28,Education,Success
T009292,A00357,2025-06-26,UPI,Mobile,2450.35,Travel,Success
T009293,A00138,2024-08-21,NEFT,Internet Banking,11171.05,Investment,Success
T009294,A00128,2024-09-21,UPI,Mobile,2015.91,Travel,Success
T009295,A00406,2025-02-03,NEFT,Mobile,18697.05,Healthcare,Success
T009296,A00429,2024-04-20,UPI,Mobile,481.9,Travel,Success
T009297,A00272,2024-08-31,Debit,Mobile,8317.69,Retail,Success
T009298,A00572,2025-06-08,IMPS,Internet Banking,88674.58,Retail,Success
T009299,A00465,2025-09-11,UPI,Mobile,2232.39,Healthcare,Success
T009300,A00157,2025-02-05,ATM,ATM,20000.0,Cash Withdrawal,Success
T009301,A00366,2024-04-23,UPI,Mobile,1087.12,Retail,Success
T009302,A00457,2024-04-27,Credit,Internet Banking,5317.29,Investment,Reversed
T009303,A00346,2025-12-08,UPI,Mobile,4862.1,Healthcare,Success
T009304,A00165,2025-03-19,Debit,Mobile,12857.46,Utility,Success
T009305,A00486,2025-12-16,Debit,ATM,10972.26,Utility,Success
T009306,A00333,2025-04-24,Debit,ATM,15103.75,Cash Withdrawal,Success
T009307,A00180,2024-02-11,Credit,Branch,16155.65,Loan EMI,Success
T009308,A00385,2024-06-12,IMPS,Branch,22600.18,Retail,Success
T009309,A00278,2024-06-26,NEFT,Internet Banking,58570.27,Education,Success
T009310,A00333,2024-06-11,Credit,Internet Banking,3393.06,Retail,Success
T009311,A00508,2024-05-17,Debit,Internet Banking,15700.17,Loan EMI,Success
T009312,A00045,2024-02-18,Credit,Mobile,7863.82,Education,Success
T009313,A00050,2025-05-12,UPI,Mobile,3408.24,Retail,Success
T009314,A00137,2024-04-01,NEFT,Internet Banking,22474.34,Investment,Success
T009315,A00064,2025-08-06,UPI,Mobile,2987.7,Utility,Failed
T009316,A00459,2024-06-14,UPI,Mobile,1865.54,Retail,Success
T009317,A00570,2025-01-10,Debit,Mobile,17734.42,Investment,Success
T009318,A00406,2024-10-04,ATM,ATM,5000.0,Cash Withdrawal,Success
T009319,A00034,2025-11-12,NEFT,Branch,34620.45,Healthcare,Success
T009320,A00090,2024-05-15,IMPS,Mobile,6674.46,Education,Success
T009321,A00516,2024-02-08,Debit,Mobile,21486.17,Cash Withdrawal,Success
T009322,A00591,2025-04-05,UPI,Mobile,3385.72,Healthcare,Success
T009323,A00007,2025-08-04,UPI,Mobile,1122.7,Utility,Success
T009324,A00217,2024-12-14,UPI,Mobile,829.74,Healthcare,Success
T009325,A00123,2024-07-09,Debit,ATM,18678.57,Cash Withdrawal,Failed
T009326,A00226,2025-03-16,Credit,Internet Banking,445416.1,Utility,Success
T009327,A00136,2025-10-15,NEFT,Branch,29299.2,Healthcare,Success
T009328,A00250,2025-02-09,UPI,Mobile,2107.0,Retail,Success
T009329,A00472,2025-03-21,Credit,Mobile,8395.46,Cash Withdrawal,Success
T009330,A00023,2024-02-15,Debit,Branch,22167.96,Travel,Success
T009331,A00198,2024-10-07,Debit,Mobile,8882.47,Investment,Success
T009332,A00197,2025-07-26,UPI,Mobile,2771.17,Travel,Success
T009333,A00345,2024-12-10,IMPS,Mobile,34576.02,Education,Success
T009334,A00275,2024-12-19,IMPS,Internet Banking,42756.64,Retail,Success
T009335,A00464,2025-01-28,Credit,Internet Banking,30484.75,Education,Success
T009336,A00093,2025-12-27,ATM,ATM,500.0,Cash Withdrawal,Success
T009337,A00130,2024-09-08,IMPS,Internet Banking,23046.98,Investment,Success
T009338,A00181,2025-06-30,Credit,Branch,17901.46,Education,Success
T009339,A00271,2024-10-11,Debit,ATM,26251.54,Travel,Success
T009340,A00288,2025-03-01,IMPS,Mobile,56118.71,Investment,Success
T009341,A00120,2024-12-01,IMPS,Branch,74929.73,Utility,Success
T009342,A00019,2025-10-07,UPI,Mobile,1670.96,Utility,Success
T009343,A00030,2025-03-09,Credit,Mobile,16879.55,Utility,Success
T009344,A00418,2024-02-01,Credit,Branch,19923.79,Utility,Success
T009345,A00468,2024-03-09,Debit,Mobile,10965.28,Investment,Success
T009346,A00350,2024-02-03,IMPS,Internet Banking,17267.02,Utility,Success
T009347,A00481,2025-09-27,UPI,Mobile,628.48,Healthcare,Success
T009348,A00008,2025-10-29,Debit,Internet Banking,28410.68,Retail,Success
T009349,A00073,2024-05-25,Debit,Internet Banking,25605.18,Utility,Reversed
T009350,A00368,2024-03-06,Credit,ATM,6600.85,Travel,Success
T009351,A00142,2025-05-28,ATM,ATM,500.0,Cash Withdrawal,Success
T009352,A00290,2024-07-02,IMPS,Branch,74906.91,Education,Success
T009353,A00520,2025-06-17,Debit,Mobile,14715.19,Education,Success
T009354,A00289,2025-07-06,Credit,ATM,11218.44,Cash Withdrawal,Success
T009355,A00357,2025-12-03,UPI,Mobile,822.61,Retail,Success
T009356,A00141,2025-04-05,IMPS,Internet Banking,31335.17,Retail,Success
T009357,A00131,2024-04-18,Credit,Branch,5534.62,Retail,Success
T009358,A00536,2025-05-30,Debit,Branch,9011.89,Investment,Success
T009359,A00177,2025-01-19,UPI,Mobile,672.69,Travel,Success
T009360,A00320,2025-08-22,Debit,Mobile,3745.46,Loan EMI,Success
T009361,A00167,2025-09-30,Debit,Branch,23309.41,Travel,Success
T009362,A00580,2024-12-16,Credit,Branch,9725.79,Education,Success
T009363,A00194,2024-08-18,Credit,ATM,13870.02,Cash Withdrawal,Success
T009364,A00482,2025-10-07,ATM,ATM,500.0,Cash Withdrawal,Success
T009365,A00569,2025-11-09,UPI,Mobile,962.29,Travel,Success
T009366,A00183,2024-01-18,Debit,Mobile,9412.35,Healthcare,Success
T009367,A00329,2024-09-07,ATM,ATM,1000.0,Cash Withdrawal,Success
T009368,A00080,2024-05-13,NEFT,Branch,15422.21,Retail,Success
T009369,A00557,2025-06-06,Debit,Mobile,28569.42,Retail,Success
T009370,A00084,2024-09-26,IMPS,Branch,4383.77,Healthcare,Success
T009371,A00472,2024-08-10,Credit,Mobile,19155.81,Utility,Success
T009372,A00568,2025-07-28,NEFT,Internet Banking,21798.84,Healthcare,Success
T009373,A00580,2024-07-20,Credit,Branch,5278.84,Cash Withdrawal,Success
T009374,A00181,2025-06-06,IMPS,Internet Banking,9716.68,Healthcare,Success
T009375,A00497,2024-09-04,IMPS,Branch,37147.52,Utility,Success
T009376,A00390,2025-10-02,UPI,Mobile,2605.19,Retail,Success
T009377,A00537,2025-07-23,UPI,Mobile,2419.43,Retail,Success
T009378,A00371,2025-10-20,Credit,ATM,8021.27,Investment,Success
T009379,A00297,2024-01-24,Credit,Branch,9357.92,Investment,Success
T009380,A00440,2024-03-11,UPI,Mobile,633.46,Healthcare,Success
T009381,A00351,2024-09-22,NEFT,Branch,17252.72,Utility,Success
T009382,A00458,2024-04-06,NEFT,Branch,75986.12,Healthcare,Success
T009383,A00296,2024-06-25,ATM,ATM,500.0,Cash Withdrawal,Success
T009384,A00254,2024-02-22,IMPS,Mobile,6739.95,Education,Success
T009385,A00280,2025-02-26,NEFT,Branch,5871.45,Retail,Success
T009386,A00435,2025-02-24,NEFT,Internet Banking,19645.8,Retail,Success
T009387,A00051,2024-04-05,NEFT,Branch,93680.36,Investment,Success
T009388,A00508,2024-08-24,UPI,Mobile,1536.13,Healthcare,Success
T009389,A00506,2024-04-28,UPI,Mobile,6610.85,Utility,Success
T009390,A00201,2024-09-28,Credit,Branch,8627.38,Investment,Success
T009391,A00409,2025-05-23,IMPS,Branch,54155.05,Investment,Success
T009392,A00518,2024-06-23,Debit,Mobile,21331.15,Investment,Success
T009393,A00231,2024-05-03,Credit,Mobile,36782.57,Healthcare,Failed
T009394,A00032,2025-09-12,UPI,Mobile,913.24,Retail,Success
T009395,A00562,2024-07-05,IMPS,Mobile,34075.87,Retail,Success
T009396,A00230,2025-12-01,Credit,Mobile,9584.37,Education,Success
T009397,A00027,2025-04-10,UPI,Mobile,2629.56,Retail,Success
T009398,A00175,2024-02-29,IMPS,Mobile,87187.97,Education,Success
T009399,A00545,2025-05-02,UPI,Mobile,4072.55,Healthcare,Success
T009400,A00342,2024-09-12,Debit,ATM,6925.47,Investment,Success
T009401,A00447,2025-01-28,Credit,Branch,707128.62,Retail,Success
T009402,A00208,2025-04-21,NEFT,Branch,53145.2,Education,Success
T009403,A00037,2025-06-14,Credit,Mobile,4665.61,Retail,Success
T009404,A00528,2025-07-07,Debit,Internet Banking,18095.12,Utility,Success
T009405,A00322,2025-02-10,Debit,ATM,10960.56,Healthcare,Success
T009406,A00069,2024-03-04,NEFT,Internet Banking,78226.72,Healthcare,Failed
T009407,A00474,2024-11-13,NEFT,Internet Banking,70214.63,Healthcare,Failed
T009408,A00288,2025-06-19,UPI,Mobile,1673.15,Retail,Success
T009409,A00138,2025-09-26,Credit,Internet Banking,4347.09,Healthcare,Success
T009410,A00529,2025-08-04,Debit,Internet Banking,566836.68,Cash Withdrawal,Success
T009411,A00354,2025-07-18,UPI,Mobile,1581.4,Healthcare,Success
T009412,A00180,2025-03-31,NEFT,Mobile,47232.17,Education,Success
T009413,A00565,2024-07-12,NEFT,Branch,26663.24,Investment,Success
T009414,A00145,2024-07-11,Credit,Mobile,5474.84,Utility,Failed
T009415,A00299,2024-07-18,UPI,Mobile,1206.86,Retail,Reversed
T009416,A00038,2024-04-19,Credit,Branch,24025.58,Cash Withdrawal,Success
T009417,A00058,2024-03-04,NEFT,Mobile,27376.93,Utility,Success
T009418,A00274,2025-09-30,UPI,Mobile,922.57,Retail,Failed
T009419,A00214,2024-05-23,Debit,ATM,4540.76,Travel,Success
T009420,A00456,2025-12-17,NEFT,Mobile,32324.05,Utility,Success
T009421,A00315,2025-09-29,Credit,Internet Banking,21731.54,Education,Success
T009422,A00483,2025-04-19,UPI,Mobile,3387.74,Healthcare,Failed
T009423,A00471,2025-09-13,Debit,Mobile,6076.84,Loan EMI,Failed
T009424,A00519,2025-07-21,Credit,Branch,11989.77,Loan EMI,Success
T009425,A00057,2025-02-18,ATM,ATM,20000.0,Cash Withdrawal,Success
T009426,A00309,2024-06-30,UPI,Mobile,835.74,Travel,Success
T009427,A00412,2024-07-14,ATM,ATM,2000.0,Cash Withdrawal,Success
T009428,A00203,2024-04-09,Credit,Branch,8442.58,Healthcare,Success
T009429,A00334,2025-07-29,Debit,ATM,10322.57,Healthcare,Failed
T009430,A00309,2024-11-15,IMPS,Internet Banking,23149.03,Investment,Success
T009431,A00397,2025-01-30,Credit,Internet Banking,547.02,Utility,Success
T009432,A00152,2025-09-29,ATM,ATM,20000.0,Cash Withdrawal,Success
T009433,A00552,2024-10-26,Debit,Internet Banking,28622.25,Cash Withdrawal,Success
T009434,A00564,2024-02-16,ATM,ATM,500.0,Cash Withdrawal,Success
T009435,A00516,2024-04-14,NEFT,Mobile,21160.9,Retail,Success
T009436,A00268,2025-07-24,Credit,Branch,6663.31,Loan EMI,Success
T009437,A00382,2024-06-15,UPI,Mobile,764.39,Retail,Success
T009438,A00216,2025-03-11,Credit,Branch,3258.16,Utility,Success
T009439,A00423,2024-09-12,NEFT,Internet Banking,96430.31,Investment,Success
T009440,A00100,2025-10-19,NEFT,Branch,33514.56,Retail,Success
T009441,A00083,2024-04-16,NEFT,Internet Banking,47639.12,Utility,Reversed
T009442,A00412,2024-04-02,NEFT,Branch,43432.86,Healthcare,Success
T009443,A00470,2025-08-26,IMPS,Mobile,22615.8,Retail,Success
T009444,A00182,2025-02-14,Debit,Mobile,10784.25,Cash Withdrawal,Success
T009445,A00182,2025-02-20,ATM,ATM,2000.0,Cash Withdrawal,Success
T009446,A00475,2024-08-08,IMPS,Internet Banking,55130.11,Investment,Success
T009447,A00147,2024-03-28,NEFT,Internet Banking,10048.06,Retail,Success
T009448,A00020,2025-09-13,NEFT,Internet Banking,25303.16,Healthcare,Success
T009449,A00508,2024-07-27,NEFT,Branch,28734.98,Retail,Success
T009450,A00151,2025-03-17,UPI,Mobile,959.14,Healthcare,Success
T009451,A00534,2024-10-13,Credit,ATM,7245.89,Healthcare,Success
T009452,A00135,2024-01-18,UPI,Mobile,1716.77,Travel,Success
T009453,A00509,2024-09-11,UPI,Mobile,3787.18,Retail,Success
T009454,A00536,2025-04-12,UPI,Mobile,2094.61,Utility,Success
T009455,A00132,2025-05-19,UPI,Mobile,746.68,Retail,Success
T009456,A00381,2025-09-02,UPI,Mobile,7511.91,Travel,Success
T009457,A00080,2025-08-28,UPI,Mobile,3811.61,Travel,Success
T009458,A00280,2024-06-11,Credit,Mobile,7734.79,Travel,Success
T009459,A00416,2024-03-09,IMPS,Branch,82465.16,Utility,Success
T009460,A00158,2025-05-05,UPI,Mobile,1745.93,Healthcare,Success
T009461,A00224,2025-05-17,UPI,Mobile,531.36,Healthcare,Success
T009462,A00451,2024-11-10,IMPS,Internet Banking,75753.41,Healthcare,Success
T009463,A00473,2024-08-04,Credit,ATM,5930.94,Utility,Success
T009464,A00144,2025-05-12,ATM,ATM,20000.0,Cash Withdrawal,Success
T009465,A00489,2024-03-15,ATM,ATM,20000.0,Cash Withdrawal,Success
T009466,A00518,2025-02-14,UPI,Mobile,2164.57,Healthcare,Success
T009467,A00326,2025-06-18,UPI,Mobile,1676.41,Utility,Reversed
T009468,A00124,2024-08-22,Credit,Mobile,15793.82,Investment,Failed
T009469,A00046,2024-06-06,UPI,Mobile,4764.11,Healthcare,Success
T009470,A00124,2024-07-26,IMPS,Mobile,514426.34,Healthcare,Success
T009471,A00274,2025-06-16,Credit,Mobile,4405.56,Retail,Success
T009472,A00388,2025-12-04,Credit,Branch,6566.61,Investment,Success
T009473,A00154,2025-03-16,Credit,Branch,4152.28,Loan EMI,Success
T009474,A00312,2024-08-02,Credit,Branch,210845.62,Investment,Success
T009475,A00414,2025-12-19,IMPS,Mobile,69697.01,Utility,Success
T009476,A00216,2025-04-07,NEFT,Branch,36401.28,Education,Success
T009477,A00056,2024-05-27,Debit,Mobile,9845.17,Loan EMI,Success
T009478,A00349,2025-01-20,Debit,Mobile,7863.12,Investment,Success
T009479,A00396,2025-06-21,Debit,ATM,18391.69,Utility,Success
T009480,A00572,2025-05-22,ATM,ATM,500.0,Cash Withdrawal,Success
T009481,A00393,2024-01-18,UPI,Mobile,4149.72,Healthcare,Success
T009482,A00401,2025-10-03,Debit,Branch,5799.79,Travel,Success
T009483,A00419,2024-11-14,Credit,ATM,14603.97,Retail,Success
T009484,A00426,2025-01-09,Debit,ATM,20509.09,Travel,Success
T009485,A00456,2024-02-21,Credit,Branch,12757.16,Utility,Success
T009486,A00351,2025-12-29,UPI,Mobile,2570.03,Travel,Success
T009487,A00241,2024-10-11,IMPS,Branch,12441.48,Utility,Success
T009488,A00067,2024-11-05,UPI,Mobile,4227.4,Retail,Success
T009489,A00414,2025-01-04,IMPS,Branch,59401.33,Retail,Success
T009490,A00159,2025-11-03,IMPS,Internet Banking,49535.72,Utility,Success
T009491,A00406,2025-07-05,UPI,Mobile,2927.21,Utility,Reversed
T009492,A00179,2024-06-26,ATM,ATM,5000.0,Cash Withdrawal,Success
T009493,A00264,2024-09-30,Debit,Internet Banking,8793.31,Travel,Success
T009494,A00066,2024-08-20,NEFT,Internet Banking,14559.56,Education,Success
T009495,A00435,2024-05-23,ATM,ATM,10000.0,Cash Withdrawal,Success
T009496,A00338,2025-12-18,Debit,Internet Banking,4178.19,Travel,Success
T009497,A00230,2024-03-26,UPI,Mobile,421.25,Travel,Success
T009498,A00356,2025-11-02,UPI,Mobile,2082.17,Utility,Success
T009499,A00141,2024-10-22,Credit,Internet Banking,8109.4,Investment,Success
T009500,A00047,2025-03-11,UPI,Mobile,4051.23,Utility,Success
T009501,A00045,2025-09-20,Credit,Branch,23025.77,Healthcare,Success
T009502,A00080,2024-05-01,UPI,Mobile,2720.22,Retail,Success
T009503,A00400,2024-04-02,NEFT,Mobile,50683.61,Education,Success
T009504,A00158,2025-04-19,IMPS,Branch,19454.52,Healthcare,Success
T009505,A00288,2024-03-07,NEFT,Mobile,22426.25,Education,Success
T009506,A00505,2025-02-20,Debit,Internet Banking,6523.6,Retail,Success
T009507,A00026,2025-12-25,ATM,ATM,10000.0,Cash Withdrawal,Success
T009508,A00029,2024-12-09,ATM,ATM,500.0,Cash Withdrawal,Success
T009509,A00392,2024-10-27,ATM,ATM,5000.0,Cash Withdrawal,Success
T009510,A00213,2025-05-12,Credit,Mobile,4900.61,Travel,Success
T009511,A00322,2024-09-25,UPI,Mobile,1377.34,Healthcare,Success
T009512,A00538,2024-02-03,Credit,ATM,20339.04,Healthcare,Success
T009513,A00477,2024-12-03,NEFT,Internet Banking,29544.37,Healthcare,Success
T009514,A00522,2024-02-08,NEFT,Mobile,18583.25,Healthcare,Success
T009515,A00301,2024-07-16,NEFT,Internet Banking,29563.79,Retail,Success
T009516,A00577,2024-03-31,ATM,ATM,5000.0,Cash Withdrawal,Success
T009517,A00439,2024-07-01,UPI,Mobile,1707.21,Travel,Success
T009518,A00464,2024-04-03,Debit,Mobile,7632.3,Healthcare,Success
T009519,A00008,2024-07-27,UPI,Mobile,1386.13,Travel,Success
T009520,A00010,2025-09-26,UPI,Mobile,7428.12,Healthcare,Success
T009521,A00530,2025-04-22,NEFT,Mobile,9986.8,Healthcare,Success
T009522,A00351,2025-01-29,Credit,Branch,1780.44,Cash Withdrawal,Success
T009523,A00437,2025-12-21,UPI,Mobile,1616.56,Utility,Success
T009524,A00398,2025-09-26,NEFT,Branch,44414.88,Utility,Success
T009525,A00586,2024-01-30,UPI,Mobile,1332.58,Retail,Success
T009526,A00227,2024-05-11,Debit,Internet Banking,5239.64,Utility,Success
T009527,A00103,2024-02-26,Debit,ATM,26034.59,Education,Success
T009528,A00035,2024-09-01,Debit,Branch,11115.15,Cash Withdrawal,Failed
T009529,A00448,2025-11-11,UPI,Mobile,1673.68,Healthcare,Success
T009530,A00476,2024-01-06,UPI,Mobile,2688.78,Utility,Success
T009531,A00068,2024-01-08,UPI,Mobile,1289.38,Travel,Success
T009532,A00464,2025-05-22,Credit,ATM,8894.88,Healthcare,Success
T009533,A00478,2024-02-06,IMPS,Mobile,85588.07,Investment,Success
T009534,A00097,2025-03-25,NEFT,Internet Banking,7349.2,Utility,Success
T009535,A00363,2025-05-19,IMPS,Internet Banking,42789.76,Education,Success
T009536,A00231,2025-10-25,NEFT,Branch,40182.57,Education,Success
T009537,A00524,2025-01-18,Credit,Branch,8046.85,Investment,Failed
T009538,A00220,2025-07-31,UPI,Mobile,1334.32,Travel,Success
T009539,A00400,2025-08-19,ATM,ATM,1000.0,Cash Withdrawal,Success
T009540,A00066,2025-01-07,Credit,Internet Banking,24646.84,Cash Withdrawal,Success
T009541,A00376,2024-02-20,UPI,Mobile,744.64,Utility,Success
T009542,A00027,2024-12-19,Debit,Internet Banking,17432.1,Investment,Success
T009543,A00148,2025-01-29,NEFT,Branch,33776.22,Investment,Success
T009544,A00260,2025-10-01,Debit,Mobile,16274.94,Utility,Success
T009545,A00076,2024-04-03,UPI,Mobile,2038.66,Retail,Success
T009546,A00459,2025-05-17,Debit,Internet Banking,1679.74,Cash Withdrawal,Success
T009547,A00110,2024-12-16,Credit,Branch,5809.96,Investment,Success
T009548,A00449,2024-01-08,UPI,Mobile,831.42,Healthcare,Success
T009549,A00394,2025-01-07,Credit,Mobile,5199.61,Retail,Success
T009550,A00574,2025-03-14,ATM,ATM,10000.0,Cash Withdrawal,Success
T009551,A00353,2025-09-01,Debit,Branch,657238.23,Education,Success
T009552,A00403,2025-04-05,Debit,Branch,11910.13,Loan EMI,Success
T009553,A00420,2024-09-16,IMPS,Internet Banking,62227.89,Education,Success
T009554,A00387,2024-03-10,UPI,Mobile,465.05,Travel,Success
T009555,A00085,2024-11-03,Debit,Branch,10993.13,Travel,Success
T009556,A00059,2024-09-07,Credit,ATM,13105.1,Travel,Success
T009557,A00192,2024-06-07,Debit,Branch,21597.23,Utility,Success
T009558,A00192,2025-10-07,Credit,ATM,27866.41,Cash Withdrawal,Success
T009559,A00553,2025-01-29,Credit,Internet Banking,9448.44,Education,Success
T009560,A00303,2024-11-26,Debit,Mobile,5291.6,Utility,Success
T009561,A00464,2025-03-20,NEFT,Mobile,43171.21,Utility,Success
T009562,A00029,2025-08-16,UPI,Mobile,681.25,Travel,Success
T009563,A00479,2024-02-12,Credit,Branch,12953.03,Travel,Success
T009564,A00568,2024-09-27,UPI,Mobile,797.01,Healthcare,Success
T009565,A00043,2024-03-04,Credit,ATM,15108.18,Education,Failed
T009566,A00170,2024-05-10,Credit,Internet Banking,6596.79,Cash Withdrawal,Success
T009567,A00163,2025-03-28,Credit,ATM,26299.68,Healthcare,Success
T009568,A00234,2025-05-30,UPI,Mobile,1513.01,Travel,Success
T009569,A00297,2025-09-28,UPI,Mobile,326.33,Travel,Success
T009570,A00339,2024-07-23,ATM,ATM,5000.0,Cash Withdrawal,Success
T009571,A00165,2025-10-17,UPI,Mobile,2928.21,Healthcare,Success
T009572,A00269,2024-09-04,ATM,ATM,500.0,Cash Withdrawal,Failed
T009573,A00430,2024-05-17,Debit,ATM,9548.67,Healthcare,Failed
T009574,A00377,2024-12-24,UPI,Mobile,2306.15,Utility,Success
T009575,A00565,2025-08-02,ATM,ATM,500.0,Cash Withdrawal,Success
T009576,A00491,2025-12-01,IMPS,Mobile,64244.96,Retail,Success
T009577,A00591,2024-12-08,Debit,Mobile,11309.87,Travel,Success
T009578,A00073,2024-08-16,NEFT,Branch,10603.13,Investment,Success
T009579,A00085,2024-07-09,Credit,Internet Banking,12019.8,Travel,Success
T009580,A00483,2025-03-05,Credit,Mobile,24164.97,Loan EMI,Success
T009581,A00031,2024-05-31,NEFT,Branch,31313.9,Retail,Success
T009582,A00230,2024-04-06,Credit,ATM,14221.96,Utility,Success
T009583,A00057,2025-03-31,Debit,Internet Banking,5955.05,Travel,Success
T009584,A00558,2024-10-25,Credit,Branch,3258.49,Retail,Failed
T009585,A00437,2025-02-24,Debit,Mobile,9688.16,Healthcare,Success
T009586,A00403,2024-06-08,Credit,Branch,11091.25,Education,Failed
T009587,A00410,2024-10-09,NEFT,Branch,69297.6,Education,Success
T009588,A00461,2025-01-03,ATM,ATM,10000.0,Cash Withdrawal,Success
T009589,A00386,2024-11-03,UPI,Mobile,1616.87,Utility,Success
T009590,A00157,2025-01-12,UPI,Mobile,3041.09,Retail,Success
T009591,A00059,2025-05-07,NEFT,Internet Banking,24061.26,Healthcare,Success
T009592,A00222,2024-05-12,Credit,Internet Banking,3688.92,Investment,Reversed
T009593,A00140,2024-12-14,NEFT,Mobile,46773.8,Utility,Success
T009594,A00013,2025-07-17,Debit,Internet Banking,25743.99,Healthcare,Success
T009595,A00168,2024-05-13,Credit,Branch,7184.67,Cash Withdrawal,Success
T009596,A00236,2024-03-05,UPI,Mobile,2356.16,Utility,Success
T009597,A00517,2024-07-29,Debit,ATM,16536.38,Education,Failed
T009598,A00429,2025-03-25,UPI,Mobile,1275.36,Retail,Success
T009599,A00200,2025-03-28,UPI,Mobile,2495.06,Healthcare,Success
T009600,A00591,2024-02-10,Debit,Internet Banking,13650.39,Travel,Success
T009601,A00264,2025-12-01,UPI,Mobile,2496.38,Utility,Success
T009602,A00203,2024-12-10,UPI,Mobile,2210.03,Travel,Success
T009603,A00287,2025-09-18,ATM,ATM,500.0,Cash Withdrawal,Success
T009604,A00050,2025-03-21,Credit,Branch,10236.78,Healthcare,Success
T009605,A00328,2024-03-15,Debit,Internet Banking,11071.42,Loan EMI,Success
T009606,A00359,2025-08-06,ATM,ATM,2000.0,Cash Withdrawal,Success
T009607,A00404,2025-06-11,ATM,ATM,500.0,Cash Withdrawal,Success
T009608,A00559,2025-12-21,ATM,ATM,10000.0,Cash Withdrawal,Success
T009609,A00469,2025-09-04,Debit,ATM,20971.24,Travel,Success
T009610,A00377,2024-05-12,NEFT,Branch,37527.49,Investment,Success
T009611,A00191,2024-12-25,Debit,ATM,6500.89,Retail,Success
T009612,A00203,2024-02-22,UPI,Mobile,1291.56,Healthcare,Failed
T009613,A00509,2025-02-23,Credit,Branch,14189.53,Loan EMI,Success
T009614,A00210,2024-09-12,Credit,Mobile,20161.66,Healthcare,Success
T009615,A00221,2025-10-06,UPI,Mobile,359.6,Retail,Success
T009616,A00132,2025-06-07,NEFT,Branch,28032.06,Healthcare,Success
T009617,A00409,2024-01-24,Debit,Branch,19231.56,Education,Success
T009618,A00120,2025-03-25,ATM,ATM,755615.15,Cash Withdrawal,Success
T009619,A00312,2025-04-20,IMPS,Internet Banking,17361.0,Retail,Success
T009620,A00415,2025-11-20,UPI,Mobile,745.32,Utility,Failed
T009621,A00089,2025-08-22,Credit,ATM,10983.22,Utility,Success
T009622,A00212,2024-01-16,UPI,Mobile,331.15,Healthcare,Success
T009623,A00414,2024-07-28,UPI,Mobile,4675.79,Healthcare,Success
T009624,A00063,2025-04-11,UPI,Mobile,2018.26,Retail,Success
T009625,A00271,2025-09-26,Credit,Internet Banking,16117.16,Healthcare,Success
T009626,A00546,2025-09-17,UPI,Mobile,3300.57,Travel,Success
T009627,A00438,2024-05-28,UPI,Mobile,6451.26,Utility,Success
T009628,A00125,2025-06-18,IMPS,Mobile,31691.49,Healthcare,Success
T009629,A00218,2025-06-28,NEFT,Branch,8782.35,Investment,Success
T009630,A00049,2024-02-05,Debit,Branch,13282.83,Cash Withdrawal,Success
T009631,A00268,2024-05-01,ATM,ATM,2000.0,Cash Withdrawal,Success
T009632,A00522,2024-10-31,Debit,Branch,6177.07,Retail,Success
T009633,A00178,2025-10-17,Credit,ATM,4516.91,Loan EMI,Success
T009634,A00589,2024-07-20,UPI,Mobile,1012.12,Travel,Success
T009635,A00254,2024-01-03,IMPS,Internet Banking,31251.89,Utility,Success
T009636,A00246,2025-10-03,UPI,Mobile,3341.05,Healthcare,Success
T009637,A00292,2025-02-16,Credit,ATM,30467.83,Loan EMI,Success
T009638,A00129,2025-12-12,Credit,Branch,4995.3,Travel,Failed
T009639,A00210,2024-02-22,UPI,Mobile,1073.3,Travel,Success
T009640,A00428,2024-09-03,NEFT,Internet Banking,49887.87,Utility,Success
T009641,A00179,2024-04-06,Debit,Mobile,17048.19,Retail,Success
T009642,A00491,2025-02-26,Credit,Internet Banking,5446.41,Travel,Success
T009643,A00547,2025-08-26,Debit,Branch,19251.17,Education,Success
T009644,A00144,2025-11-08,Credit,Branch,6477.71,Travel,Success
T009645,A00552,2024-04-22,IMPS,Internet Banking,15365.53,Utility,Failed
T009646,A00508,2025-03-01,Debit,Internet Banking,15240.47,Healthcare,Success
T009647,A00454,2024-06-03,Credit,ATM,22471.97,Travel,Success
T009648,A00057,2025-11-25,Credit,ATM,13280.08,Utility,Success
T009649,A00127,2024-05-04,NEFT,Internet Banking,37068.02,Utility,Success
T009650,A00300,2024-11-25,Debit,Branch,500887.44,Retail,Success
T009651,A00134,2024-10-03,Debit,Mobile,11431.76,Investment,Success
T009652,A00435,2024-12-06,Debit,Internet Banking,9323.59,Retail,Success
T009653,A00545,2025-11-15,UPI,Mobile,2253.81,Travel,Success
T009654,A00235,2024-06-22,ATM,ATM,1000.0,Cash Withdrawal,Failed
T009655,A00470,2024-01-26,UPI,Mobile,1595.75,Utility,Success
T009656,A00154,2024-12-28,ATM,ATM,500.0,Cash Withdrawal,Success
T009657,A00337,2025-05-27,UPI,Mobile,6194.5,Retail,Success
T009658,A00398,2024-12-24,IMPS,Mobile,43021.67,Retail,Success
T009659,A00002,2025-06-01,UPI,Mobile,171487.59,Travel,Success
T009660,A00558,2024-01-28,Debit,Mobile,5052.17,Travel,Success
T009661,A00068,2025-11-07,Credit,Mobile,5563.5,Retail,Success
T009662,A00005,2025-03-11,ATM,ATM,500.0,Cash Withdrawal,Success
T009663,A00415,2025-04-27,Debit,Internet Banking,14006.68,Loan EMI,Success
T009664,A00302,2025-08-08,NEFT,Internet Banking,22250.2,Healthcare,Success
T009665,A00227,2025-12-13,NEFT,Branch,38409.87,Investment,Success
T009666,A00031,2025-07-08,Debit,ATM,23272.62,Loan EMI,Success
T009667,A00340,2024-12-08,UPI,Mobile,506.62,Healthcare,Success
T009668,A00276,2025-02-05,UPI,Mobile,1331.75,Travel,Success
T009669,A00107,2024-11-29,IMPS,Branch,3134.77,Retail,Success
T009670,A00208,2025-12-21,IMPS,Branch,9138.93,Investment,Success
T009671,A00054,2025-09-05,Credit,Branch,12581.94,Retail,Success
T009672,A00265,2024-01-21,Credit,ATM,3620.08,Utility,Success
T009673,A00575,2024-04-22,Credit,Internet Banking,4195.24,Education,Success
T009674,A00192,2024-10-18,NEFT,Internet Banking,93821.51,Education,Success
T009675,A00424,2025-05-01,NEFT,Internet Banking,20522.55,Retail,Success
T009676,A00413,2025-08-05,UPI,Mobile,649.48,Travel,Success
T009677,A00575,2025-06-06,Debit,ATM,23175.72,Retail,Success
T009678,A00308,2024-08-22,Credit,Mobile,5237.63,Healthcare,Success
T009679,A00292,2025-02-07,UPI,Mobile,1924.05,Healthcare,Success
T009680,A00586,2025-08-31,UPI,Mobile,1964.76,Retail,Success
T009681,A00304,2024-06-04,NEFT,Internet Banking,59486.69,Healthcare,Failed
T009682,A00391,2025-01-18,UPI,Mobile,552.56,Travel,Success
T009683,A00049,2024-11-24,ATM,ATM,5000.0,Cash Withdrawal,Success
T009684,A00054,2025-07-21,UPI,Mobile,739.09,Utility,Failed
T009685,A00259,2025-07-11,Credit,Mobile,6936.0,Loan EMI,Success
T009686,A00083,2024-06-16,NEFT,Branch,17954.94,Education,Failed
T009687,A00080,2024-03-12,Debit,Mobile,17711.93,Travel,Success
T009688,A00058,2025-03-31,Debit,Internet Banking,13759.28,Investment,Failed
T009689,A00438,2025-10-23,NEFT,Internet Banking,48100.37,Healthcare,Failed
T009690,A00296,2025-04-10,IMPS,Branch,8680.75,Retail,Failed
T009691,A00503,2024-09-23,Debit,Internet Banking,12373.72,Travel,Success
T009692,A00162,2024-12-31,Credit,ATM,25464.23,Healthcare,Success
T009693,A00359,2025-03-30,UPI,Mobile,5680.8,Retail,Success
T009694,A00008,2024-02-07,NEFT,Mobile,23519.64,Education,Success
T009695,A00256,2024-02-19,ATM,ATM,658743.88,Cash Withdrawal,Success
T009696,A00215,2025-06-27,UPI,Mobile,2777.5,Healthcare,Success
T009697,A00385,2025-09-12,ATM,ATM,1000.0,Cash Withdrawal,Success
T009698,A00185,2024-10-19,Credit,ATM,5993.7,Cash Withdrawal,Reversed
T009699,A00260,2025-12-05,Credit,Mobile,3264.11,Travel,Success
T009700,A00422,2024-07-25,UPI,Mobile,389.11,Retail,Failed
T009701,A00581,2025-03-17,UPI,Mobile,3557.05,Travel,Success
T009702,A00364,2024-09-23,Debit,ATM,8207.41,Loan EMI,Success
T009703,A00302,2024-02-26,NEFT,Branch,21256.47,Education,Success
T009704,A00588,2025-06-26,UPI,Mobile,2547.75,Retail,Success
T009705,A00097,2025-08-04,Debit,Mobile,4072.84,Loan EMI,Success
T009706,A00202,2024-11-30,Credit,ATM,14703.79,Retail,Failed
T009707,A00199,2024-09-09,Debit,Mobile,9314.84,Healthcare,Success
T009708,A00257,2025-07-20,ATM,ATM,10000.0,Cash Withdrawal,Failed
T009709,A00222,2025-04-01,ATM,ATM,5000.0,Cash Withdrawal,Success
T009710,A00347,2025-06-20,Credit,Branch,33789.19,Healthcare,Success
T009711,A00300,2025-06-13,UPI,Mobile,1065.88,Utility,Success
T009712,A00371,2024-12-16,UPI,Mobile,1339.34,Utility,Success
T009713,A00192,2025-04-18,Debit,Mobile,3399.03,Investment,Success
T009714,A00040,2024-10-11,NEFT,Mobile,123777.99,Utility,Success
T009715,A00046,2024-10-04,IMPS,Branch,25655.68,Retail,Success
T009716,A00310,2025-10-06,Debit,Internet Banking,29207.02,Education,Success
T009717,A00522,2025-09-08,UPI,Mobile,272.4,Travel,Failed
T009718,A00479,2024-02-11,Credit,Mobile,12994.13,Education,Success
T009719,A00012,2024-10-03,UPI,Mobile,5467.0,Retail,Success
T009720,A00501,2024-01-22,NEFT,Mobile,20571.06,Retail,Success
T009721,A00228,2024-04-12,Credit,Mobile,12428.4,Utility,Success
T009722,A00240,2025-03-08,Credit,Branch,23876.04,Healthcare,Success
T009723,A00075,2025-07-31,Credit,Branch,8522.89,Utility,Success
T009724,A00541,2025-06-04,UPI,Mobile,370.15,Retail,Success
T009725,A00031,2025-04-28,Credit,ATM,7654.35,Travel,Success
T009726,A00529,2024-06-12,ATM,ATM,500.0,Cash Withdrawal,Success
T009727,A00541,2025-11-07,UPI,Mobile,1862.56,Utility,Success
T009728,A00415,2025-08-03,IMPS,Branch,40913.19,Utility,Failed
T009729,A00370,2024-07-23,ATM,ATM,255397.2,Cash Withdrawal,Success
T009730,A00303,2025-08-06,Debit,Branch,16729.56,Retail,Success
T009731,A00052,2025-04-27,ATM,ATM,10000.0,Cash Withdrawal,Success
T009732,A00284,2024-12-28,UPI,Mobile,726.9,Retail,Success
T009733,A00028,2025-04-25,IMPS,Internet Banking,109780.69,Healthcare,Success
T009734,A00343,2024-09-12,ATM,ATM,10000.0,Cash Withdrawal,Success
T009735,A00082,2025-03-27,NEFT,Internet Banking,17509.79,Investment,Success
T009736,A00146,2025-04-08,Debit,Branch,11431.23,Utility,Success
T009737,A00563,2025-03-08,Credit,Internet Banking,13421.35,Travel,Success
T009738,A00584,2024-07-13,Debit,Mobile,12593.91,Loan EMI,Success
T009739,A00382,2024-06-06,Debit,ATM,4626.75,Retail,Success
T009740,A00571,2024-08-04,Debit,Branch,24228.58,Travel,Failed
T009741,A00211,2025-10-29,NEFT,Mobile,22209.77,Healthcare,Success
T009742,A00329,2024-09-25,Debit,Mobile,14197.11,Healthcare,Success
T009743,A00584,2024-11-06,Debit,ATM,12351.82,Utility,Success
T009744,A00089,2024-04-22,Credit,Internet Banking,12317.17,Cash Withdrawal,Success
T009745,A00042,2025-02-19,Debit,Branch,3061.78,Retail,Failed
T009746,A00007,2024-01-27,UPI,Mobile,898.3,Healthcare,Success
T009747,A00199,2024-06-09,Credit,Branch,14109.32,Retail,Success
T009748,A00296,2025-04-21,IMPS,Internet Banking,8851.92,Education,Failed
T009749,A00315,2025-05-28,IMPS,Internet Banking,28456.44,Utility,Success
T009750,A00314,2024-12-10,Credit,Branch,11636.55,Utility,Success
T009751,A00563,2024-11-20,NEFT,Branch,51759.42,Retail,Success
T009752,A00343,2024-05-28,Credit,Branch,11474.68,Utility,Success
T009753,A00400,2024-11-09,Debit,Mobile,9500.63,Utility,Success
T009754,A00141,2024-01-28,UPI,Mobile,1802.76,Healthcare,Failed
T009755,A00226,2025-10-07,Debit,Mobile,9101.34,Loan EMI,Success
T009756,A00143,2024-01-14,UPI,Mobile,703.7,Travel,Success
T009757,A00202,2024-09-13,UPI,Mobile,996.92,Travel,Success
T009758,A00526,2024-09-28,Credit,Mobile,13994.09,Travel,Success
T009759,A00499,2025-05-04,Debit,Internet Banking,9558.11,Healthcare,Success
T009760,A00448,2025-10-09,NEFT,Branch,146508.9,Utility,Success
T009761,A00458,2024-11-14,ATM,ATM,20000.0,Cash Withdrawal,Success
T009762,A00007,2024-04-28,Credit,Mobile,4464.15,Education,Failed
T009763,A00565,2025-10-28,IMPS,Branch,43278.78,Retail,Success
T009764,A00326,2025-03-29,UPI,Mobile,2190.23,Utility,Failed
T009765,A00039,2025-07-26,UPI,Mobile,1572.41,Utility,Success
T009766,A00524,2024-06-15,Credit,Branch,8694.66,Retail,Success
T009767,A00018,2025-06-16,ATM,ATM,10000.0,Cash Withdrawal,Success
T009768,A00018,2025-12-31,ATM,ATM,5000.0,Cash Withdrawal,Success
T009769,A00586,2025-05-26,Debit,ATM,10670.76,Education,Success
T009770,A00416,2024-08-24,NEFT,Mobile,33219.1,Investment,Success
T009771,A00519,2025-03-06,NEFT,Internet Banking,89545.42,Education,Success
T009772,A00100,2024-12-17,ATM,ATM,5000.0,Cash Withdrawal,Success
T009773,A00180,2025-10-22,UPI,Mobile,244.89,Utility,Success
T009774,A00376,2024-11-16,Debit,Branch,5535.01,Healthcare,Failed
T009775,A00266,2024-03-14,Debit,Mobile,12792.47,Loan EMI,Success
T009776,A00265,2024-09-11,Credit,Internet Banking,20556.91,Utility,Success
T009777,A00144,2024-07-09,Credit,Branch,5805.01,Education,Success
T009778,A00009,2025-11-04,Debit,Branch,4708.09,Loan EMI,Success
T009779,A00464,2024-02-01,Credit,ATM,9819.52,Utility,Success
T009780,A00121,2024-02-01,ATM,ATM,10000.0,Cash Withdrawal,Success
T009781,A00411,2025-08-20,IMPS,Branch,16285.16,Healthcare,Success
T009782,A00358,2024-07-11,NEFT,Internet Banking,30387.11,Retail,Success
T009783,A00517,2025-04-26,Debit,Internet Banking,5649.81,Cash Withdrawal,Success
T009784,A00355,2025-12-30,IMPS,Branch,52325.84,Healthcare,Success
T009785,A00020,2024-09-30,ATM,ATM,1000.0,Cash Withdrawal,Success
T009786,A00313,2024-07-10,ATM,ATM,10000.0,Cash Withdrawal,Success
T009787,A00571,2025-03-22,UPI,Mobile,723.28,Retail,Success
T009788,A00055,2025-08-10,NEFT,Internet Banking,7520.49,Healthcare,Success
T009789,A00138,2025-04-05,NEFT,Branch,52451.26,Investment,Success
T009790,A00025,2024-09-14,IMPS,Internet Banking,33561.36,Investment,Success
T009791,A00411,2024-06-12,UPI,Mobile,1066.06,Utility,Success
T009792,A00132,2025-05-17,UPI,Mobile,1091.18,Retail,Success
T009793,A00245,2025-11-25,ATM,ATM,20000.0,Cash Withdrawal,Success
T009794,A00457,2025-11-02,Debit,Mobile,11653.85,Education,Success
T009795,A00079,2025-03-09,UPI,Mobile,569.56,Healthcare,Success
T009796,A00075,2025-09-07,Credit,Mobile,3621.76,Travel,Failed
T009797,A00287,2024-01-12,Debit,Internet Banking,5760.03,Cash Withdrawal,Success
T009798,A00024,2024-08-13,NEFT,Internet Banking,26564.36,Healthcare,Success
T009799,A00517,2024-10-24,UPI,Mobile,670.68,Retail,Success
T009800,A00191,2024-09-06,Credit,ATM,27075.99,Education,Success
T009801,A00422,2024-05-29,Debit,ATM,5762.29,Loan EMI,Failed
T009802,A00052,2025-12-20,NEFT,Internet Banking,34500.13,Healthcare,Success
T009803,A00255,2024-05-05,NEFT,Branch,46157.05,Education,Success
T009804,A00182,2025-12-21,ATM,ATM,10000.0,Cash Withdrawal,Success
T009805,A00381,2025-02-03,Debit,ATM,22172.31,Loan EMI,Success
T009806,A00215,2024-10-26,UPI,Mobile,4618.67,Travel,Success
T009807,A00164,2025-02-23,Debit,ATM,36618.71,Cash Withdrawal,Success
T009808,A00265,2024-04-24,IMPS,Mobile,69952.46,Education,Success
T009809,A00565,2025-09-17,Debit,Mobile,19508.44,Education,Success
T009810,A00178,2025-07-18,Debit,Internet Banking,4965.94,Healthcare,Success
T009811,A00573,2024-01-25,NEFT,Internet Banking,48008.06,Education,Success
T009812,A00491,2024-05-07,Credit,Mobile,9051.55,Loan EMI,Success
T009813,A00374,2024-11-27,NEFT,Internet Banking,27890.01,Healthcare,Success
T009814,A00213,2024-03-19,Debit,Internet Banking,8081.65,Cash Withdrawal,Success
T009815,A00014,2025-04-01,Debit,Internet Banking,4879.86,Investment,Success
T009816,A00370,2025-06-18,Credit,Branch,7185.12,Cash Withdrawal,Success
T009817,A00286,2025-04-19,IMPS,Mobile,16182.05,Healthcare,Success
T009818,A00410,2025-02-21,ATM,ATM,5000.0,Cash Withdrawal,Failed
T009819,A00126,2024-07-05,IMPS,Internet Banking,6276.23,Education,Reversed
T009820,A00527,2025-05-23,NEFT,Mobile,79438.18,Education,Success
T009821,A00032,2025-02-09,NEFT,Branch,34000.14,Retail,Success
T009822,A00131,2024-03-29,Debit,ATM,11252.12,Investment,Success
T009823,A00186,2025-09-23,NEFT,Mobile,31794.28,Retail,Success
T009824,A00151,2024-09-21,ATM,ATM,500.0,Cash Withdrawal,Success
T009825,A00514,2025-04-25,IMPS,Internet Banking,66389.99,Investment,Success
T009826,A00056,2024-06-03,UPI,Mobile,1676.11,Healthcare,Failed
T009827,A00164,2025-11-22,IMPS,Internet Banking,81088.75,Utility,Success
T009828,A00337,2024-02-04,Debit,Internet Banking,16075.01,Healthcare,Success
T009829,A00185,2024-01-17,NEFT,Internet Banking,18697.07,Utility,Success
T009830,A00527,2025-05-13,Debit,Internet Banking,22492.02,Healthcare,Success
T009831,A00329,2025-04-20,UPI,Mobile,1903.07,Retail,Success
T009832,A00300,2025-08-21,IMPS,Mobile,31266.6,Investment,Success
T009833,A00004,2025-06-15,Credit,Mobile,19038.62,Healthcare,Success
T009834,A00278,2024-01-22,ATM,ATM,5000.0,Cash Withdrawal,Success
T009835,A00558,2025-01-22,ATM,ATM,500.0,Cash Withdrawal,Success
T009836,A00406,2024-10-23,Debit,Branch,11033.34,Education,Success
T009837,A00047,2025-03-25,NEFT,Mobile,54295.47,Healthcare,Reversed
T009838,A00091,2024-02-10,UPI,Mobile,509.31,Healthcare,Success
T009839,A00248,2025-08-14,UPI,Mobile,1557.48,Retail,Success
T009840,A00173,2025-05-07,NEFT,Mobile,19727.34,Healthcare,Success
T009841,A00588,2024-01-15,Credit,Branch,35854.27,Retail,Success
T009842,A00208,2024-12-05,Credit,ATM,23708.75,Travel,Failed
T009843,A00566,2025-04-09,IMPS,Mobile,38909.06,Education,Success
T009844,A00532,2024-02-27,Credit,Internet Banking,22390.82,Healthcare,Success
T009845,A00105,2024-05-15,NEFT,Branch,20014.12,Utility,Success
T009846,A00202,2024-10-07,Credit,Mobile,7835.97,Investment,Success
T009847,A00037,2024-04-03,Credit,Branch,1953.68,Retail,Success
T009848,A00145,2025-04-04,IMPS,Internet Banking,52449.89,Utility,Success
T009849,A00039,2025-06-05,UPI,Mobile,167.02,Travel,Failed
T009850,A00306,2024-03-28,UPI,Mobile,948.22,Healthcare,Success
T009851,A00112,2025-09-05,Debit,Internet Banking,4190.57,Cash Withdrawal,Success
T009852,A00383,2025-05-22,UPI,Mobile,3019.37,Travel,Success
T009853,A00578,2024-07-21,UPI,Mobile,5323.74,Healthcare,Success
T009854,A00365,2024-07-20,UPI,Mobile,2671.38,Travel,Success
T009855,A00281,2024-04-25,UPI,Mobile,2353.44,Retail,Success
T009856,A00427,2024-08-28,Credit,Branch,12508.49,Loan EMI,Success
T009857,A00389,2025-02-26,UPI,Mobile,1653.81,Healthcare,Success
T009858,A00214,2025-04-21,ATM,ATM,20000.0,Cash Withdrawal,Success
T009859,A00570,2025-06-17,NEFT,Branch,17248.8,Retail,Success
T009860,A00435,2025-03-22,Debit,Mobile,3111.37,Investment,Success
T009861,A00323,2025-06-22,UPI,Mobile,1628.02,Healthcare,Reversed
T009862,A00556,2024-01-25,Credit,ATM,13473.63,Travel,Success
T009863,A00146,2025-11-08,ATM,ATM,5000.0,Cash Withdrawal,Success
T009864,A00005,2024-06-09,Credit,Mobile,13418.89,Healthcare,Success
T009865,A00343,2025-10-13,UPI,Mobile,2116.45,Retail,Success
T009866,A00141,2025-01-20,NEFT,Branch,55109.52,Healthcare,Failed
T009867,A00574,2024-07-03,UPI,Mobile,1575.66,Retail,Success
T009868,A00037,2025-02-11,Credit,Mobile,5436.46,Travel,Success
T009869,A00176,2025-02-17,IMPS,Internet Banking,45501.81,Retail,Success
T009870,A00063,2025-09-15,NEFT,Mobile,52830.19,Utility,Success
T009871,A00250,2024-07-04,Debit,Branch,8819.93,Investment,Failed
T009872,A00425,2025-12-13,Debit,ATM,16560.1,Retail,Success
T009873,A00510,2024-08-07,Credit,Mobile,612477.47,Utility,Success
T009874,A00178,2024-07-01,Credit,Branch,4840.43,Travel,Success
T009875,A00100,2025-09-25,UPI,Mobile,6523.43,Travel,Success
T009876,A00481,2024-09-05,Debit,ATM,8514.2,Retail,Success
T009877,A00420,2024-09-07,Debit,Internet Banking,5129.91,Utility,Success
T009878,A00459,2024-05-22,Debit,Internet Banking,6579.2,Investment,Success
T009879,A00479,2024-10-10,Credit,Internet Banking,1313.75,Investment,Success
T009880,A00089,2024-06-27,Credit,Mobile,9005.31,Retail,Success
T009881,A00505,2024-02-26,UPI,Mobile,663678.94,Healthcare,Reversed
T009882,A00207,2024-03-14,Debit,Internet Banking,12381.55,Education,Success
T009883,A00119,2024-06-12,Debit,Branch,6119.72,Education,Success
T009884,A00271,2024-12-17,IMPS,Mobile,32540.43,Retail,Success
T009885,A00085,2025-12-05,NEFT,Mobile,32751.12,Investment,Success
T009886,A00362,2025-07-28,UPI,Mobile,1162.41,Travel,Failed
T009887,A00407,2025-04-12,ATM,ATM,1000.0,Cash Withdrawal,Success
T009888,A00232,2025-04-06,NEFT,Branch,62667.7,Utility,Success
T009889,A00111,2024-09-02,Debit,Internet Banking,13576.74,Cash Withdrawal,Success
T009890,A00011,2025-12-20,Credit,Branch,5319.9,Education,Success
T009891,A00236,2024-07-12,ATM,ATM,20000.0,Cash Withdrawal,Success
T009892,A00014,2024-04-30,Credit,Mobile,19064.99,Cash Withdrawal,Success
T009893,A00234,2025-10-13,Debit,ATM,23053.63,Retail,Success
T009894,A00054,2024-02-28,Debit,Mobile,13857.15,Education,Success
T009895,A00041,2025-01-25,UPI,Mobile,1259.6,Retail,Success
T009896,A00152,2024-04-24,ATM,ATM,5000.0,Cash Withdrawal,Success
T009897,A00441,2025-05-11,Credit,ATM,7442.7,Retail,Success
T009898,A00470,2025-05-23,Credit,ATM,27828.89,Education,Success
T009899,A00519,2025-12-25,Credit,Internet Banking,13163.6,Education,Success
T009900,A00132,2024-04-14,UPI,Mobile,1612.79,Retail,Success
T009901,A00216,2024-04-21,Debit,Branch,4456.37,Education,Success
T009902,A00395,2024-09-07,IMPS,Mobile,16808.33,Investment,Failed
T009903,A00350,2025-02-24,UPI,Mobile,399.77,Retail,Success
T009904,A00382,2024-06-24,Debit,ATM,9210.04,Investment,Success
T009905,A00575,2024-01-08,Debit,Mobile,7326.78,Education,Success
T009906,A00017,2024-10-02,UPI,Mobile,1671.62,Retail,Success
T009907,A00003,2024-01-24,Credit,ATM,21277.11,Retail,Success
T009908,A00502,2024-06-22,Debit,Internet Banking,16619.14,Utility,Success
T009909,A00487,2024-12-25,NEFT,Internet Banking,60257.26,Education,Failed
T009910,A00354,2024-09-26,Credit,Internet Banking,20951.94,Utility,Success
T009911,A00194,2024-09-14,NEFT,Mobile,17961.75,Investment,Success
T009912,A00101,2025-10-01,NEFT,Branch,24868.79,Education,Success
T009913,A00328,2025-03-14,IMPS,Internet Banking,22296.57,Retail,Success
T009914,A00398,2025-01-22,Debit,Mobile,17159.82,Investment,Success
T009915,A00590,2025-06-07,UPI,Mobile,515.39,Utility,Failed
T009916,A00517,2025-07-25,NEFT,Branch,82542.11,Education,Success
T009917,A00527,2024-05-09,UPI,Mobile,1056.58,Travel,Success
T009918,A00554,2025-07-18,Credit,Mobile,4586.7,Utility,Success
T009919,A00203,2025-11-09,NEFT,Internet Banking,24938.51,Investment,Success
T009920,A00133,2025-08-11,ATM,ATM,10000.0,Cash Withdrawal,Success
T009921,A00444,2025-08-10,ATM,ATM,500.0,Cash Withdrawal,Success
T009922,A00336,2024-08-30,Debit,Internet Banking,8612.51,Retail,Failed
T009923,A00538,2024-12-03,ATM,ATM,5000.0,Cash Withdrawal,Success
T009924,A00124,2025-10-28,Credit,Mobile,9480.1,Loan EMI,Success
T009925,A00570,2025-06-16,ATM,ATM,20000.0,Cash Withdrawal,Success
T009926,A00417,2025-03-08,IMPS,Branch,30075.95,Retail,Success
T009927,A00147,2024-06-13,NEFT,Internet Banking,67600.38,Retail,Failed
T009928,A00323,2024-11-15,Debit,Mobile,13314.98,Loan EMI,Success
T009929,A00337,2024-11-05,UPI,Mobile,543.93,Utility,Success
T009930,A00069,2025-11-27,IMPS,Internet Banking,25823.13,Healthcare,Success
T009931,A00270,2025-10-21,ATM,ATM,20000.0,Cash Withdrawal,Success
T009932,A00203,2025-01-30,IMPS,Mobile,21779.7,Education,Success
T009933,A00577,2024-08-11,Credit,Branch,11227.65,Utility,Success
T009934,A00116,2025-12-17,Debit,Internet Banking,10197.4,Retail,Success
T009935,A00383,2025-02-06,NEFT,Internet Banking,99018.19,Utility,Success
T009936,A00064,2025-04-22,IMPS,Branch,60082.92,Education,Success
T009937,A00310,2024-02-28,UPI,Mobile,2270.78,Healthcare,Reversed
T009938,A00053,2024-12-10,UPI,Mobile,173.34,Utility,Success
T009939,A00141,2025-05-29,NEFT,Mobile,58519.18,Investment,Success
T009940,A00571,2025-09-27,UPI,Mobile,259.93,Retail,Failed
T009941,A00462,2024-10-17,NEFT,Branch,23376.85,Healthcare,Success
T009942,A00260,2024-06-07,Debit,ATM,8463.34,Loan EMI,Success
T009943,A00115,2024-08-12,Debit,Internet Banking,20348.26,Healthcare,Success
T009944,A00235,2024-09-18,Debit,Branch,5167.19,Education,Success
T009945,A00522,2024-04-24,Debit,ATM,9497.65,Investment,Success
T009946,A00462,2025-07-29,NEFT,Branch,10563.66,Investment,Success
T009947,A00191,2024-11-13,UPI,Mobile,2147.17,Healthcare,Success
T009948,A00143,2024-12-03,UPI,Mobile,1028.92,Healthcare,Success
T009949,A00200,2024-04-05,Debit,ATM,12019.94,Investment,Success
T009950,A00452,2024-06-03,Credit,Internet Banking,846.18,Retail,Success
T009951,A00292,2024-09-29,UPI,Mobile,569.16,Travel,Success
T009952,A00377,2024-11-26,ATM,ATM,5000.0,Cash Withdrawal,Success
T009953,A00533,2024-11-16,Credit,ATM,12259.75,Education,Success
T009954,A00423,2024-08-02,UPI,Mobile,2367.24,Healthcare,Reversed
T009955,A00332,2024-10-05,UPI,Mobile,3887.64,Utility,Success
T009956,A00490,2025-05-22,ATM,ATM,500.0,Cash Withdrawal,Failed
T009957,A00288,2024-12-02,UPI,Mobile,3516.3,Healthcare,Success
T009958,A00486,2025-04-09,NEFT,Internet Banking,20981.09,Retail,Success
T009959,A00149,2025-01-24,Debit,Mobile,11887.82,Healthcare,Success
T009960,A00385,2024-05-18,IMPS,Internet Banking,55669.35,Investment,Success
T009961,A00519,2024-07-14,ATM,ATM,500.0,Cash Withdrawal,Success
T009962,A00126,2025-06-06,UPI,Mobile,1869.44,Utility,Success
T009963,A00233,2024-05-12,ATM,ATM,500.0,Cash Withdrawal,Success
T009964,A00501,2024-09-20,UPI,Mobile,1138.79,Travel,Success
T009965,A00366,2025-10-20,Credit,Internet Banking,12229.86,Travel,Success
T009966,A00334,2024-09-27,NEFT,Internet Banking,79361.11,Utility,Success
T009967,A00564,2025-05-11,IMPS,Branch,32512.44,Utility,Success
T009968,A00447,2025-10-30,Credit,ATM,15064.95,Investment,Success
T009969,A00416,2024-09-22,Credit,Internet Banking,12757.15,Investment,Success
T009970,A00168,2025-03-29,Credit,Branch,6741.01,Utility,Success
T009971,A00439,2024-09-07,Credit,Internet Banking,20274.99,Loan EMI,Success
T009972,A00318,2024-02-17,UPI,Mobile,1480.72,Utility,Success
T009973,A00565,2024-03-16,IMPS,Mobile,25687.05,Retail,Success
T009974,A00228,2024-06-16,NEFT,Internet Banking,39740.75,Investment,Success
T009975,A00119,2025-04-11,ATM,ATM,2000.0,Cash Withdrawal,Success
T009976,A00177,2025-11-25,UPI,Mobile,3275.16,Utility,Success
T009977,A00503,2024-06-12,Debit,Internet Banking,12150.43,Healthcare,Success
T009978,A00026,2025-12-11,Debit,Mobile,12004.87,Healthcare,Success
T009979,A00393,2024-08-07,Credit,ATM,14766.03,Loan EMI,Success
T009980,A00277,2025-07-17,NEFT,Mobile,54458.81,Education,Success
T009981,A00516,2025-10-22,UPI,Mobile,1227.07,Travel,Success
T009982,A00366,2025-01-20,NEFT,Branch,30441.49,Retail,Success
T009983,A00560,2024-03-07,UPI,Mobile,1156.05,Healthcare,Reversed
T009984,A00037,2025-07-15,Debit,Mobile,14683.4,Cash Withdrawal,Success
T009985,A00513,2025-04-13,Debit,Branch,10704.92,Education,Success
T009986,A00244,2024-12-31,UPI,Mobile,1536.74,Utility,Success
T009987,A00580,2025-02-23,UPI,Mobile,1575.04,Retail,Success
T009988,A00148,2024-08-25,ATM,ATM,500.0,Cash Withdrawal,Success
T009989,A00435,2025-05-26,NEFT,Mobile,11941.42,Education,Success
T009990,A00263,2024-09-06,Debit,Internet Banking,16111.19,Education,Success
T009991,A00175,2025-06-06,Credit,Internet Banking,8891.07,Retail,Failed
T009992,A00505,2025-05-26,UPI,Mobile,1492.97,Travel,Success
T009993,A00189,2025-08-15,NEFT,Mobile,23717.76,Utility,Success
T009994,A00147,2024-08-05,UPI,Mobile,632.92,Retail,Success
T009995,A00273,2025-03-08,NEFT,Mobile,37795.44,Investment,Success
T009996,A00365,2024-11-02,Debit,Branch,14143.73,Travel,Success
T009997,A00096,2024-06-28,UPI,Mobile,6453.32,Healthcare,Success
T009998,A00274,2024-05-03,NEFT,Branch,22220.2,Retail,Success
T009999,A00156,2025-10-22,UPI,Mobile,2617.7,Utility,Success
T010000,A00352,2025-12-17,IMPS,Branch,26739.67,Utility,Success
